corpus	language	path	bytes	chars	lines	tokens	digest	bytes_per_token	tokens_per_line
python-stdlib	Python	xmlrpc/client.py	48569	48569	1503	11194	ba65226a	4.3388	7.4478
python-stdlib	Python	multiprocessing/resource_tracker.py	19073	19073	495	4141	bb039006	4.6059	8.3657
python-stdlib	Python	encodings/euc_jis_2004.py	1051	1051	39	256	29fc51bb	4.1055	6.5641
python-stdlib	Python	encodings/mac_greek.py	13721	13721	307	5243	51e79430	2.6170	17.0782
python-stdlib	Python	email/_parseaddr.py	18121	18121	563	4372	fc8a7f73	4.1448	7.7655
python-stdlib	Python	unittest/__main__.py	472	472	18	121	9ca5404a	3.9008	6.7222
python-stdlib	Python	importlib/_bootstrap_external.py	57685	57685	1562	12241	1ff58717	4.7124	7.8367
python-stdlib	Python	encodings/iso8859_5.py	13015	13015	307	5127	0a8a5394	2.5385	16.7003
python-stdlib	Python	decimal.py	2826	2826	109	813	bbf196f8	3.4760	7.4587
python-stdlib	Python	encodings/cp1250.py	13686	13686	307	5098	a5676996	2.6846	16.6059
python-stdlib	Python	multiprocessing/shared_memory.py	18916	18916	544	3999	3ca70cf8	4.7302	7.3511
python-stdlib	Python	sre_constants.py	232	232	7	62	96ab26fc	3.7419	8.8571
python-stdlib	Python	contextlib.py	27801	27801	814	5692	c6f5f6e8	4.8842	6.9926
python-stdlib	Python	xml/sax/saxutils.py	12255	12255	369	2758	56218c68	4.4434	7.4743
python-stdlib	Python	email/mime/application.py	1316	1316	37	275	9639c94c	4.7855	7.4324
python-stdlib	Python	cProfile.py	7122	7122	205	1534	6207a5a5	4.6428	7.4829
python-stdlib	Python	email/header.py	24459	24459	582	5412	f997643a	4.5194	9.2990
python-stdlib	Python	dbm/gnu.py	72	72	3	21	07781bda	3.4286	7.0000
python-stdlib	Python	importlib/resources/abc.py	5203	5203	173	1083	28657d5e	4.8042	6.2601
python-stdlib	Python	zipfile/__main__.py	58	58	4	16	9d8f7988	3.6250	4.0000
python-stdlib	Python	_pyrepl/simple_interact.py	5981	5981	181	1328	080117e6	4.5038	7.3370
python-stdlib	Python	tomllib/__init__.py	308	308	10	86	0653c1a6	3.5814	8.6000
python-stdlib	Python	encodings/cp1256.py	12814	12814	307	5102	3b33c502	2.5116	16.6189
python-stdlib	Python	_pyrepl/__main__.py	422	422	10	105	d004522c	4.0190	10.5000
python-stdlib	Python	socket.py	37536	37536	992	8537	9f9ba3dc	4.3969	8.6058
python-stdlib	Python	sqlite3/__main__.py	4288	4288	139	914	b31c1126	4.6915	6.5755
python-stdlib	Python	json/__init__.py	14132	14132	365	3644	4ddae389	3.8782	9.9836
python-stdlib	Python	turtledemo/peace.py	1004	1004	58	277	0167c03b	3.6245	4.7759
python-stdlib	Python	turtledemo/minimal_hanoi.py	1879	1879	73	549	ab9ec09a	3.4226	7.5205
python-stdlib	Python	_strptime.py	35516	35413	822	9014	1e22d15a	3.9401	10.9659
python-stdlib	Python	random.py	37411	37410	1083	9201	b71d6047	4.0660	8.4958
python-stdlib	Python	ctypes/wintypes.py	5753	5753	210	1528	bd6202b9	3.7651	7.2762
python-stdlib	Python	unittest/main.py	11660	11660	280	2292	63bf371a	5.0873	8.1857
python-stdlib	Python	encodings/iso8859_1.py	13176	13176	307	4927	d4bcdb54	2.6742	16.0489
python-stdlib	Python	sre_parse.py	229	229	7	62	228ceaf6	3.6935	8.8571
python-stdlib	Python	pkgutil.py	16055	16055	474	3544	7c684e0f	4.5302	7.4768
python-stdlib	Python	importlib/resources/_adapters.py	4482	4482	168	951	85b76adb	4.7129	5.6607
python-stdlib	Python	importlib/_bootstrap.py	57937	57937	1570	12262	c3bdcebf	4.7249	7.8102
python-stdlib	Python	unittest/signals.py	2403	2403	71	465	9b00b018	5.1677	6.5493
python-stdlib	Python	turtledemo/clock.py	3128	3128	132	905	a96e5869	3.4564	6.8561
python-stdlib	Python	io.py	4736	4736	150	1155	c2123a9d	4.1004	7.7000
python-stdlib	Python	fnmatch.py	6791	6791	209	1553	c7332166	4.3728	7.4306
python-stdlib	Python	encodings/cp866.py	34396	34396	698	14492	d56dfb36	2.3734	20.7622
python-stdlib	Python	filecmp.py	10652	10652	320	2535	4c56a794	4.2020	7.9219
python-stdlib	Python	_py_warnings.py	30631	30631	869	6841	5679a869	4.4776	7.8723
python-stdlib	Python	_pyrepl/pager.py	5815	5815	175	1445	c7cd6d20	4.0242	8.2571
python-stdlib	Python	encodings/cp1140.py	13105	13105	307	4895	ecc7a8a0	2.6772	15.9446
python-stdlib	Python	token.py	2584	2584	144	981	db5599e3	2.6340	6.8125
python-stdlib	Python	opcode.py	3152	3152	122	924	125bfc5f	3.4113	7.5738
python-stdlib	Python	concurrent/futures/process.py	38376	38376	942	7904	f0288ecc	4.8553	8.3907
python-stdlib	Python	gzip.py	25247	25247	719	5771	1d6d65cf	4.3748	8.0264
python-stdlib	Python	xml/etree/cElementTree.py	82	82	3	18	48935e87	4.5556	6.0000
python-stdlib	Python	multiprocessing/pool.py	32768	32768	957	6871	f985c100	4.7690	7.1797
python-stdlib	Python	xml/parsers/__init__.py	167	167	8	33	67283752	5.0606	4.1250
python-stdlib	Python	concurrent/futures/_base.py	24197	24197	680	4853	15fbb8ca	4.9860	7.1368
python-stdlib	Python	_pyrepl/main.py	1870	1870	58	451	f1e85c99	4.1463	7.7759
python-stdlib	Python	importlib/resources/_functional.py	2651	2651	81	589	3702ab64	4.5008	7.2716
python-stdlib	Python	turtledemo/chaos.py	911	911	57	361	13995925	2.5235	6.3333
python-stdlib	Python	csv.py	19186	19186	513	4318	c2dfbfc2	4.4433	8.4172
python-stdlib	Python	email/headerregistry.py	21244	21244	618	4577	f679254d	4.6415	7.4061
python-stdlib	Python	encodings/utf_8_sig.py	4133	4133	130	942	988c9716	4.3875	7.2462
python-stdlib	Python	email/errors.py	3809	3809	117	807	4ba9a287	4.7200	6.8974
python-stdlib	Python	multiprocessing/popen_forkserver.py	2230	2230	74	506	86896168	4.4071	6.8378
python-stdlib	Python	turtledemo/penrose.py	3316	3316	172	1115	034d0c9a	2.9740	6.4826
python-stdlib	Python	_pyrepl/terminfo.py	18450	18450	488	6195	782ec8ca	2.9782	12.6947
python-stdlib	Python	ctypes/util.py	20207	20207	544	4551	b2ca8a33	4.4401	8.3658
python-stdlib	Python	curses/panel.py	87	87	6	20	7b5e05e3	4.3500	3.3333
python-stdlib	Python	urllib/robotparser.py	12122	12122	355	2630	50bffae9	4.6091	7.4085
python-stdlib	Python	email/mime/text.py	1389	1389	40	324	dd69d87e	4.2870	8.1000
python-stdlib	Python	sysconfig/__main__.py	9228	9228	276	2157	079399da	4.2782	7.8152
python-stdlib	Python	turtledemo/__main__.py	15340	15340	399	3530	3b8e38f8	4.3456	8.8471
python-stdlib	Python	Tools/scripts/combinerefs.py	4454	4454	129	1112	146d7a9c	4.0054	8.6202
python-stdlib	Python	encodings/cp855.py	33850	33850	698	14584	6332353e	2.3210	20.8940
python-stdlib	Python	wave.py	23254	23254	665	5330	9771e628	4.3629	8.0150
python-stdlib	Python	encodings/cp869.py	32965	32965	689	14291	cf9eb7c4	2.3067	20.7417
python-stdlib	Python	struct.py	285	285	15	84	7a3941d0	3.3929	5.6000
python-stdlib	Python	nturl2path.py	2443	2443	74	642	bea3c85b	3.8053	8.6757
python-stdlib	Python	encodings/rot_13.py	2448	2448	113	1014	f59d90cd	2.4142	8.9735
python-stdlib	Python	calendar.py	29863	29863	926	7509	79e15d46	3.9770	8.1091
python-stdlib	Python	asyncio/trsock.py	2475	2475	98	556	1d07bb30	4.4514	5.6735
python-stdlib	Python	_ios_support.py	2672	2672	71	673	65390c0a	3.9703	9.4789
python-stdlib	Python	textwrap.py	19382	19382	475	4342	5d8875d3	4.4638	9.1411
python-stdlib	Python	concurrent/interpreters/_queues.py	8688	8688	290	2001	a6c138b8	4.3418	6.9000
python-stdlib	Python	_pyrepl/unix_eventqueue.py	2554	2554	77	672	ddea4eef	3.8006	8.7273
python-stdlib	Python	_pylong.py	28356	28356	729	7972	4770fa49	3.5569	10.9355
python-stdlib	Python	asyncio/base_tasks.py	2672	2672	94	682	2c3fb39c	3.9179	7.2553
python-stdlib	Python	turtledemo/lindenmayer.py	2373	2373	116	626	65091810	3.7907	5.3966
python-stdlib	Python	ftplib.py	35240	35238	975	8374	d8f6b246	4.2083	8.5887
python-stdlib	Python	poplib.py	14604	14604	477	3378	d47999ee	4.3233	7.0818
python-stdlib	Python	xml/etree/ElementInclude.py	6952	6952	186	1552	6de14617	4.4794	8.3441
python-stdlib	Python	datetime.py	331	331	13	86	53dc8d39	3.8488	6.6154
python-stdlib	Python	unittest/runner.py	11383	11383	313	2447	ecc3f325	4.6518	7.8179
python-stdlib	Python	os.py	41958	41958	1191	9868	54442796	4.2519	8.2855
python-stdlib	Python	plistlib.py	30024	30024	948	7214	0da6c07b	4.1619	7.6097
python-stdlib	Python	_collections_abc.py	32147	32147	1172	7228	02487173	4.4476	6.1672
python-stdlib	Python	_pyrepl/console.py	6866	6866	229	1486	5178a9b9	4.6205	6.4891
python-stdlib	Python	weakref.py	17771	17771	574	3976	0ef56052	4.4696	6.9268
python-stdlib	Python	asyncio/protocols.py	6957	6957	216	1459	c763e86d	4.7683	6.7546
python-stdlib	Python	encodings/mac_romanian.py	13661	13661	307	5057	d97f99db	2.7014	16.4723
python-stdlib	Python	asyncio/timeouts.py	5985	5985	183	1322	a1dc6915	4.5272	7.2240
python-stdlib	Python	configparser.py	55568	55568	1422	11719	5423d78c	4.7417	8.2412
python-stdlib	Python	asyncio/constants.py	1413	1413	41	364	e537502a	3.8819	8.8780
python-stdlib	Python	platform.py	49128	49126	1515	11700	66e00dc1	4.1990	7.7228
python-stdlib	Python	encodings/big5.py	1019	1019	39	234	ab5bb1ff	4.3547	6.0000
python-stdlib	Python	encodings/cp860.py	34681	34681	698	14411	6f621ac3	2.4066	20.6461
python-stdlib	Python	copyreg.py	7716	7716	222	1777	0a7071a7	4.3421	8.0045
python-stdlib	Python	unittest/result.py	9269	9269	259	2005	6b75bebf	4.6229	7.7413
python-stdlib	Python	encodings/shift_jis.py	1039	1039	39	240	736ed9bd	4.3292	6.1538
python-stdlib	Python	cmd.py	15411	15411	414	3199	53b41f84	4.8174	7.7271
python-stdlib	Python	copy.py	8582	8582	286	2018	0fc2733c	4.2527	7.0559
python-stdlib	Python	tempfile.py	33009	33009	977	7361	45fe65c4	4.4843	7.5343
python-stdlib	Python	asyncio/locks.py	20578	20578	617	4423	cceb4023	4.6525	7.1686
python-stdlib	Python	encodings/cp864.py	33663	33663	690	14710	9ccdd74a	2.2884	21.3188
python-stdlib	Python	zoneinfo/__init__.py	917	917	34	234	456eb922	3.9188	6.8824
python-stdlib	Python	importlib/readers.py	327	327	12	81	8915f613	4.0370	6.7500
python-stdlib	Python	asyncio/runners.py	7491	7491	226	1559	c6ff3e96	4.8050	6.8982
python-stdlib	Python	urllib/parse.py	46970	46962	1289	11223	1ccd451c	4.1852	8.7067
python-stdlib	Python	importlib/metadata/_text.py	2166	2166	99	559	cb75b714	3.8748	5.6465
python-stdlib	Python	code.py	13443	13443	396	2815	b30dd4c7	4.7755	7.1086
python-stdlib	Python	unittest/_log.py	2746	2746	86	555	978b8292	4.9477	6.4535
python-stdlib	Python	multiprocessing/connection.py	43841	43841	1232	9465	5c3ed53a	4.6319	7.6826
python-stdlib	Python	encodings/gb2312.py	1027	1027	39	238	c7bee4ab	4.3151	6.1026
python-stdlib	Python	asyncio/sslproto.py	31869	31869	929	6729	5bc9a736	4.7361	7.2433
python-stdlib	Python	encodings/iso8859_3.py	13089	13089	307	4895	cd1b6f38	2.6740	15.9446
python-stdlib	Python	asyncio/staggered.py	7352	7352	179	1548	310e1f7a	4.7494	8.6480
python-stdlib	Python	tokenize.py	21849	21849	598	5254	756a95d4	4.1585	8.7860
python-stdlib	Python	encodings/utf_16_be.py	1037	1037	42	237	468c0f1c	4.3755	5.6429
python-stdlib	Python	tkinter/dnd.py	11644	11644	324	2721	0f5b19fe	4.2793	8.3981
python-stdlib	Python	_apple_support.py	2256	2256	66	522	637e5503	4.3218	7.9091
python-stdlib	Python	multiprocessing/popen_fork.py	3110	3110	100	670	a83c0826	4.6418	6.7000
python-stdlib	Python	importlib/resources/simple.py	2590	2590	106	554	9d89dd15	4.6751	5.2264
python-stdlib	Python	encodings/aliases.py	16255	16255	568	5850	7b8b3c0a	2.7786	10.2993
python-stdlib	Python	tkinter/constants.py	1493	1493	110	483	3f593d08	3.0911	4.3909
python-stdlib	Python	turtledemo/rosette.py	1324	1324	63	400	bca7ef95	3.3100	6.3492
python-stdlib	Python	asyncio/threads.py	794	794	26	179	6e4cdf9c	4.4358	6.8846
python-stdlib	Python	Tools/scripts/long_conv_tables.py	1875	1875	75	491	0f3fcc70	3.8187	6.5467
python-stdlib	Python	__phello__/__init__.py	97	97	7	24	58c77f4b	4.0417	3.4286
python-stdlib	Python	json/encoder.py	16990	16990	461	3561	a828ab2b	4.7711	7.7245
python-stdlib	Python	abc.py	6538	6538	188	1381	cc0bc537	4.7343	7.3457
python-stdlib	Python	ensurepip/__main__.py	88	88	5	24	588098a6	3.6667	4.8000
python-stdlib	Python	string/templatelib.py	956	956	33	209	9eb3ade8	4.5742	6.3333
python-stdlib	Python	encodings/cp1006.py	13568	13568	307	5334	001a1273	2.5437	17.3746
python-stdlib	Python	xml/dom/NodeFilter.py	936	936	27	244	94bcd737	3.8361	9.0370
python-stdlib	Python	__hello__.py	227	227	16	73	6f8be7ac	3.1096	4.5625
python-stdlib	Python	tkinter/__main__.py	148	148	7	44	faf22219	3.3636	6.2857
python-stdlib	Python	encodings/iso8859_13.py	13271	13271	307	4984	b1993165	2.6627	16.2345
python-stdlib	Python	compression/gzip.py	64	64	5	18	471b0115	3.5556	3.6000
python-stdlib	Python	rlcompleter.py	7823	7823	222	1605	ce3a7bcf	4.8741	7.2297
python-stdlib	Python	html/parser.py	21734	21734	553	5197	d3820606	4.1820	9.3978
python-stdlib	Python	multiprocessing/queues.py	12658	12658	399	2741	16571e4b	4.6180	6.8697
python-stdlib	Python	_compat_pickle.py	8735	8735	251	2381	4ab65b6b	3.6686	9.4861
python-stdlib	Python	encodings/shift_jis_2004.py	1059	1059	39	252	0896d77f	4.2024	6.4615
python-stdlib	Python	selectors.py	19457	19457	603	4200	e57c0430	4.6326	6.9652
python-stdlib	Python	asyncio/tasks.py	40427	40427	1144	8754	23e678eb	4.6181	7.6521
python-stdlib	Python	tracemalloc.py	18047	18047	560	3870	7725a398	4.6633	6.9107
python-stdlib	Python	xml/etree/ElementPath.py	13997	13997	423	3094	f74c3978	4.5239	7.3144
python-stdlib	Python	compression/lzma.py	64	64	5	22	ab1f3859	2.9091	4.4000
python-stdlib	Python	turtledemo/fractalcurves.py	3418	3418	135	1019	663d4872	3.3543	7.5481
python-stdlib	Python	ensurepip/__init__.py	8240	8240	265	1891	be6c1833	4.3575	7.1358
python-stdlib	Python	multiprocessing/heap.py	11626	11626	337	2693	94513346	4.3171	7.9911
python-stdlib	Python	_pyrepl/readline.py	21414	21414	620	4938	7e3ab222	4.3366	7.9645
python-stdlib	Python	venv/__init__.py	31390	31387	700	6336	55a136d6	4.9542	9.0514
python-stdlib	Python	encodings/cp273.py	14132	14132	307	5157	2685cca2	2.7404	16.7980
python-stdlib	Python	_pyrepl/_module_completer.py	15195	15195	426	3233	6de9501a	4.7000	7.5892
python-stdlib	Python	encodings/__init__.py	5945	5945	182	1315	d1cb56b6	4.5209	7.2253
python-stdlib	Python	xml/sax/_exceptions.py	4699	4699	127	983	fcca2341	4.7803	7.7402
python-stdlib	Python	encodings/iso8859_11.py	12335	12335	307	5021	b463bf90	2.4567	16.3550
python-stdlib	Python	ctypes/macholib/framework.py	1105	1105	42	268	3539cb25	4.1231	6.3810
python-stdlib	Python	_pyrepl/trace.py	767	767	34	204	4790adc5	3.7598	6.0000
python-stdlib	Python	multiprocessing/reduction.py	9630	9630	281	2190	16541316	4.3973	7.7936
python-stdlib	Python	encodings/mac_iceland.py	13498	13498	307	4987	1781e886	2.7066	16.2443
python-stdlib	Python	graphlib.py	9773	9773	254	2092	364cb713	4.6716	8.2362
python-stdlib	Python	Tools/scripts/summarize_stats.py	53245	53243	1550	10951	4870dd6a	4.8621	7.0652
python-stdlib	Python	shelve.py	8810	8810	250	2006	cf6d60a7	4.3918	8.0240
python-stdlib	Python	encodings/iso8859_10.py	13589	13589	307	5044	f7a404d7	2.6941	16.4300
python-stdlib	Python	email/contentmanager.py	10594	10594	253	2480	2504dff5	4.2718	9.8024
python-stdlib	Python	encodings/utf_16_le.py	1037	1037	42	237	afab7c58	4.3755	5.6429
python-stdlib	Python	asyncio/exceptions.py	1752	1752	62	377	c3b5a5f6	4.6472	6.0806
python-stdlib	Python	_pyrepl/base_eventqueue.py	3840	3840	110	827	04e0a874	4.6433	7.5182
python-stdlib	Python	asyncio/proactor_events.py	33494	33494	895	6976	2b9079d0	4.8013	7.7944
python-stdlib	Python	wsgiref/__init__.py	657	657	25	147	40ff0855	4.4694	5.8800
python-stdlib	Python	modulefinder.py	23792	23792	671	5349	7eb3af1d	4.4479	7.9717
python-stdlib	Python	_pyrepl/utils.py	13122	13122	391	3181	df6dc968	4.1251	8.1355
python-stdlib	Python	turtledemo/two_canvases.py	1122	1122	54	374	bd6f77bd	3.0000	6.9259
python-stdlib	Python	encodings/iso8859_15.py	13212	13212	307	4923	49b18387	2.6837	16.0358
python-stdlib	Python	bdb.py	44829	44829	1206	9704	bf1b90f3	4.6196	8.0464
python-stdlib	Python	multiprocessing/dummy/__init__.py	3063	3063	126	731	3b5f3b67	4.1902	5.8016
python-stdlib	Python	encodings/mac_cyrillic.py	13454	13454	307	5187	5a4ea4da	2.5938	16.8958
python-stdlib	Python	_ast_unparse.py	40422	40422	1161	8968	62dad43f	4.5074	7.7244
python-stdlib	Python	tkinter/scrolledtext.py	1808	1808	56	442	ebc83411	4.0905	7.8929
python-stdlib	Python	uuid.py	38286	38284	1013	10202	c206c821	3.7528	10.0711
python-stdlib	Python	encodings/cp850.py	34105	34105	698	14290	fcbac587	2.3866	20.4728
python-stdlib	Python	tkinter/commondialog.py	1289	1289	53	296	85099a0d	4.3547	5.5849
python-stdlib	Python	zipfile/_path/glob.py	3314	3314	113	773	7d63a976	4.2872	6.8407
python-stdlib	Python	encodings/iso8859_16.py	13557	13557	307	5028	86ae8b3f	2.6963	16.3779
python-stdlib	Python	pty.py	5212	5212	182	1270	f015ec61	4.1039	6.9780
python-stdlib	Python	xml/dom/minicompat.py	3367	3367	109	707	27f0b0d5	4.7624	6.4862
python-stdlib	Python	email/mime/audio.py	2999	2999	97	749	f6100f64	4.0040	7.7216
python-stdlib	Python	compression/bz2.py	60	60	5	22	0f88b223	2.7273	4.4000
python-stdlib	Python	zoneinfo/_tzpath.py	5725	5725	189	1342	3a8eb29c	4.2660	7.1005
python-stdlib	Python	turtledemo/__init__.py	314	314	14	60	f17cdb8d	5.2333	4.2857
python-stdlib	Python	encodings/cp856.py	12423	12423	307	4855	3aa50c81	2.5588	15.8143
python-stdlib	Python	pydoc_data/module_docs.py	15147	15147	320	4492	ea7cae9f	3.3720	14.0375
python-stdlib	Python	encodings/utf_32.py	5175	5175	150	1137	89ce7670	4.5515	7.5800
python-stdlib	Python	zoneinfo/_zoneinfo.py	24852	24852	776	6471	8828b436	3.8405	8.3389
python-stdlib	Python	encodings/cp874.py	12595	12595	307	5117	9b62b8e8	2.4614	16.6678
python-stdlib	Python	importlib/__init__.py	4767	4767	136	1028	b85c8488	4.6372	7.5588
python-stdlib	Python	_android_support.py	7417	7417	192	1734	d4fcf1ff	4.2774	9.0313
python-stdlib	Python	ctypes/_endian.py	2557	2557	78	583	40f3a18e	4.3859	7.4744
python-stdlib	Python	site.py	25768	25768	779	5792	1d55d9a7	4.4489	7.4352
python-stdlib	Python	turtledemo/colormixer.py	1356	1356	57	400	b055d923	3.3900	7.0175
python-stdlib	Python	compression/zstd/__init__.py	8769	8769	244	2135	ccca21df	4.1073	8.7500
python-stdlib	Python	pyclbr.py	11396	11396	314	2518	75c65974	4.5258	8.0191
python-stdlib	Python	_pyrepl/windows_eventqueue.py	991	991	42	417	b25dcd82	2.3765	9.9286
python-stdlib	Python	stringprep.py	12917	12917	272	8194	08c03cc2	1.5764	30.1250
python-stdlib	Python	sched.py	6351	6351	167	1322	4e5c2dc8	4.8041	7.9162
python-stdlib	Python	stat.py	6308	6308	212	1988	7a743c20	3.1730	9.3774
python-stdlib	Python	_pyrepl/completing_reader.py	10195	10195	299	2468	fa143332	4.1309	8.2542
python-stdlib	Python	concurrent/futures/interpreter.py	4024	4024	123	795	57ed9991	5.0616	6.4634
python-stdlib	Python	email/policy.py	10695	10695	239	2203	7b8f1a89	4.8547	9.2176
python-stdlib	Python	asyncio/streams.py	28486	28486	787	5864	1fc226a7	4.8578	7.4511
python-stdlib	Python	zipimport.py	33466	33466	822	7784	2f06d0d5	4.2993	9.4696
python-stdlib	Python	tkinter/dialog.py	1535	1535	49	330	2348dd72	4.6515	6.7347
python-stdlib	Python	logging/config.py	42984	42984	1077	8408	4784ca05	5.1123	7.8069
python-stdlib	Python	smtplib.py	43893	43893	1121	9694	80711d3f	4.5279	8.6476
python-stdlib	Python	_aix_support.py	4021	4021	108	1203	df614db7	3.3425	11.1389
python-stdlib	Python	compression/zstd/_zstdfile.py	12295	12295	346	2756	f9c9a28e	4.4612	7.9653
python-stdlib	Python	Tools/scripts/checkpip.py	793	793	32	178	710e0ecb	4.4551	5.5625
python-stdlib	Python	functools.py	43564	43563	1165	9527	3a107d34	4.5727	8.1777
python-stdlib	Python	_opcode_metadata.py	10115	10115	371	3204	c09ea11b	3.1570	8.6361
python-stdlib	Python	sqlite3/__init__.py	2014	2012	57	482	c9d57524	4.1784	8.4561
python-stdlib	Python	xml/sax/xmlreader.py	12624	12624	378	2642	eacc8fe8	4.7782	6.9894
python-stdlib	Python	queue.py	13455	13455	383	2793	cf6dfe89	4.8174	7.2924
python-stdlib	Python	encodings/tis_620.py	12300	12300	307	5001	966ded28	2.4595	16.2899
python-stdlib	Python	encodings/koi8_u.py	13762	13762	307	5267	bfee119d	2.6129	17.1564
python-stdlib	Python	encodings/quopri_codec.py	1525	1525	56	364	68159863	4.1896	6.5000
python-stdlib	Python	xml/__init__.py	557	557	20	140	4c877dfe	3.9786	7.0000
python-stdlib	Python	encodings/latin_1.py	1264	1264	50	293	e487ff15	4.3140	5.8600
python-stdlib	Python	_pyrepl/__init__.py	925	925	19	192	3215895a	4.8177	10.1053
python-stdlib	Python	wsgiref/headers.py	7365	7365	192	1648	875dcd48	4.4691	8.5833
python-stdlib	Python	tkinter/messagebox.py	3861	3861	146	1031	1974d6c3	3.7449	7.0616
python-stdlib	Python	timeit.py	13436	13436	378	3084	cc0c4574	4.3567	8.1587
python-stdlib	Python	compression/zlib.py	64	64	5	18	cc48c541	3.5556	3.6000
python-stdlib	Python	encodings/cp1125.py	34597	34597	698	14580	024189d0	2.3729	20.8883
python-stdlib	Python	numbers.py	11769	11769	427	2523	ccc9905c	4.6647	5.9087
python-stdlib	Python	encodings/shift_jisx0213.py	1059	1059	39	252	0b87ddd7	4.2024	6.4615
python-stdlib	Python	ast.py	25479	25479	680	5421	793a7208	4.7001	7.9721
python-stdlib	Python	shlex.py	13756	13694	351	2868	1409eade	4.7964	8.1709
python-stdlib	Python	glob.py	20771	20771	574	4515	34cb05a6	4.6004	7.8659
python-stdlib	Python	warnings.py	1966	1966	99	478	84389348	4.1130	4.8283
python-stdlib	Python	_osx_support.py	22023	22023	579	5203	510a7028	4.2328	8.9862
python-stdlib	Python	ntpath.py	30896	30896	872	7375	dff549c6	4.1893	8.4576
python-stdlib	Python	pathlib/_os.py	18161	18161	530	4181	e53cd5e9	4.3437	7.8887
python-stdlib	Python	asyncio/coroutines.py	3657	3657	118	901	9d874eba	4.0588	7.6356
python-stdlib	Python	encodings/gb18030.py	1031	1031	39	238	cf6285c9	4.3319	6.1026
python-stdlib	Python	encodings/hex_codec.py	1508	1508	55	342	2437ed58	4.4094	6.2182
python-stdlib	Python	lzma.py	13426	13426	364	3037	cfd82147	4.4208	8.3434
python-stdlib	Python	py_compile.py	7849	7849	212	1735	d17f9ea5	4.5239	8.1840
python-stdlib	Python	base64.py	22301	22301	625	5889	c8254ac6	3.7869	9.4224
python-stdlib	Python	re/_parser.py	40353	40353	1066	8608	c26da8cd	4.6878	8.0750
python-stdlib	Python	encodings/cp932.py	1023	1023	39	236	c4b31b2d	4.3347	6.0513
python-stdlib	Python	importlib/machinery.py	2166	2166	50	464	d9c9e5b4	4.6681	9.2800
python-stdlib	Python	tkinter/ttk.py	56594	56594	1650	12870	dbbfa037	4.3974	7.8000
python-stdlib	Python	sysconfig/__init__.py	29047	29047	797	6963	77a436ae	4.1716	8.7365
python-stdlib	Python	signal.py	2495	2495	94	626	80bc726e	3.9856	6.6596
python-stdlib	Python	encodings/hz.py	1011	1011	39	232	7cb2d53b	4.3578	5.9487
python-stdlib	Python	re/_constants.py	6036	6036	224	1604	02adfde9	3.7631	7.1607
python-stdlib	Python	encodings/oem.py	1019	1019	41	226	e5c6b5e2	4.5088	5.5122
python-stdlib	Python	asyncio/windows_events.py	32813	32813	906	7015	62ab33c2	4.6775	7.7428
python-stdlib	Python	json/decoder.py	12873	12873	364	3123	c9c9529c	4.1220	8.5797
python-stdlib	Python	_pyrepl/historical_reader.py	13240	13240	419	3048	4d9fbc3c	4.3438	7.2745
python-stdlib	Python	encodings/utf_7.py	946	946	38	214	7c0e2141	4.4206	5.6316
python-stdlib	Python	encodings/palmos.py	13552	13552	308	5058	67fb6320	2.6793	16.4221
python-stdlib	Python	unittest/async_case.py	6007	6007	158	1333	5dbafda2	4.5064	8.4367
python-stdlib	Python	urllib/response.py	2361	2361	84	556	a307c0e2	4.2464	6.6190
python-stdlib	Python	mimetypes.py	26695	26695	747	6688	f7f4149d	3.9915	8.9531
python-stdlib	Python	xml/sax/expatreader.py	16034	16034	454	3372	83929c4c	4.7550	7.4273
python-stdlib	Python	email/parser.py	4970	4970	127	1066	3b921bf3	4.6623	8.3937
python-stdlib	Python	wsgiref/util.py	5489	5489	159	1312	0c34f697	4.1837	8.2516
python-stdlib	Python	encodings/iso8859_2.py	13404	13404	307	5015	f285be9b	2.6728	16.3355
python-stdlib	Python	encodings/cp500.py	13121	13121	307	4901	25c34f9a	2.6772	15.9642
python-stdlib	Python	encodings/bz2_codec.py	2249	2249	78	512	a50b8fa8	4.3926	6.5641
python-stdlib	Python	fileinput.py	15717	15717	442	3453	936dda4d	4.5517	7.8122
python-stdlib	Python	wsgiref/types.py	1717	1717	54	448	e762faea	3.8326	8.2963
python-stdlib	Python	tkinter/filedialog.py	14939	14939	492	3255	e76179ba	4.5896	6.6159
python-stdlib	Python	encodings/utf_32_be.py	930	930	37	208	065e9cbc	4.4712	5.6216
python-stdlib	Python	email/charset.py	16993	16993	396	4035	114aa2dd	4.2114	10.1894
python-stdlib	Python	asyncio/__init__.py	2413	2413	74	540	6fb6bb3e	4.4685	7.2973
python-stdlib	Python	importlib/resources/_itertools.py	1277	1277	38	330	408f4a46	3.8697	8.6842
python-stdlib	Python	dbm/__init__.py	6024	6024	194	1534	a3f489dc	3.9270	7.9072
python-stdlib	Python	wsgiref/validate.py	15036	15036	438	3564	b166a8b3	4.2189	8.1370
python-stdlib	Python	email/mime/nonmultipart.py	684	684	21	152	72acf6ea	4.5000	7.2381
python-stdlib	Python	encodings/johab.py	1023	1023	39	240	af26a68d	4.2625	6.1538
python-stdlib	Python	encodings/_win_cp_codecs.py	1229	1229	36	257	07f4c805	4.7821	7.1389
python-stdlib	Python	zoneinfo/_common.py	5758	5758	172	1446	691c63fa	3.9820	8.4070
python-stdlib	Python	encodings/utf_8.py	1005	1005	42	229	9b51cbc0	4.3886	5.4524
python-stdlib	Python	encodings/cp861.py	34633	34633	698	14367	73d48a5a	2.4106	20.5831
python-stdlib	Python	getpass.py	8321	8321	256	1861	14a32ba0	4.4713	7.2695
python-stdlib	Python	reprlib.py	8064	8064	230	2004	bc836a29	4.0240	8.7130
python-stdlib	Python	encodings/cp775.py	34476	34476	697	14294	573dbabf	2.4119	20.5079
python-stdlib	Python	compileall.py	20691	20691	472	4106	1684de7d	5.0392	8.6992
python-stdlib	Python	curses/has_key.py	5634	5634	192	2056	bb5113f4	2.7403	10.7083
python-stdlib	Python	importlib/resources/__init__.py	703	703	43	171	7f760656	4.1111	3.9767
python-stdlib	Python	xmlrpc/__init__.py	38	38	1	8	126d6b9a	4.7500	8.0000
python-stdlib	Python	re/_compiler.py	26855	26855	782	6352	3ad45cb0	4.2278	8.1228
python-stdlib	Python	multiprocessing/process.py	12233	12233	443	2696	1f46b6a9	4.5375	6.0858
python-stdlib	Python	tabnanny.py	11507	11507	338	2948	1243b3cb	3.9033	8.7219
python-stdlib	Python	zipfile/_path/__init__.py	11953	11923	452	2898	4ba8d2ce	4.1246	6.4115
python-stdlib	Python	email/_encoded_words.py	8541	8541	233	2057	392581f1	4.1522	8.8283
python-stdlib	Python	encodings/cp1254.py	13502	13502	307	5040	aa607a1f	2.6790	16.4169
python-stdlib	Python	email/encoders.py	1773	1773	65	460	1de72f9d	3.8543	7.0769
python-stdlib	Python	bisect.py	3423	3423	118	939	dbe31c73	3.6454	7.9576
python-stdlib	Python	bz2.py	11978	11978	352	2723	31eeaeda	4.3988	7.7358
python-stdlib	Python	xmlrpc/server.py	36842	36842	1003	7552	a2dc4f49	4.8784	7.5294
python-stdlib	Python	concurrent/futures/__init__.py	1863	1863	65	336	5b440465	5.5446	5.1692
python-stdlib	Python	wsgiref/handlers.py	21809	21809	575	4760	7e75a671	4.5817	8.2783
python-stdlib	Python	codecs.py	36840	36840	1125	7655	a313e469	4.8125	6.8044
raku-ecosystem	Raku	4ABE239854AA6F4B07B33E14DD7CD017A20C5125	4581	4581	113	1176	78adcbe0	3.8954	10.4071
raku-ecosystem	Raku	FF083EB0E89BCFECC87EB787EFCD22F318031984	2691	2691	86	793	550a0717	3.3934	9.2209
raku-ecosystem	Raku	849E6376F5F1FD074A5A401C15B678B0456801A3	1018	1018	47	296	212f32fb	3.4392	6.2979
raku-ecosystem	Raku	8DA34595F7EE3997B64F202893F4E3E1BA4FB473	5950	5950	141	1565	03ec6a97	3.8019	11.0993
raku-ecosystem	Raku	CD7FD2621B863B54841EFCCF64A427B6CE6CF580	7972	7972	184	2016	82306a6a	3.9544	10.9565
raku-ecosystem	Raku	778794D871A554B8CA6370911C0B2CC38DBC25F7	9105	9105	213	2159	3619a05d	4.2172	10.1362
raku-ecosystem	Raku	721137C2F6D20EE9AFD2231ED996C00716B33410	3239	3239	112	1111	f214df18	2.9154	9.9196
raku-ecosystem	Raku	2F00F05E45D716A13FC156FFCC59F47A85D46D9E	4756	4756	113	1189	f8edda3a	4.0000	10.5221
raku-ecosystem	Raku	3BEC66600B53D40734C809585773D5DA8F147D04	4581	4581	113	1176	78adcbe0	3.8954	10.4071
raku-ecosystem	Raku	21741304BDA68705FB314E8632BDD782605DF870	3322	3322	86	820	603519eb	4.0512	9.5349
raku-ecosystem	Raku	29252744A325BE23FF9D9686E1B8A276F1E7D716	12395	12395	291	3271	b21dea06	3.7894	11.2405
raku-ecosystem	Raku	7A2BDAC0569AE07D0B92D916AD5F8459B9C0AC68	6858	6858	155	1735	2c475260	3.9527	11.1935
raku-ecosystem	Raku	54A5D84443905448AA75FD7399D08C615CD66C2A	8215	8215	189	2352	ebc05280	3.4928	12.4444
raku-ecosystem	Raku	C0CB5FD1264B0589F6CAD7968CBD18D16A2D47D3	1767	1767	47	464	4e9f55e6	3.8082	9.8723
raku-ecosystem	Raku	0EB45A5D268E2C5B8B1C96C657979ECCA129F7BE	10710	10710	229	2593	91e240fe	4.1304	11.3231
raku-ecosystem	Raku	F7BDBF381F09FE0F580CF5C362F2CC902D6B1FBC	5352	5352	144	1309	6ea2b4de	4.0886	9.0903
raku-ecosystem	Raku	6C281EF1DBADC3EC09B7E8FF02AF22B5D2D215B4	5117	5117	121	1305	7e552d93	3.9211	10.7851
raku-ecosystem	Raku	045595FF877E379814C3297B03E171E0DFFBFE07	681	681	25	192	72689c56	3.5469	7.6800
raku-ecosystem	Raku	CAB3E1028E3335F1CC07A129EB1CED273F6F2A44	641	641	23	172	1bfd1526	3.7267	7.4783
raku-ecosystem	Raku	BBC55395224F9561CA6C375B093035D1B5E96A13	768	767	23	253	5a2cce0f	3.0356	11.0000
raku-ecosystem	Raku	927CE7D6739A1D750DBF04F5207963E9728C5255	8215	8215	189	2352	ebc05280	3.4928	12.4444
raku-ecosystem	Raku	DB9398D7DB80EA1289F3B32CB3E7382846BF06BA	4240	4240	117	1158	f5dface2	3.6615	9.8974
raku-ecosystem	Raku	383DC910BF9202F56B8C39E4230D1AF72418892A	2309	2306	71	903	ded71c8b	2.5570	12.7183
raku-ecosystem	Raku	19AF4BBE1C1B3B686A7F56B5B0A76D23BF36F6D4	5034	5034	131	1310	af754acb	3.8427	10.0000
raku-ecosystem	Raku	01064D90AEE66D1A03CACBDAC7C2A43708A53421	11029	11029	262	2776	601155e4	3.9730	10.5954
raku-ecosystem	Raku	8CD751D95CEE676CDC049FD03E6ADE65813418AA	4333	4333	131	1020	92750ff0	4.2480	7.7863
raku-ecosystem	Raku	25671C738432B0DD91606197D632FC35AB6E4C60	4259	4259	121	1158	d66e9e33	3.6779	9.5702
raku-ecosystem	Raku	C6814B925758AC1D6228241E793C0219C9229114	4259	4259	121	1158	d66e9e33	3.6779	9.5702
raku-ecosystem	Raku	77450C4412EF24945FA8FCD8C86191A2C49E01A0	6816	6816	164	1751	2c9df60b	3.8926	10.6768
raku-ecosystem	Raku	D158950556A29271BC21694041A4B22922F28AD0	5352	5352	144	1309	6ea2b4de	4.0886	9.0903
raku-ecosystem	Raku	4176D1EA9BCE3FD047D229FC4A586F4DABC8C361	5034	5034	131	1310	af754acb	3.8427	10.0000
raku-ecosystem	Raku	6BF9BED1AC9EA77B236557595F04BDE1842528D1	10710	10710	229	2593	91e240fe	4.1304	11.3231
raku-ecosystem	Raku	9C5E907FDB5A7FDA7D57D60DDB8743397EB91D03	458	458	22	125	b78f69b8	3.6640	5.6818
raku-ecosystem	Raku	5EC79AAC3D080800E39567D1C3C6956418E2BF1F	246	246	10	70	440eb5b7	3.5143	7.0000
raku-ecosystem	Raku	418FBEB11355D6AA055633DD1ED2BF5E9E4DC65B	4756	4756	113	1189	f8edda3a	4.0000	10.5221
raku-ecosystem	Raku	6035834F9E6BEEE2BEE13DB18003E0D1214C05C4	1777	1777	66	527	2e359497	3.3719	7.9848
raku-ecosystem	Raku	43AE55A5E7019DA18D01F203EF3BA36F6F45626D	642	642	20	247	a188f851	2.5992	12.3500
raku-ecosystem	Raku	EED6E6994AEF01F715D2437ADEC27506DC0D847E	4050	4050	118	1057	c359db20	3.8316	8.9576
raku-ecosystem	Raku	5F37C24C738F8DFA48410BD59A2D800F13A431F6	3641	3613	138	1642	a84b7d86	2.2174	11.8986
raku-ecosystem	Raku	98C6867905B1DAAC1C52B2E5A6912B524FD8832C	5031	5031	134	1294	51892a2e	3.8879	9.6567
raku-ecosystem	Raku	A17E476BE68F8F8ED7AD2B91068D7F310F70B30E	149	149	9	39	e0ca78a3	3.8205	4.3333
raku-ecosystem	Raku	2D8283B9E43D347502A6F3AAF745DBCA8081E60B	11029	11029	262	2776	601155e4	3.9730	10.5954
raku-ecosystem	Raku	BB8EC9FB32E8DD7F3EF80845874DAE400500A3E8	1397	1389	43	594	747dfb2f	2.3519	13.8140
raku-ecosystem	Raku	E4346117C52156EDB27C0223BCA65C176ED6C9C0	9776	9776	238	2480	bf32b6b6	3.9419	10.4202
raku-ecosystem	Raku	01B3DD039A223745C65CABB479471C0786E27136	1471	1471	57	319	7fe3da55	4.6113	5.5965
raku-ecosystem	Raku	AE1DAEF331A49121F8ED6BBF7F2323647934008D	41045	41039	1117	11050	267905e4	3.7145	9.8926
raku-ecosystem	Raku	8F639F45F7806E3270F2BC7B61E58A749CE1E62F	2645	2645	73	681	b703cf06	3.8840	9.3288
raku-ecosystem	Raku	74F14360D0E07956931F3A0D3511B7C6396EAF28	4333	4333	131	1020	92750ff0	4.2480	7.7863
raku-ecosystem	Raku	DAA1D17F79EA3041EE6D10A53829EFCB0A019B5B	2160	2160	110	654	7042b8fa	3.3028	5.9455
raku-ecosystem	Raku	2C1F929BC8E6CBB4B0D430EEAD9245C9F012D547	9776	9776	238	2480	bf32b6b6	3.9419	10.4202
raku-ecosystem	Raku	D4EB2FB9393441DAFB2810A17D22623C5AEBD38B	6858	6858	155	1735	2c475260	3.9527	11.1935
raku-ecosystem	Raku	AF98B30A9BCAC4B6BC3DF06011337EE61DC5DB1D	5117	5117	121	1305	7e552d93	3.9211	10.7851
raku-ecosystem	Raku	5D2A3D313C70AECD061453D95D095FB7421CB69F	4023	4023	114	1173	9e60505e	3.4297	10.2895
raku-ecosystem	Raku	31572043D118E0B682D0C8402FFD1E11B1499911	2948	2948	88	734	6b5a23fd	4.0163	8.3409
raku-ecosystem	Raku	08CB7C2462427A76853A274EA9E984A9F2668CBF	5009	5009	124	1295	b1401be0	3.8680	10.4435
raku-ecosystem	Raku	4FAB91C112CBC4B6C21848629140A80890DC0B00	9105	9105	213	2159	3619a05d	4.2172	10.1362
raku-ecosystem	Raku	50C0A91D568B07AC910514BD2521C98D2177AE7D	822	822	31	237	93c071bf	3.4684	7.6452
raku-ecosystem	Raku	0977831AAAEA377A216446CD313F8313B1FD8A3C	6816	6816	164	1751	2c9df60b	3.8926	10.6768
raku-ecosystem	Raku	B9462EE12B81B7068A5E6BF6284AEBB1BD781049	5031	5031	134	1294	51892a2e	3.8879	9.6567
raku-ecosystem	Raku	CA1D03C75E18FA7F8CAE09297DFCEA89E4C5DD8F	8636	8636	343	2507	2ed6c6a4	3.4448	7.3090
raku-ecosystem	Raku	3FCF494DEF99745C605BCA7EE94CBC8DF9A066E3	12395	12395	291	3271	b21dea06	3.7894	11.2405
raku-ecosystem	Raku	FE7EF334C76D8A2792580756118DFF7F48822B4A	10213	10213	245	2496	27b08439	4.0917	10.1878
raku-ecosystem	Raku	A63D6B4F80654846B7972A874E50C2BA334F75E6	4055	4055	118	1060	81f60da7	3.8255	8.9831
raku-ecosystem	Raku	C494959826DCC8F33761FCF22D2E5FEBC08B5889	665	665	22	190	ab3f4db1	3.5000	8.6364
raku-ecosystem	Raku	6D0596274BEF837C79F93D532BE3CB21E800D59B	7181	7181	185	2064	9a03050f	3.4792	11.1568
raku-ecosystem	Raku	4CCC7989910C5F989EF00038523D158A8B084275	4434	4434	110	1156	a1447890	3.8356	10.5091
raku-ecosystem	Raku	F4DD4BB39DF1BEE22AAA0070AF2C1E45C0701D2A	7972	7972	184	2016	82306a6a	3.9544	10.9565
raku-ecosystem	Raku	CD93C7AD80972AEE9D027D7300C7F36740165257	3855	3855	106	1021	91175763	3.7757	9.6321
raku-ecosystem	Raku	7BE9DF305C6485DE0F1693EF6239CCE11C4A4458	10213	10213	245	2496	27b08439	4.0917	10.1878
raku-ecosystem	Raku	29F87462044509E6E1E313CB6C07EECC9CDC17AC	5009	5009	124	1295	b1401be0	3.8680	10.4435
raku-ecosystem	Raku	C690AA70FE3950FC9DD1A61518EE41B6856BD381	7181	7181	185	2064	9a03050f	3.4792	11.1568
raku-ecosystem	Raku	33B92B6C89E59D63DB688DB269F04CA2D4C51CBB	2645	2645	73	681	b703cf06	3.8840	9.3288
raku-ecosystem	Raku	458E1D39A8860F2DEBD567401421F0A5477BC999	3445	3445	110	1079	1eeb2dce	3.1928	9.8091
raku-ecosystem	Raku	D6744CA8485B81CFA46C6D13DCBF0F744A5EAFAB	4453	4453	104	1193	04b26d7d	3.7326	11.4712
raku-ecosystem	Raku	67A3E7E681BF4F97B0EF5CD1E69DA62B1B4D5115	4050	4050	118	1057	c359db20	3.8316	8.9576
raku-ecosystem	Raku	3362627216AEF24E4D417B7E434215C2980039A0	2691	2691	86	793	550a0717	3.3934	9.2209
raku-ecosystem	Raku	55C8D9B0181BA55A395234FA77923BCA7B856F03	1238	1238	42	570	4193cd9b	2.1719	13.5714
raku-ecosystem	Raku	E352791209A4066DA0E1E67A75ADB3CC0DF63CE3	5950	5950	141	1565	03ec6a97	3.8019	11.0993
raku-ecosystem	Raku	FA7AD3BADA1A842E3FF1E9A8C2FECCD997571180	4453	4453	104	1193	04b26d7d	3.7326	11.4712
raku-ecosystem	Raku	0C68847A18AF37D624A39033DAF26A86D8D9DE3A	4055	4055	118	1060	81f60da7	3.8255	8.9831
raku-ecosystem	Raku	89F3E4EFE4BEC813A5CB6487A64B284C390504E9	2044	2044	38	568	fb469595	3.5986	14.9474
raku-ecosystem	Raku	C47411D2D8110B64C04A30268B9898E7D4D1856B	4858	4851	149	1805	0ed544c5	2.6914	12.1141
raku-ecosystem	Raku	02545F9A70D8209A4801C1CC007DD07DEFA93AAD	4514	4514	149	1354	924752a5	3.3338	9.0872
raku-ecosystem	Raku	0C4134E7EC1908E0849B3EAF24B59DB77C6387D8	4434	4434	110	1156	a1447890	3.8356	10.5091
raku-ecosystem	Raku	FE9C8A8D0936B03FFC0DF5D7BFE3C5F4F2E42419	1607	1607	71	484	e0db777a	3.3202	6.8169
raku-ecosystem	Raku	49EEEE1040C7952CFB7FA7A2C591D8C5EB8E84EE	2948	2948	88	734	6b5a23fd	4.0163	8.3409
raku-ecosystem	Raku	DEE71A27C3BC1A51DB55F62ECA428FEF4136753C	1362	1361	53	388	775b9afd	3.5103	7.3208
raku-ecosystem	Raku	4843CE2ACA78E76ECC75D27E0C2C6A5BC79EF7E4	3322	3322	86	820	603519eb	4.0512	9.5349
raku-ecosystem	Raku	7B41CFC092B65D557F3F82B31376FB8BF1319147	454	454	22	141	832f3b1b	3.2199	6.4091
raku-ecosystem	Raku	A16781871CD609DE8D8499A6EDB625077EAAE556	3855	3855	106	1021	91175763	3.7757	9.6321
raku-repo	Raku	testData/inline-call/singleNamedArgumentSave.p6	94	94	5	28	ec7d87b3	3.3571	5.6000
raku-repo	Raku	testData/inline-call/singleStatementBlockInlineNoSaveBefore.p6	42	42	5	19	dc227dec	2.2105	3.8000
raku-repo	Raku	testData/intention/QuotesConversion1Before.p6	19	19	1	9	a3e46c12	2.1111	9.0000
raku-repo	Raku	testData/intention/TernaryStatementConversion.p6	121	121	10	44	ac93b2a0	2.7500	4.4000
raku-repo	Raku	testData/rename/Subroutines.pm6	97	97	7	49	38c3a6d7	1.9796	7.0000
raku-repo	Raku	testData/intention/PrivateMethodStubbingInNestedRoutinesBefore.p6	91	91	7	24	ce2239da	3.7917	3.4286
raku-repo	Raku	testData/intention/NonCapturingGroupIntoPos.p6	75	75	4	37	67ea50a2	2.0270	9.2500
raku-repo	Raku	testData/formatter/assorted.in.p6	1024	1024	80	308	ec60ed23	3.3247	3.8500
raku-repo	Raku	testData/inline-call/acceptIncompleteCallWithDefault.p6	61	61	5	29	884ccb45	2.1034	5.8000
raku-repo	Raku	testData/docs/quickDocsRoutine.p6	109	109	8	36	07b4d012	3.0278	4.5000
raku-repo	Raku	testData/findUsage/IdeaFoo2/User.pm6	226	226	14	57	daff26d3	3.9649	4.0714
raku-repo	Raku	testData/intention/RoleDoesClassConvertedToInheritanceBefore.p6	35	35	1	12	281e33b1	2.9167	12.0000
raku-repo	Raku	testData/intention/ColonPairSimplificationTrueBefore.p6	45	45	3	19	2764b11f	2.3684	6.3333
raku-repo	Raku	testData/surroundWith/wheneverSurroundBefore.p6	44	44	3	12	0f6449be	3.6667	4.0000
raku-repo	Raku	testData/intention/ASCIICannotBeConvertedIntoASCIIBefore.p6	34	34	1	20	2134f837	1.7000	20.0000
raku-repo	Raku	testData/docs/methodExternalFromCOREClass.p6	15	15	1	6	2a8288f8	2.5000	6.0000
raku-repo	Raku	testData/surroundWith/tryDefaultSurroundBefore.p6	39	39	1	14	033e9589	2.7857	14.0000
raku-repo	Raku	testData/intention/PrivateMethodStubbingSignatureGenerationForSingleArgColonpair.p6	113	113	8	33	66725caa	3.4242	4.1250
raku-repo	Raku	testData/block-extract/mathExpression.p6	37	37	4	16	85ae9876	2.3125	4.0000
raku-repo	Raku	testData/intention/QuotesConversion2Before.p6	19	19	1	9	11c6ab60	2.1111	9.0000
raku-repo	Raku	testData/smartEnter/PackageAfterName_after.p6	32	32	3	9	fa8dd70a	3.5556	3.0000
raku-repo	Raku	testData/parsing/trusts/ParsingTestData.p6	231	231	12	78	4c997dff	2.9615	6.5000
raku-repo	Raku	testData/findUsage/VariableWithDashFromParameter.p6	73	73	4	27	51f6b205	2.7037	6.7500
raku-repo	Raku	testData/inline-call/emptyRoutineIsReplacedWithNil.p6	36	36	5	11	5d93011d	3.2727	2.2000
raku-repo	Raku	testData/editor/classes.pm6	145	145	15	34	a663b3d2	4.2647	2.2667
raku-repo	Raku	scripts/shake-n-test.raku	4629	4629	106	1302	bf747f62	3.5553	12.2830
raku-repo	Raku	testData/parsing/unbalanced-bug-2/ParsingTestData.p6	31	31	1	11	2b9fb6ff	2.8182	11.0000
raku-repo	Raku	testData/findUsage/VariableDefinition.p6	37	37	5	16	9fa16921	2.3125	3.2000
raku-repo	Raku	testData/findUsage/IdeaFoo2/Base.pm6	52	52	4	15	b976bd98	3.4667	3.7500
raku-repo	Raku	testData/parsing/block-structure/ParsingTestData.p6	248	248	17	84	54109ab4	2.9524	4.9412
raku-repo	Raku	testData/intention/MakeMethodPublicIntentionIsForPrivateOnlyBefore.p6	101	101	7	32	53168d8b	3.1563	4.5714
raku-repo	Raku	testData/inline-variable/positionalParameterSingleUsageNoSave.p6	55	55	5	28	cdb1ee31	1.9643	5.6000
raku-repo	Raku	testData/mover/BlockTestDataCursorUp.p6	88	88	6	32	abe323e6	2.7500	5.3333
raku-repo	Raku	testData/mover/Case3.p6	69	69	6	24	fb04966f	2.8750	4.0000
raku-repo	Raku	testData/intention/UnparenInitializerBefore.p6	22	22	1	9	745a4f1f	2.4444	9.0000
raku-repo	Raku	testData/intention/AttributeRequiredTraitsBefore.p6	39	39	3	15	902fa0d1	2.6000	5.0000
raku-repo	Raku	testData/mover/Case4.p6	108	108	7	35	c1b90079	3.0857	5.0000
raku-repo	Raku	testData/intention/ConditionalBlockConversion2Before.p6	50	50	1	16	32399374	3.1250	16.0000
raku-repo	Raku	testData/parsing/ws-after-arglist/ParsingTestData.p6	67	67	2	27	cd2bea6b	2.4815	13.5000
raku-repo	Raku	testData/mover/Heredoc2Down.p6	405	405	11	102	b793659c	3.9706	9.2727
raku-repo	Raku	testData/parsing/sg/ParsingTestData.p6	3	3	1	2	c6b285dd	1.5000	2.0000
raku-repo	Raku	testData/intention/RoleDoesClassConvertedToInheritance.p6	33	33	1	11	c8c0a278	3.0000	11.0000
raku-repo	Raku	testData/inline-call/expressionsAreParenthesisedBefore.p6	68	68	5	35	bd10fe85	1.9429	7.0000
raku-repo	Raku	testData/block-extract/attributesToSubArePassedBefore.p6	132	132	9	46	3321cf6f	2.8696	5.1111
raku-repo	Raku	testData/inline-call/positionalArgumentsSaveBefore.p6	54	54	5	29	253d33df	1.8621	5.8000
raku-repo	Raku	testData/block-extract/callchainFromSelection1.p6	74	74	6	25	929ae4be	2.9600	4.1667
raku-repo	Raku	testData/formatter/array.out.p6	95	95	9	36	f7403e1a	2.6389	4.0000
raku-repo	Raku	testData/formatter/basic-hash.out.p6	66	66	4	22	8825a7f8	3.0000	5.5000
raku-repo	Raku	testData/block-extract/attributesArePassedToOuterClass.p6	185	185	12	47	dcc2028b	3.9362	3.9167
raku-repo	Raku	testData/inline-call/simpleMethodInlineNoSave.p6	75	75	5	22	f0294683	3.4091	4.4000
raku-repo	Raku	testData/intention/EmptyUnparenNotAllowedBefore.p6	18	18	1	8	580529ec	2.2500	8.0000
raku-repo	Raku	testData/highlight/User.rakumod	161	161	4	51	4ebdf230	3.1569	12.7500
raku-repo	Raku	testData/smartEnter/For2_after.p6	24	24	3	9	29754b91	2.6667	3.0000
raku-repo	Raku	testData/intention/AwaitAllOfUnwrapPrefix.p6	12	12	1	5	735c48e2	2.4000	5.0000
raku-repo	Raku	testData/docs/methodExternalFromCORERole.p6	32	32	3	13	198b88a2	2.4615	4.3333
raku-repo	Raku	testData/rename/IdeaFoo4/UserMovedBase.pm6	24	24	1	9	6d6116cb	2.6667	9.0000
raku-repo	Raku	testData/smartEnter/MultilineStatement.p6	41	41	2	17	b2f8c0d4	2.4118	8.5000
raku-repo	Raku	testData/surroundWith/tryExpr.p6	71	71	7	31	2fc1bd92	2.2903	4.4286
raku-repo	Raku	testData/findUsage/Type.p6	49	49	5	19	e9d2ef43	2.5789	3.8000
raku-repo	Raku	testData/inline-call/singleStatementBlockInlineSaveBefore.p6	42	42	5	19	b809baaa	2.2105	3.8000
raku-repo	Raku	testData/completion/IdeaFoo/Bar7.pm6	90	90	7	29	18933cb4	3.1034	4.1429
raku-repo	Raku	testData/surroundWith/hashContextualizerSurround.p6	83	83	10	35	211162c9	2.3714	3.5000
raku-repo	Raku	testData/surroundWith/ifExpr.p6	40	40	4	17	e0dccc91	2.3529	4.2500
raku-repo	Raku	testData/surroundWith/tryExprBefore.p6	78	78	5	30	6d0a3bba	2.6000	6.0000
raku-repo	Raku	testData/rename/IdeaFoo4/UserAfter.pm6	25	25	1	8	98459bef	3.1250	8.0000
raku-repo	Raku	testData/inline-variable/initManyUsagesBefore.p6	122	122	12	52	d88b6849	2.3462	4.3333
raku-repo	Raku	testData/surroundWith/trySurround.p6	50	50	5	15	13bef2e0	3.3333	3.0000
raku-repo	Raku	testData/intention/UniTermToASCIIBefore.p6	13	12	1	5	a8062d80	2.6000	5.0000
raku-repo	Raku	testData/inline-variable/attributeVariableExceptionBefore.p6	218	218	15	59	92cacbdd	3.6949	3.9333
raku-repo	Raku	testData/intention/EVALOfInterpolationBefore.p6	34	34	1	15	ba4f1b68	2.2667	15.0000
raku-repo	Raku	testData/intention/PrivateMethodStubbingReformatsOnlyAddedBlock.p6	105	105	6	31	905397d5	3.3871	5.1667
raku-repo	Raku	testData/block-extract/inClassPrivateMethodExtraction.p6	107	107	8	30	106a8883	3.5667	3.7500
raku-repo	Raku	testData/smartEnter/GivenWhen.p6	30	30	3	12	83d907cd	2.5000	4.0000
raku-repo	Raku	testData/findUsage/PrivateMethod.p6	142	142	11	41	e7702081	3.4634	3.7273
raku-repo	Raku	testData/mover/Case8.p6	59	59	5	19	43ee5eea	3.1053	3.8000
raku-repo	Raku	testData/block-extract/fullMathExpressionFromSelection.p6	37	37	4	15	29aa6fa0	2.4667	3.7500
raku-repo	Raku	testData/formatter/align-reverse.out.p6	583	583	37	172	02dae198	3.3895	4.6486
raku-repo	Raku	testData/inline-variable/multivarInitSingleCaseLeftNoSaveBefore.p6	45	45	4	24	fc32c953	1.8750	6.0000
raku-repo	Raku	testData/parsing/semi-in-arglist/ParsingTestData.p6	601	601	14	138	efb4fc59	4.3551	9.8571
raku-repo	Raku	testData/mover/Case3Up.p6	62	62	6	22	1c5e5ce4	2.8182	3.6667
raku-repo	Raku	testData/smartEnter/For_after.p6	33	33	3	15	e0c110e4	2.2000	5.0000
raku-repo	Raku	testData/inline-variable/multivarInitDoubleCaseCenterSave.p6	106	106	7	46	463a894e	2.3043	6.5714
raku-repo	Raku	testData/intention/AwaitAllOfUnwrapArray.p6	9	9	1	4	2e4efa05	2.2500	4.0000
raku-repo	Raku	testData/formatter/indentation-reverse.in.p6	273	271	19	117	95846e28	2.3333	6.1579
raku-repo	Raku	testData/regex-extract/basic.p6	258	258	19	102	e73e98a9	2.5294	5.3684
raku-repo	Raku	testData/intention/NonCapturingGroupIntoNamed.p6	52	52	3	26	e0467d0b	2.0000	8.6667
raku-repo	Raku	testData/intention/UnparenOnColonpairNotAllowedBefore.p6	16	16	1	9	ecdd6268	1.7778	9.0000
raku-repo	Raku	testData/inline-variable/strLiteralInline.p6	25	25	2	11	fd07d070	2.2727	5.5000
raku-repo	Raku	testData/formatter/grammar-basic.out.p6	181	181	17	47	19412fef	3.8511	2.7647
raku-repo	Raku	testData/inline-call/namedArgumentsSave.p6	110	110	5	37	79602fa1	2.9730	7.4000
raku-repo	Raku	testData/intention/SubroutineExportingDoesNotWorkOnMethodsBefore.p6	42	42	3	13	86f6b6ea	3.2308	4.3333
raku-repo	Raku	testData/smartEnter/StatementAfterCallWithSemicolon.p6	14	14	1	6	51212591	2.3333	6.0000
raku-repo	Raku	testData/surroundWith/pointyBlockSurroundBefore.p6	33	33	1	12	f6cd59ab	2.7500	12.0000
raku-repo	Raku	testData/surroundWith/forSurroundBefore.p6	60	60	3	17	8785482b	3.5294	5.6667
raku-repo	Raku	testData/smartEnter/With.p6	20	20	1	8	a8e540b2	2.5000	8.0000
raku-repo	Raku	testData/smartEnter/With_after.p6	29	29	3	10	f7d6f85e	2.9000	3.3333
raku-repo	Raku	testData/findUsage/IdeaFoo3/User.pm6	52	52	8	18	ab0cef49	2.8889	2.2500
raku-repo	Raku	testData/formatter/spacing.out.p6	238	238	16	110	3e6d70bf	2.1636	6.8750
raku-repo	Raku	testData/formatter/escapes.in.p6	244	244	7	42	8cce458c	5.8095	6.0000
raku-repo	Raku	testData/intention/PositionalCapturingIntoNamedBefore.p6	54	54	4	27	d04e210d	2.0000	6.7500
raku-repo	Raku	testData/intention/UseDirectAttributeAccess.p6	68	68	6	22	34c1239f	3.0909	3.6667
raku-repo	Raku	testData/block-extract/subroutineWithTypedLocalVariablesExtraction.p6	261	261	12	91	45929509	2.8681	7.5833
raku-repo	Raku	testData/parsing/parametric-role/ParsingTestData.p6	89	89	3	21	029ecb0e	4.2381	7.0000
raku-repo	Raku	testData/inline-call/positionalArgumentsNoSaveBefore.p6	54	54	5	29	253d33df	1.8621	5.8000
raku-repo	Raku	testData/block-extract/localDeclarationsAreNotPassedBefore.p6	125	125	7	39	4003ac10	3.2051	5.5714
raku-repo	Raku	testData/mover/Case9.p6	78	78	10	33	04d63f8d	2.3636	3.3000
raku-repo	Raku	testData/mover/Heredoc2.p6	411	411	11	105	d69a403b	3.9143	9.5455
raku-repo	Raku	testData/intention/PrivateMethodStubbingSignatureGeneration.p6	330	330	10	128	6ffa1175	2.5781	12.8000
raku-repo	Raku	testData/parsing/version-literal/ParsingTestData.p6	13	13	1	7	bdbe2378	1.8571	7.0000
raku-repo	Raku	testData/parsing/unbalanced-bug-1/ParsingTestData.p6	9	9	1	5	4d714efb	1.8000	5.0000
raku-repo	Raku	testData/block-extract/varUsedInDeclarationIsPassedBefore.p6	107	107	6	32	c54adf23	3.3438	5.3333
raku-repo	Raku	testData/surroundWith/pointyBlockExprBefore.p6	53	53	3	13	219ba554	4.0769	4.3333
raku-repo	Raku	testData/formatter/braces.in.p6	272	272	25	86	2028b205	3.1628	3.4400
raku-repo	Raku	testData/rename/GrammarRuleAfter.pm6	68	68	4	21	94a09bf8	3.2381	5.2500
raku-repo	Raku	testData/inline-variable/positionalParameterSingleUsageSaveBefore.p6	73	73	5	36	fdeb4cdf	2.0278	7.2000
raku-repo	Raku	testData/mover/NestedBrackets.p6	124	124	8	38	99c296bc	3.2632	4.7500
raku-repo	Raku	testData/intention/WithConstructionFix.p6	65	65	6	18	abdfc1fc	3.6111	3.0000
raku-repo	Raku	testData/intention/Perl6ExecutableStrFixBefore.p6	19	19	1	10	37b038b7	1.9000	10.0000
raku-repo	Raku	testData/intention/NonCapturingGroupIntoPosNonFlatting.p6	30	30	1	18	68d94115	1.6667	18.0000
raku-repo	Raku	testData/rename/IdeaFoo2/BaseAfter.pm6	53	53	3	22	1d7f23ef	2.4091	7.3333
raku-repo	Raku	testData/surroundWith/startSurround.p6	74	74	7	23	09c10327	3.2174	3.2857
raku-repo	Raku	testData/smartEnter/ClassAfterBlockoid.p6	19	19	1	6	d9c9c484	3.1667	6.0000
raku-repo	Raku	testData/intention/GrepFirstFixBlockMany.p6	28	28	1	10	c0e71600	2.8000	10.0000
raku-repo	Raku	testData/inline-variable/inlineIntoNamedArgBefore.p6	41	41	5	21	ec1de913	1.9524	4.2000
raku-repo	Raku	testData/intention/QuotesConversion1.p6	19	19	1	9	11c6ab60	2.1111	9.0000
raku-repo	Raku	testData/intention/FatarrowToColonpairBefore.p6	13	13	1	5	87147936	2.6000	5.0000
raku-repo	Raku	testData/block-extract/inMethodMethodExtraction.p6	107	107	9	28	2edd5fcb	3.8214	3.1111
raku-repo	Raku	testData/block-extract/subroutineExtractionTwoLevelsUp.p6	227	227	14	56	156594bd	4.0536	4.0000
raku-repo	Raku	testData/inline-call/nonTrailingReturnFailsBefore.p6	54	54	6	21	ebb224ae	2.5714	3.5000
raku-repo	Raku	testData/parsing/qqquotes/ParsingTestData.p6	39	35	2	18	6505ec68	2.1667	9.0000
raku-repo	Raku	testData/intention/UnparenInitializer.p6	13	13	1	7	236bcd01	1.8571	7.0000
raku-repo	Raku	testData/rename/PrivateMethodsWithDash.pm6	164	164	10	40	5f87ddd0	4.1000	4.0000
raku-repo	Raku	testData/formatter/align-reverse.in.p6	469	469	31	161	9eb7413c	2.9130	5.1935
raku-repo	Raku	testData/intention/MakeMethodPublicIntentionBefore.p6	101	101	7	32	11e53133	3.1563	4.5714
raku-repo	Raku	testData/rename/IdeaFoo4/User.pm6	26	26	1	11	9ed79f5a	2.3636	11.0000
raku-repo	Raku	testData/intention/SubDeletionRemovesDocs.p6	31	31	5	11	a41de7e1	2.8182	2.2000
raku-repo	Raku	testData/rename/IdeaFoo/User.pm6	33	33	3	10	e4a723bd	3.3000	3.3333
raku-repo	Raku	testData/intention/PrivateMethodStubbingFromUnfinishedVariable.p6	68	68	4	25	1276f07b	2.7200	6.2500
raku-repo	Raku	testData/findUsage/VisibleAttribute.p6	90	90	8	26	08a61239	3.4615	3.2500
raku-repo	Raku	testData/smartEnter/Unless_after.p6	28	28	3	8	1aec94cd	3.5000	2.6667
raku-repo	Raku	testData/intention/PrivateMethodStubbingBefore.p6	58	58	5	18	ea164f31	3.2222	3.6000
raku-repo	Raku	testData/smartEnter/ClassAfterBadCharacter.p6	21	21	1	7	885441ee	3.0000	7.0000
raku-repo	Raku	testData/findUsage/PrivateMethodFromRoleOverloaded.p6	146	146	12	42	741c42b4	3.4762	3.5000
raku-repo	Raku	testData/formatter/basic-indent.in.p6	31	31	7	16	19428a37	1.9375	2.2857
raku-repo	Raku	testData/highlight/Base.rakumod	33	33	3	8	7868cea0	4.1250	2.6667
raku-repo	Raku	testData/intention/FatArrowSimplification.p6	40	40	3	19	bede5a5e	2.1053	6.3333
raku-repo	Raku	testData/smartEnter/ElseHandling.p6	26	26	3	12	3f6c0fc0	2.1667	4.0000
raku-repo	Raku	testData/intention/SubroutineExportingQuickfix.p6	23	23	1	5	d0b7bb7d	4.6000	5.0000
raku-repo	Raku	testData/smartEnter/InsideOfBlock_after.p6	54	54	5	18	4d701f91	3.0000	3.6000
raku-repo	Raku	testData/parsing/malformed-sig/ParsingTestData.p6	14	14	1	6	15830dee	2.3333	6.0000
raku-repo	Raku	testData/block-extract/topFileMethodImpossible.p6	57	57	4	23	a9a76989	2.4783	5.7500
raku-repo	Raku	testData/formatter/break-lines.in.p6	38	38	1	18	f5b59ce0	2.1111	18.0000
raku-repo	Raku	testData/formatter/comments-left-intact.in.p6	30	30	3	13	c7e80054	2.3077	4.3333
raku-repo	Raku	testData/inline-call/positionalArgumentNoSaveBefore.p6	72	72	5	26	7f78f014	2.7692	5.2000
raku-repo	Raku	testData/surroundWith/startExpr.p6	78	78	3	26	8dc9e076	3.0000	8.6667
raku-repo	Raku	testData/parsing/heredoc-interpolation/ParsingTestData.p6	431	431	13	115	ba2a861a	3.7478	8.8462
raku-repo	Raku	testData/formatter/heredoc-with-indent.out.p6	93	93	8	37	9bb75cfd	2.5135	4.6250
raku-repo	Raku	testData/surroundWith/regexNamedBefore.p6	87	87	6	30	c3258a61	2.9000	5.0000
raku-repo	Raku	testData/annotation/CallArityExtended.pm6	978	978	24	337	24259321	2.9021	14.0417
raku-repo	Raku	testData/smartEnter/RoutineOutsideSignature.p6	28	28	1	10	7f8fee76	2.8000	10.0000
raku-repo	Raku	testData/inline-variable/multivarInitDoubleCaseCenterNoSaveBefore.p6	112	112	7	50	e3a24360	2.2400	7.1429
raku-repo	Raku	testData/inline-variable/multivarInitDoubleCaseCenterSaveBefore.p6	112	112	7	50	af4f8678	2.2400	7.1429
raku-repo	Raku	testData/parsing/ending-curly-then-semicolon/ParsingTestData.p6	236	236	13	82	ea915084	2.8780	6.3077
raku-repo	Raku	testData/intention/UnparenSimple.p6	9	9	1	7	8267a259	1.2857	7.0000
raku-repo	Raku	testData/intention/ConditionalBlockConversion2.p6	58	58	3	17	b229c19e	3.4118	5.6667
raku-repo	Raku	testData/findUsage/IdeaFoo5/Base.pm6	72	72	3	22	97f8614c	3.2727	7.3333
raku-repo	Raku	testData/findUsage/AttributeOfClass1.p6	129	129	11	41	32c20c22	3.1463	3.7273
raku-repo	Raku	testData/block-extract/heredoc.p6	185	185	13	51	0f080f73	3.6275	3.9231
raku-repo	Raku	testData/parsing/ltm-terminator/ParsingTestData.p6	23	23	1	12	eb27189d	1.9167	12.0000
raku-repo	Raku	testData/surroundWith/whenSurround.p6	50	50	5	18	65054551	2.7778	3.6000
raku-repo	Raku	testData/block-extract/topMathExpressionBefore.p6	18	18	1	11	3994c2eb	1.6364	11.0000
raku-repo	Raku	testData/block-extract/lexicalSubsAreDifferentiatedBefore.p6	218	218	8	57	88a67d3c	3.8246	7.1250
raku-repo	Raku	testData/docs/externalTypeFromCORE.p6	14	14	1	7	1b6b1b95	2.0000	7.0000
raku-repo	Raku	testData/inline-variable/multivarInitDoubleCaseLeftNoSave.p6	93	93	7	40	4c7d7ea7	2.3250	5.7143
raku-repo	Raku	testData/intention/MakeMethodPrivateIntention.p6	61	61	5	16	27b84a29	3.8125	3.2000
raku-repo	Raku	testData/intention/ZeroToVarBefore.p6	27	27	2	14	99e6c816	1.9286	7.0000
raku-repo	Raku	testData/smartEnter/ScopedClass_after.p6	28	28	3	9	23063902	3.1111	3.0000
raku-repo	Raku	testData/formatter/grammar-basic.in.p6	185	185	17	47	85ec2cff	3.9362	2.7647
raku-repo	Raku	testData/block-extract/lexicalSubsAreDifferentiated.p6	256	256	11	66	3895aa26	3.8788	6.0000
raku-repo	Raku	testData/intention/PrivateMethodStubbingSignatureGenerationColonpair.p6	122	122	8	41	68e71a3d	2.9756	5.1250
raku-repo	Raku	testData/intention/WithConstructionMultiFix.p6	33	33	5	13	b1470124	2.5385	2.6000
raku-repo	Raku	testData/rename/PrivateAttribute.pm6	148	148	13	43	e689101c	3.4419	3.3077
raku-repo	Raku	testData/block-extract/fullMathExpressionBefore.p6	18	18	1	11	3994c2eb	1.6364	11.0000
raku-repo	Raku	testData/block-extract/selfInAnotherClassIsPassedBefore.p6	113	113	7	26	d26ce9d1	4.3462	3.7143
raku-repo	Raku	testData/intention/HyperOpsOnMap.p6	25	25	2	12	d24e378f	2.0833	6.0000
raku-repo	Raku	testData/docs/quickDocsLongPost.p6	87	87	5	23	fbe79afb	3.7826	4.6000
raku-repo	Raku	testData/intention/ColonpairForms3.p6	55	55	3	25	24c6d8e6	2.2000	8.3333
raku-repo	Raku	testData/findUsage/AttributeFromRole1.p6	117	117	10	37	b393838a	3.1622	3.7000
raku-repo	Raku	testData/formatter/basic-class.out.p6	212	212	12	56	6a18b69b	3.7857	4.6667
raku-repo	Raku	testData/docs/methodExternalFromCORE.p6	19	19	1	8	00a40d54	2.3750	8.0000
raku-repo	Raku	testData/intention/AttributeRequiredOnName.p6	38	38	3	11	9cd384d0	3.4545	3.6667
raku-repo	Raku	testData/mover/BlockTestData.p6	96	96	6	34	bbd272c0	2.8235	5.6667
raku-repo	Raku	testData/inline-call/namedArgumentsReverseSave.p6	160	160	9	53	374470fc	3.0189	5.8889
raku-repo	Raku	testData/rename/MultiPartTypeNestedAfter.pm6	185	185	9	58	3351c324	3.1897	6.4444
raku-repo	Raku	testData/formatter/basic.in.p6	316	316	24	98	0672f07e	3.2245	4.0833
raku-repo	Raku	testData/formatter/indentation-tab.out.p6	277	275	19	117	bb29bd95	2.3675	6.1579
raku-repo	Raku	testData/formatter/align-wrap.in.p6	461	461	31	156	244c26ee	2.9551	5.0323
raku-repo	Raku	testData/intention/ConstConstantVarFixBefore.p6	18	18	1	8	8ab1f96a	2.2500	8.0000
raku-repo	Raku	testData/findUsage/IdeaFoo7/Base.pm6	56	56	5	14	99448689	4.0000	2.8000
raku-repo	Raku	testData/parsing/pod-formatting-codes/ParsingTestData.p6	120	118	7	36	26ddfd85	3.3333	5.1429
raku-repo	Raku	testData/parsing/operators/ParsingTestData.p6	305	305	21	142	ea1ee98c	2.1479	6.7619
raku-repo	Raku	testData/docs/quickDocsClass.p6	143	143	10	43	a8f2198e	3.3256	4.3000
raku-repo	Raku	testData/parsing/typing-before-capture/ParsingTestData.p6	9	9	1	5	3690e4bc	1.8000	5.0000
raku-repo	Raku	testData/intention/ColonpairForms2.p6	55	55	3	26	8b1c9da0	2.1154	8.6667
raku-repo	Raku	testData/rename/ParameterAfter.pm6	95	95	4	24	253355db	3.9583	6.0000
raku-repo	Raku	testData/docs/quickDocsRole.p6	124	124	10	39	b32eb7db	3.1795	3.9000
raku-repo	Raku	testData/parsing/quasi-hash-key/ParsingTestData.p6	20	20	1	9	156582aa	2.2222	9.0000
raku-repo	Raku	testData/completion/IdeaFoo/Bar2.pm6	96	96	7	32	cea916b4	3.0000	4.5714
raku-repo	Raku	testData/smartEnter/RoleAfterSignature.p6	21	21	1	7	fd92494c	3.0000	7.0000
raku-repo	Raku	testData/findUsage/IdeaFoo7/User.pm6	101	101	8	41	784a72c9	2.4634	5.1250
raku-repo	Raku	testData/inline-call/cannotInlineMethodFromOtherClassWithPrivateMethodBefore.p6	164	164	15	42	412dff0c	3.9048	2.8000
raku-repo	Raku	testData/intention/SubroutineExportingQuickfixWithTraits.p6	60	60	3	17	6b43bd64	3.5294	5.6667
raku-repo	Raku	testData/inline-variable/namedParameterSingleUsageSave.p6	66	66	5	34	8ce4be65	1.9412	6.8000
raku-repo	Raku	testData/docs/quickParameter.p6	124	124	5	38	d2b8137c	3.2632	7.6000
raku-repo	Raku	testData/intention/AttributeRequiredOnlyHasBefore.p6	34	34	3	12	0284b73d	2.8333	4.0000
raku-repo	Raku	testData/docs/quickRegex.p6	47	47	3	18	f205fb81	2.6111	6.0000
raku-repo	Raku	testData/intention/PrivateMethodStubbingSignatureGenerationForSingleArgColonpairBefore.p6	94	94	7	27	2f5b3201	3.4815	3.8571
raku-repo	Raku	testData/intention/FatArrowSimplificationFalseBefore.p6	47	47	3	20	ffb97baa	2.3500	6.6667
raku-repo	Raku	testData/findUsage/AttributeOfClass.p6	129	129	11	39	c2976c86	3.3077	3.5455
raku-repo	Raku	testData/block-extract/constructWithBracesExtractionAsLastExprBefore.p6	153	153	11	42	bd6f36ba	3.6429	3.8182
raku-repo	Raku	testData/intention/UnitRemovalForDefinedGrammar.p6	25	25	1	6	5e87bb27	4.1667	6.0000
raku-repo	Raku	testData/surroundWith/withSurroundBefore.p6	38	38	2	13	23863319	2.9231	6.5000
raku-repo	Raku	testData/rename/IdeaFoo4/UserAfterGrow.pm6	31	31	1	10	fbfb6900	3.1000	10.0000
raku-repo	Raku	testData/smartEnter/RoutineSignature.p6	20	20	1	8	2e98bdfe	2.5000	8.0000
raku-repo	Raku	testData/inline-call/literalIsNotParenthesisedBefore.p6	42	42	2	21	fdfbb3b5	2.0000	10.5000
raku-repo	Raku	testData/parsing/regex-whitespace/ParsingTestData.p6	192	192	6	60	dd965c8f	3.2000	10.0000
raku-repo	Raku	testData/block-extract/attributesArePassedToOuterClassBefore.p6	147	147	9	35	7ab6c4c4	4.2000	3.8889
raku-repo	Raku	testData/block-extract/callchainBefore.p6	43	43	3	18	9c6121f3	2.3889	6.0000
raku-repo	Raku	testData/codeInsight/localVariables/DefaultTestDataSigil.pm6	90	90	8	46	7789e2fa	1.9565	5.7500
raku-repo	Raku	testData/intention/MakeMethodPrivateIntentionBefore.p6	67	67	5	19	535164c8	3.5263	3.8000
raku-repo	Raku	testData/completion/IdeaFoo/Bar3.pm6	89	89	7	29	dd328db8	3.0690	4.1429
raku-repo	Raku	testData/surroundWith/givenSurroundBefore.p6	43	43	1	12	fbd2e2b4	3.5833	12.0000
raku-repo	Raku	testData/rename/PrivateMethods.pm6	148	148	10	36	276a1094	4.1111	3.6000
raku-repo	Raku	testData/formatter/contextualizers.in.p6	242	242	20	90	a9d5080c	2.6889	4.5000
raku-repo	Raku	testData/surroundWith/hashComposerSurround.p6	49	49	4	18	ce76cdda	2.7222	4.5000
raku-repo	Raku	testData/regex-extract/rule-case-before.p6	31	31	1	10	70104cd9	3.1000	10.0000
raku-repo	Raku	testData/parsing/quotes-with-whitespace/ParsingTestData.p6	116	116	4	46	3e62d56a	2.5217	11.5000
raku-repo	Raku	testData/findUsage/VariableFromParameterOnDeclaration.p6	67	67	6	24	cbb0bec0	2.7917	4.0000
raku-repo	Raku	testData/completion/IdeaFoo/Bar4.pm6	41	41	3	16	f0a7191c	2.5625	5.3333
raku-repo	Raku	testData/intention/PackageTypeChangeOnTypeNameIntention.p6	11	11	1	3	2c7860b3	3.6667	3.0000
raku-repo	Raku	testData/intention/WhileOneSimplificationBefore.p6	85	85	6	27	4e603c93	3.1481	4.5000
raku-repo	Raku	testData/block-extract/fullMathExpressionFromSelectionBefore.p6	34	34	1	12	51e85b51	2.8333	12.0000
raku-repo	Raku	testData/rename/IdeaFoo/Base.pm6	76	76	6	24	dd6c7123	3.1667	4.0000
raku-repo	Raku	testData/parsing/also/ParsingTestData.p6	82	82	6	25	b1ba0dfa	3.2800	4.1667
raku-repo	Raku	testData/parsing/call-regex/ParsingTestData.p6	31	31	3	14	50ab2237	2.2143	4.6667
raku-repo	Raku	testData/parsing/colonpair-in-array/ParsingTestData.p6	163	163	4	46	7acad3f7	3.5435	11.5000
raku-repo	Raku	testData/inline-call/singleStatementBlockInlineNoSave.p6	12	12	1	7	762bd790	1.7143	7.0000
raku-repo	Raku	testData/surroundWith/startExprBefore.p6	87	87	1	27	d07d5fd9	3.2222	27.0000
raku-repo	Raku	testData/docs/quickEnum.p6	37	37	3	13	3e4c31d9	2.8462	4.3333
raku-repo	Raku	testData/smartEnter/LoopOutside.p6	37	37	1	20	91b12ac5	1.8500	20.0000
raku-repo	Raku	testData/smartEnter/ScopedClass.p6	20	20	1	6	368a9130	3.3333	6.0000
raku-repo	Raku	testData/rename/ArraySigilAfter.pm6	67	67	4	25	072eb9ba	2.6800	6.2500
raku-repo	Raku	testData/block-extract/lexicalSubBeingPassed.p6	196	196	15	74	fffd6850	2.6486	4.9333
raku-repo	Raku	testData/regex-extract/basic-rule.p6	257	257	19	102	4f484176	2.5196	5.3684
raku-repo	Raku	testData/block-extract/mathExpressionFromSelectionBefore.p6	34	34	1	12	51e85b51	2.8333	12.0000
raku-repo	Raku	testData/inline-call/namedArgumentsReverseSaveBefore.p6	143	143	6	49	76d1b6dc	2.9184	8.1667
raku-repo	Raku	testData/parsing/incomplete-hyper-postfix-then-infix/ParsingTestData.p6	16	16	1	8	eeea5e77	2.0000	8.0000
raku-repo	Raku	testData/intention/AttributeRequiredTraits.p6	44	44	3	13	e52e733d	3.3846	4.3333
raku-repo	Raku	testData/mover/NestedBracketsUp.p6	116	116	8	38	f9792156	3.0526	4.7500
raku-repo	Raku	testData/formatter/braces-reverse.out.p6	404	404	40	101	be6eaeaf	4.0000	2.5250
raku-repo	Raku	testData/block-extract/topMathExpression.p6	38	38	4	15	d794ee95	2.5333	3.7500
raku-repo	Raku	testData/intention/WithoutConstructionFix.p6	41	41	5	14	b9150ce6	2.9286	2.8000
raku-repo	Raku	testData/intention/ConflictResolutionAfterMoveSolved.p6	124	124	6	59	398f5b6b	2.1017	9.8333
raku-repo	Raku	testData/intention/PackageTypeChangeIntoMonitorIntentionBefore.p6	28	28	3	10	fab5b5bc	2.8000	3.3333
raku-repo	Raku	testData/block-extract/attributesToNewNearMethodAreNotPassed.p6	193	193	14	59	6b9be337	3.2712	4.2143
raku-repo	Raku	testData/block-extract/attributesToMethodLexicalSubAreNotPassed.p6	145	145	10	40	a9e422b3	3.6250	4.0000
raku-repo	Raku	testData/mover/Case2Down.p6	69	69	6	25	d21019a9	2.7600	4.1667
raku-repo	Raku	testData/parsing/incomplete-heredocs/ParsingTestData.p6	33	33	4	16	b5a5cb8c	2.0625	4.0000
raku-repo	Raku	testData/intention/HyperOpsCompleteBefore.p6	32	32	2	16	66c83b10	2.0000	8.0000
raku-repo	Raku	testData/docs/quickConstant.p6	37	37	3	14	be98afa4	2.6429	4.6667
raku-repo	Raku	testData/block-extract/selfInAnotherClassIsPassed.p6	145	145	10	36	e78ecb9e	4.0278	3.6000
raku-repo	Raku	testData/surroundWith/unlessSurround.p6	53	53	5	16	2fcbd36c	3.3125	3.2000
raku-repo	Raku	testData/findUsage/Monitor.p6	57	57	5	20	30d0fab2	2.8500	4.0000
raku-repo	Raku	testData/intention/UnitRemovalForDefinedGrammarBefore.p6	37	37	1	12	868f6fbe	3.0833	12.0000
raku-repo	Raku	testData/rename/TypeAfterLowercase.pm6	246	246	12	67	35a811ab	3.6716	5.5833
raku-repo	Raku	testData/mover/Case10Up.p6	55	55	4	26	37cbcfa2	2.1154	6.5000
raku-repo	Raku	testData/smartEnter/WhitespaceIsNotCaptured_after.p6	28	28	7	8	007886a6	3.5000	1.1429
raku-repo	Raku	testData/findUsage/IdeaFoo6/User.pm6	105	105	7	37	83d0d19b	2.8378	5.2857
raku-repo	Raku	testData/intention/UnparenSimpleBefore.p6	18	18	1	9	4a5f5f23	2.0000	9.0000
raku-repo	Raku	testData/mover/Case10.p6	59	59	4	27	aba51d3a	2.1852	6.7500
raku-repo	Raku	testData/block-extract/fullMathExpression.p6	37	37	4	15	29aa6fa0	2.4667	3.7500
raku-repo	Raku	testData/block-extract/selfInSubroutineIsPassed.p6	91	91	8	26	46c2bc42	3.5000	3.2500
raku-repo	Raku	testData/block-extract/subroutineWithTypedLocalVariablesExtractionBefore.p6	201	201	9	66	de5a0a2b	3.0455	7.3333
raku-repo	Raku	testData/regex-extract/basic-regex-capture.p6	257	257	19	101	1ecaf103	2.5446	5.3158
raku-repo	Raku	testData/intention/ColonPairSimplificationTrue.p6	32	32	3	14	e3467a85	2.2857	4.6667
raku-repo	Raku	testData/surroundWith/hashComposerSurroundBefore.p6	70	70	2	20	7af1b828	3.5000	10.0000
raku-repo	Raku	testData/intention/MethodDeletion.p6	55	55	4	17	fd15539a	3.2353	4.2500
raku-repo	Raku	testData/intention/BindingDestructuringFixBefore.p6	32	32	1	20	d046f4ef	1.6000	20.0000
raku-repo	Raku	testData/smartEnter/RoutineSignature_after.p6	29	29	3	11	ba087240	2.6364	3.6667
raku-repo	Raku	testData/intention/GrepFirstFixWhateverMany.p6	27	27	1	10	424a266b	2.7000	10.0000
raku-repo	Raku	testData/inline-call/multiStatementBlockInlineNoSaveBefore.p6	75	75	7	32	55efda46	2.3438	4.5714
raku-repo	Raku	testData/folding/FoldingTestData.p6	109	109	5	34	d0e448c6	3.2059	6.8000
raku-repo	Raku	testData/intention/ZeroToExclusiveVarInParenthesesBefore.p6	30	30	2	16	db710b7f	1.8750	8.0000
raku-repo	Raku	testData/formatter/blocks.in.p6	45	45	2	12	afc056df	3.7500	6.0000
raku-repo	Raku	testData/inline-variable/multivarInitDoubleCaseRightSave.p6	111	111	7	54	6f4b9d64	2.0556	7.7143
raku-repo	Raku	testData/smartEnter/ClassAfterName_after.p6	25	25	3	8	9464525b	3.1250	2.6667
raku-repo	Raku	testData/surroundWith/hashContextualizerSurroundBefore.p6	92	92	8	34	4667d9fb	2.7059	4.2500
raku-repo	Raku	testData/intention/MakeMethodPublicOnNameIntentionBefore.p6	101	101	7	31	b54a4fc1	3.2581	4.4286
raku-repo	Raku	testData/intention/PrivateMethodStubbingSignatureGenerationColonpairBefore.p6	97	97	7	30	5cdc993d	3.2333	4.2857
raku-repo	Raku	testData/block-extract/varsSwappingBefore.p6	97	97	6	33	c211e9f5	2.9394	5.5000
raku-repo	Raku	testData/surroundWith/pointyBlockSurround.p6	21	21	3	12	58c03a67	1.7500	4.0000
raku-repo	Raku	testData/intention/PrivateMethodStubbingSignatureGenerationForNamedParametersBefore.p6	153	153	8	65	e5de052a	2.3538	8.1250
raku-repo	Raku	testData/block-extract/callchainFromSelection2Before.p6	59	59	3	20	5fad7e01	2.9500	6.6667
raku-repo	Raku	testData/regex-extract/rule-case.p6	32	32	2	16	b3b86a42	2.0000	8.0000
raku-repo	Raku	testData/multi-module/Module/Inner.pm6	55	55	4	16	5db9300d	3.4375	4.0000
raku-repo	Raku	testData/intention/GrepFirstFixWhateverSingleBefore.p6	39	39	1	17	4576908c	2.2941	17.0000
raku-repo	Raku	testData/formatter/array.in.p6	141	141	9	34	91821882	4.1471	3.7778
raku-repo	Raku	testData/findUsage/IdeaFoo/Base.pm6	27	27	1	10	2c2a0ae1	2.7000	10.0000
raku-repo	Raku	testData/codeInsight/defaultVariables/DefaultTestData1.pm6	8	8	1	4	a2bd510a	2.0000	4.0000
raku-repo	Raku	testData/findUsage/PrivateMethodFromRole.p6	188	188	15	53	26da0d44	3.5472	3.5333
raku-repo	Raku	testData/mover/Heredoc3Up.p6	405	405	11	102	d1679b18	3.9706	9.2727
raku-repo	Raku	testData/inline-call/literalIsNotParenthesised.p6	32	32	2	17	6c74b07b	1.8824	8.5000
raku-repo	Raku	testData/block-extract/selfInSubroutineIsPassedBefore.p6	79	79	5	19	9f874f22	4.1579	3.8000
raku-repo	Raku	testData/rename/IdeaFoo3/BaseAfter.pm6	195	195	11	49	d7bea14a	3.9796	4.4545
raku-repo	Raku	testData/inline-call/positionalArgumentSave.p6	73	73	5	26	2a7711db	2.8077	5.2000
raku-repo	Raku	testData/reference/IdeaFoo/Bar.pm6	132	132	8	36	000e8c44	3.6667	4.5000
raku-repo	Raku	testData/inline-call/cannotInlineMethodFromOtherClassWithSelfBefore.p6	151	151	11	41	49c541c7	3.6829	3.7273
raku-repo	Raku	testData/formatter/braces-style.out.p6	386	386	39	110	ea549cb1	3.5091	2.8205
raku-repo	Raku	testData/intention/PrivateMethodStubbingWithoutEnclosingRoutine.p6	61	61	4	20	f62d07d8	3.0500	5.0000
raku-repo	Raku	testData/intention/SubroutineExportingQuickfixBefore.p6	20	20	1	8	d1e1fa42	2.5000	8.0000
raku-repo	Raku	testData/intention/UnitPrependingForNamedClassBefore.p6	27	27	1	8	e46e1ccd	3.3750	8.0000
raku-repo	Raku	testData/formatter/basic-class.in.p6	196	196	12	56	dab73a5b	3.5000	4.6667
raku-repo	Raku	testData/rename/AttrWithHyphenAfter.pm6	32	32	3	11	9d861a1f	2.9091	3.6667
raku-repo	Raku	testData/intention/Perl6ExecutableStrFix.p6	26	26	1	8	c9628fbc	3.2500	8.0000
raku-repo	Raku	testData/block-extract/inClassPrivateMethodExtractionBefore.p6	76	76	5	21	496665f0	3.6190	4.2000
raku-repo	Raku	testData/findUsage/IdeaFoo3/Base.pm6	54	54	9	16	4fa9bb38	3.3750	1.7778
raku-repo	Raku	testData/intention/PrivateMethodStubbingSignatureGenerationForNamedParameters.p6	198	198	9	92	76ac390a	2.1522	10.2222
raku-repo	Raku	testData/surroundWith/hashContextExpr.p6	38	38	3	22	9bde01af	1.7273	7.3333
raku-repo	Raku	testData/mover/Case6Up.p6	242	242	8	63	23055eb3	3.8413	7.8750
raku-repo	Raku	testData/surroundWith/wheneverSurround.p6	49	49	5	13	f54db3ff	3.7692	2.6000
raku-repo	Raku	testData/intention/EVALOfExpressionWithoutVars.p6	20	20	1	10	847cab79	2.0000	10.0000
raku-repo	Raku	testData/parsing/set-equality-infixes/ParsingTestData.p6	94	90	4	46	7124f171	2.0435	11.5000
raku-repo	Raku	testData/intention/QuotesConversion2.p6	19	19	1	9	a3e46c12	2.1111	9.0000
raku-repo	Raku	testData/smartEnter/RoleAfterSignature_after.p6	30	30	3	11	934003d4	2.7273	3.6667
raku-repo	Raku	testData/surroundWith/ifExprBefore.p6	48	48	2	15	76665434	3.2000	7.5000
raku-repo	Raku	testData/block-extract/mathExpressionFromSelection.p6	37	37	4	16	85ae9876	2.3125	4.0000
raku-repo	Raku	testData/intention/RoleMethodsStubbingBefore.p6	80	80	3	28	0b9e26d5	2.8571	9.3333
raku-repo	Raku	testData/intention/UnitPrependingForNamedClass.p6	25	25	1	7	f4e5cac8	3.5714	7.0000
raku-repo	Raku	testData/parsing/use-with-ver/ParsingTestData.p6	16	16	1	7	ea9c738e	2.2857	7.0000
raku-repo	Raku	testData/intention/WhileTrueSimplification.p6	79	79	6	26	a2b6e922	3.0385	4.3333
raku-repo	Raku	testData/intention/ColonpairForms1Before.p6	55	55	3	27	102d4ea4	2.0370	9.0000
raku-repo	Raku	testData/rename/IdeaFoo3/UserAfter.pm6	47	47	3	14	3fa01746	3.3571	4.6667
raku-repo	Raku	testData/rename/IdeaFoo2/Base.pm6	53	53	3	19	1a611b8c	2.7895	6.3333
raku-repo	Raku	testData/smartEnter/ElseHandling_after.p6	34	34	5	15	1b49b312	2.2667	3.0000
raku-repo	Raku	testData/parsing/macro/ParsingTestData.p6	154	154	4	45	e6e078b4	3.4222	11.2500
raku-repo	Raku	testData/inline-call/multireturnBlockInlineFailsBefore.p6	99	99	9	31	9861ed7a	3.1935	3.4444
raku-repo	Raku	testData/inline-variable/strLiteralInlineBefore.p6	29	29	2	13	767acde2	2.2308	6.5000
raku-repo	Raku	testData/block-extract/inMethodMethodExtractionBefore.p6	76	76	5	21	496665f0	3.6190	4.2000
raku-repo	Raku	testData/intention/NonCapturingGroupIntoPosBefore.p6	75	75	4	37	6c0585b2	2.0270	9.2500
raku-repo	Raku	testData/intention/RangeSimplificationRegress1Before.p6	54	54	4	28	0e9d4dd6	1.9286	7.0000
raku-repo	Raku	testData/docs/quickDocsGrammar.p6	130	130	10	39	792d51fd	3.3333	3.9000
raku-repo	Raku	testData/rename/TypeAfter.pm6	246	246	12	68	fe5980cb	3.6176	5.6667
raku-repo	Raku	testData/intention/AwaitAllOfUnwrapArrayBefore.p6	31	31	1	12	b288e996	2.5833	12.0000
raku-repo	Raku	testData/block-extract/heredocBefore.p6	150	150	9	42	fcaa7b13	3.5714	4.6667
raku-repo	Raku	testData/docs/quickDocsAttribute.p6	154	154	12	51	cbe234a6	3.0196	4.2500
raku-repo	Raku	testData/surroundWith/withSurround.p6	33	33	4	14	64802294	2.3571	3.5000
raku-repo	Raku	testData/intention/MyVariableExportBefore.p6	25	25	1	10	12277423	2.5000	10.0000
raku-repo	Raku	testData/formatter/comments-left-intact.out.p6	30	30	3	13	c7e80054	2.3077	4.3333
raku-repo	Raku	testData/intention/ASCIIToUniBefore.p6	34	34	1	21	15555074	1.6190	21.0000
raku-repo	Raku	testData/intention/MakeMethodSubmethodBefore.p6	36	36	3	12	919fb93f	3.0000	4.0000
raku-repo	Raku	testData/block-extract/varsUsedAreNotDuplicatedBefore.p6	94	94	7	32	c52b8f2d	2.9375	4.5714
raku-repo	Raku	testData/parsing/term-definition/ParsingTestData.p6	26	26	2	13	de53debe	2.0000	6.5000
raku-repo	Raku	testData/smartEnter/IfHandling.p6	15	15	1	9	6cfa6b85	1.6667	9.0000
raku-repo	Raku	testData/intention/RemoveUnusedLocalBefore.p6	21	21	1	11	d9f2fa46	1.9091	11.0000
raku-repo	Raku	testData/intention/ColonPairSimplification.p6	40	40	3	19	bede5a5e	2.1053	6.3333
raku-repo	Raku	testData/smartEnter/ClassAfterSemiBlockoid_after.p6	33	33	3	10	98375856	3.3000	3.3333
raku-repo	Raku	testData/intention/MakeMethodPublicOnNameIntention.p6	93	93	7	24	9102f18b	3.8750	3.4286
raku-repo	Raku	testData/smartEnter/OrWith_after.p6	40	40	5	15	f9f0d408	2.6667	3.0000
raku-repo	Raku	testData/inline-call/simpleMethodInlineNoSaveBefore.p6	155	155	9	50	7150bde5	3.1000	5.5556
raku-repo	Raku	testData/parsing/heredoc-starting-with-infix/ParsingTestData.p6	38	38	3	13	c050d881	2.9231	4.3333
raku-repo	Raku	testData/block-extract/subroutineWithLocalVariablesExtractionBefore.p6	208	208	11	78	36cc9218	2.6667	7.0909
raku-repo	Raku	testData/block-extract/subroutineWithLocalVariablesExtraction.p6	258	258	14	103	a6db4492	2.5049	7.3571
raku-repo	Raku	testData/parsing/conditional-compilation/ParsingTestData.p6	263	263	16	98	e8f3684a	2.6837	6.1250
raku-repo	Raku	testData/smartEnter/Given_after.p6	26	26	3	9	21f3671b	2.8889	3.0000
raku-repo	Raku	testData/parsing/typed-constant/ParsingTestData.p6	46	46	1	15	2ffcca08	3.0667	15.0000
raku-repo	Raku	testData/inline-variable/scopeConflictWithRoutineExceptionBefore.p6	101	101	7	42	dc8d80f2	2.4048	6.0000
raku-repo	Raku	testData/inline-call/positionalArgumentSaveBefore.p6	72	72	5	26	522605dc	2.7692	5.2000
raku-repo	Raku	testData/smartEnter/OrWith.p6	32	32	3	12	b8ce9b9a	2.6667	4.0000
raku-repo	Raku	testData/surroundWith/withoutSurroundBefore.p6	96	96	5	23	06e50032	4.1739	4.6000
raku-repo	Raku	testData/intention/WhileTrueSimplificationBefore.p6	82	82	6	28	847213de	2.9286	4.6667
raku-repo	Raku	testData/intention/RemoveUnusedIsNotForMultiAttributesBefore.p6	46	46	3	18	e561a2c3	2.5556	6.0000
raku-repo	Raku	testData/inline-variable/namedParameterSingleUsageNoSaveBefore.p6	73	73	5	36	45d8de91	2.0278	7.2000
raku-repo	Raku	testData/inline-variable/initSingleUsageSaveBefore.p6	29	29	2	15	b7b36021	1.9333	7.5000
raku-repo	Raku	testData/codeInsight/defaultVariables/DefaultTestData2.pm6	18	18	2	8	c7d3ceef	2.2500	4.0000
raku-repo	Raku	testData/surroundWith/hashContextExprBefore.p6	52	52	1	22	d781b364	2.3636	22.0000
raku-repo	Raku	testData/intention/PackageTypeChangesInheritanceComposition.p6	34	34	3	10	32dcdd07	3.4000	3.3333
raku-repo	Raku	testData/intention/NoSplittingWithoutInitializerBefore.p6	45	45	4	19	77c8f6d1	2.3684	4.7500
raku-repo	Raku	testData/block-extract/attributesToMethodLexicalSubAreNotPassedBefore.p6	99	99	7	31	6d165441	3.1935	4.4286
raku-repo	Raku	testData/inline-call/multiStatementBlockInlineSaveBefore.p6	75	75	7	32	22173fa6	2.3438	4.5714
raku-repo	Raku	testData/docs/paramIntegration2.p6	485	485	23	131	441d4902	3.7023	5.6957
raku-repo	Raku	testData/formatter/contextualizers.out.p6	210	210	20	89	47c3648c	2.3596	4.4500
raku-repo	Raku	testData/inline-call/cannotInlineMethodFromOtherClassWithAttributeBefore.p6	152	152	13	47	1b9a63e4	3.2340	3.6154
raku-repo	Raku	testData/intention/ConstConstantKeywordFixBefore.p6	22	22	1	11	ae545fea	2.0000	11.0000
raku-repo	Raku	testData/inline-call/singleNamedArgumentSaveBefore.p6	104	104	5	32	aa1d1865	3.2500	6.4000
raku-repo	Raku	testData/intention/GrepFirstFixWhateverManyBefore.p6	39	39	1	16	6072ee38	2.4375	16.0000
raku-repo	Raku	testData/mover/Case4Up.p6	94	94	7	33	e8292231	2.8485	4.7143
raku-repo	Raku	testData/intention/AwaitAllOfUnwrapPrefixBefore.p6	34	34	1	13	daf68aeb	2.6154	13.0000
raku-repo	Raku	testData/formatter/braces-reverse.in.p6	272	272	25	86	2028b205	3.1628	3.4400
raku-repo	Raku	testData/intention/ArrayInitializationRemoval.p6	7	7	1	4	82666cc2	1.7500	4.0000
raku-repo	Raku	testData/block-extract/inClassMethodExtractionBefore.p6	76	76	5	21	496665f0	3.6190	4.2000
raku-repo	Raku	testData/inline-variable/multivarInitDoubleCaseLeftNoSaveBefore.p6	112	112	7	50	bae5a62a	2.2400	7.1429
raku-repo	Raku	testData/inline-variable/singleAssignmentBefore.p6	34	34	3	18	5c7efc93	1.8889	6.0000
raku-repo	Raku	testData/intention/RangeSimplificationRegress1.p6	39	39	4	19	45093c1f	2.0526	4.7500
raku-repo	Raku	testData/smartEnter/For.p6	24	24	1	12	3154703c	2.0000	12.0000
raku-repo	Raku	testData/formatter/braces-style.in.p6	272	272	25	86	2028b205	3.1628	3.4400
raku-repo	Raku	testData/surroundWith/unlessExprBefore.p6	60	60	4	26	b10eb56d	2.3077	6.5000
raku-repo	Raku	testData/mover/Heredoc1.p6	400	400	9	99	c3c5c065	4.0404	11.0000
raku-repo	Raku	testData/intention/AttributeRequiredNoTraitsBefore.p6	35	35	3	13	c42331bf	2.6923	4.3333
raku-repo	Raku	testData/smartEnter/MultilineStatementWithSemicolon_after.p6	43	43	3	18	e11c23b7	2.3889	6.0000
raku-repo	Raku	testData/inline-variable/startInlineBefore.p6	52	52	2	21	688dc206	2.4762	10.5000
raku-repo	Raku	testData/smartEnter/InsideOfBlock.p6	37	37	3	14	158b2b79	2.6429	4.6667
raku-repo	Raku	testData/inline-variable/namedParameterSingleUsageNoSave.p6	56	56	5	27	b6646f99	2.0741	5.4000
raku-repo	Raku	testData/rename/IdeaFoo4/UserAfterShrink.pm6	13	13	1	5	f561377c	2.6000	5.0000
raku-repo	Raku	testData/mover/MultilineTestData.p6	112	112	7	40	bc0330dd	2.8000	5.7143
raku-repo	Raku	testData/mover/Case1.p6	38	38	4	17	8b8f474d	2.2353	4.2500
raku-repo	Raku	testData/inline-variable/multivarInitSingleCaseRightNoSave.p6	28	28	4	15	d739475b	1.8667	3.7500
raku-repo	Raku	testData/formatter/call-staircase.in.p6	321	321	6	60	c9675e84	5.3500	10.0000
raku-repo	Raku	testData/formatter/basic-indent.out.p6	55	55	7	21	56422847	2.6190	3.0000
raku-repo	Raku	testData/smartEnter/RoutineOutsideSignature_after.p6	37	37	3	12	059034ba	3.0833	4.0000
raku-repo	Raku	testData/intention/UnparenInfix.p6	14	14	1	10	b4ec9cc8	1.4000	10.0000
raku-repo	Raku	testData/reference/IdeaFoo/TemplateUser.pm6	445	445	18	120	8bac1f93	3.7083	6.6667
raku-repo	Raku	testData/findUsage/IdeaFoo6/Base.pm6	91	91	3	24	8a31e2cb	3.7917	8.0000
raku-repo	Raku	testData/inline-variable/initSingleUsageSave.p6	19	19	2	11	f9ff25b1	1.7273	5.5000
raku-repo	Raku	testData/intention/EVALOfVariable.p6	47	47	2	21	bb81fb07	2.2381	10.5000
raku-repo	Raku	testData/mover/Case1Down.p6	39	39	4	17	53dccb2f	2.2941	4.2500
raku-repo	Raku	testData/inline-variable/selfOfOtherClassInExpressionExceptionBefore.p6	179	179	11	47	96c38763	3.8085	4.2727
raku-repo	Raku	testData/intention/PrivateMethodStubbingInNestedRoutines.p6	108	108	8	28	7b45b35b	3.8571	3.5000
raku-repo	Raku	testData/completion/IdeaFoo/Bar8.pm6	31	31	3	12	38db0a80	2.5833	4.0000
raku-repo	Raku	testData/formatter/hash.in.p6	181	181	11	63	37d70152	2.8730	5.7273
raku-repo	Raku	testData/findUsage/RegexDecl.pm6	117	117	5	41	fcd317e9	2.8537	8.2000
raku-repo	Raku	testData/inline-variable/singleAssignment.p6	27	27	3	16	f0e5ea3a	1.6875	5.3333
raku-repo	Raku	testData/findUsage/IdeaFoo4/Base.pm6	12	12	1	3	14989b5d	4.0000	3.0000
raku-repo	Raku	testData/formatter/heredoc.out.p6	86	86	8	30	f6fdc03d	2.8667	3.7500
raku-repo	Raku	testData/inline-variable/startInline.p6	55	55	2	20	200db228	2.7500	10.0000
raku-repo	Raku	testData/inline-call/positionalArgumentsSave.p6	45	45	5	24	1ec1980b	1.8750	4.8000
raku-repo	Raku	testData/parsing/multiline-comment/ParsingTestData.p6	199	199	8	49	717e9068	4.0612	6.1250
raku-repo	Raku	testData/multi-module/Module/WalkExport.pm6	73	73	5	22	cc1389b8	3.3182	4.4000
raku-repo	Raku	testData/inline-call/namedArgumentsSaveBefore.p6	105	105	5	38	f1b01c0c	2.7632	7.6000
raku-repo	Raku	testData/surroundWith/unlessExpr.p6	56	56	6	28	ac5e2451	2.0000	4.6667
raku-repo	Raku	testData/block-extract/mathExpressionBefore.p6	18	18	1	11	3994c2eb	1.6364	11.0000
raku-repo	Raku	testData/intention/ConflictResolutionAfterMoveSolvedBefore.p6	84	84	5	37	6a647908	2.2703	7.4000
raku-repo	Raku	testData/parsing/metaops/ParsingTestData.p6	324	322	21	189	134deffa	1.7143	9.0000
raku-repo	Raku	testData/mover/NestedBracketsUpCursor.p6	116	116	8	38	f600141e	3.0526	4.7500
raku-repo	Raku	testData/findUsage/AttributeFromRole.p6	117	117	10	37	4d055114	3.1622	3.7000
raku-repo	Raku	testData/surroundWith/regexGroup.p6	26	26	1	13	fc1854ca	2.0000	13.0000
raku-repo	Raku	testData/intention/ArrayInitializationRemovalBefore.p6	19	19	1	8	e8075baa	2.3750	8.0000
raku-repo	Raku	testData/inline-call/namedArgumentsReverseNoSave.p6	68	68	4	21	82e7b671	3.2381	5.2500
raku-repo	Raku	testData/rename/SubroutinesUppercaseAfter.pm6	145	145	7	61	e6e57925	2.3770	8.7143
raku-repo	Raku	testData/inline-variable/multivarInitSingleCaseLeftSave.p6	38	38	4	22	1067bb8f	1.7273	5.5000
raku-repo	Raku	testData/parsing/curly-ends-statement/ParsingTestData.p6	29	29	2	11	d346f921	2.6364	5.5000
raku-repo	Raku	testData/mover/BlockTestDataDown.p6	88	88	6	33	1b0fd15e	2.6667	5.5000
raku-repo	Raku	testData/codeInsight/defaultVariables/DefaultTestData5.pm6	26	26	3	9	4c081072	2.8889	3.0000
raku-repo	Raku	testData/formatter/comment.in.p6	151	151	6	38	89383709	3.9737	6.3333
raku-repo	Raku	testData/formatter/space-before-semi.in.p6	20	20	1	8	7753c54f	2.5000	8.0000
raku-repo	Raku	testData/smartEnter/ClassAfterWhiteSpace.p6	20	20	1	6	ff77721e	3.3333	6.0000
raku-repo	Raku	testData/smartEnter/Unit_after.p6	17	17	2	6	d927f249	2.8333	3.0000
raku-repo	Raku	testData/intention/EVALOfInterpolation.p6	51	51	2	22	c22ccbc1	2.3182	11.0000
raku-repo	Raku	testData/inline-call/cannotInlineMultipleReturnsBefore.p6	174	174	14	71	560eec9c	2.4507	5.0714
raku-repo	Raku	testData/intention/NonCapturingGroupIntoPosNonFlattingBefore.p6	37	37	1	20	80fbc1c7	1.8500	20.0000
raku-repo	Raku	testData/rename/Parameter.pm6	92	92	4	24	d6e2e447	3.8333	6.0000
raku-repo	Raku	testData/inline-call/stateVariableFailsBefore.p6	87	87	7	34	27028221	2.5588	4.8571
raku-repo	Raku	testData/smartEnter/ClassAfterTrait_after.p6	34	34	3	10	e112dbcc	3.4000	3.3333
raku-repo	Raku	testData/formatter/spacing-reverse.out.p6	231	231	16	104	35de464d	2.2212	6.5000
raku-repo	Raku	testData/intention/RemoveUnusedIsNotForParametersBefore.p6	26	26	1	11	b7256c99	2.3636	11.0000
raku-repo	Raku	testData/docs/quickLongRegex.p6	85	85	3	26	4aebac02	3.2692	8.6667
raku-repo	Raku	testData/inline-call/cannotInlineProtoBefore.p6	85	85	3	28	8466288c	3.0357	9.3333
raku-repo	Raku	testData/intention/ZeroToExclusiveVar.p6	17	17	2	9	860f77ef	1.8889	4.5000
raku-repo	Raku	testData/mover/BlockTestDataBeginUpCursor.p6	81	81	5	28	144edeb5	2.8929	5.6000
raku-repo	Raku	testData/block-extract/varUsedInDeclarationIsPassed.p6	142	142	9	46	6f7ff678	3.0870	5.1111
raku-repo	Raku	testData/findUsage/VariableFromParameter.p6	67	67	6	24	dc0bcc92	2.7917	4.0000
raku-repo	Raku	scripts/junit-failures.raku	1665	1663	37	430	4a9dc31a	3.8721	11.6216
raku-repo	Raku	testData/smartEnter/IfHandling_after.p6	24	24	3	12	7231589f	2.0000	4.0000
raku-repo	Raku	testData/intention/RemoveUnusedAttributeRemovesDocs.p6	41	41	4	14	7046c7a8	2.9286	3.5000
raku-repo	Raku	testData/block-extract/callchainFromSelection1Before.p6	59	59	3	20	5fad7e01	2.9500	6.6667
raku-repo	Raku	testData/regex-extract/grammar-rule-before.p6	229	229	12	92	42419a03	2.4891	7.6667
raku-repo	Raku	testData/intention/ConditionalBlockConversion1.p6	38	38	4	15	feeeea36	2.5333	3.7500
raku-repo	Raku	testData/block-extract/topFileSubroutineExtraction.p6	71	71	7	29	17e9a8a1	2.4483	4.1429
raku-repo	Raku	testData/docs/quickDocsLongPre.p6	87	87	7	24	0c2ec5d0	3.6250	3.4286
raku-repo	Raku	testData/mover/MultilineTestDataDown.p6	120	120	7	40	ee46b989	3.0000	5.7143
raku-repo	Raku	testData/surroundWith/givenSurround.p6	35	35	3	12	a7e96c0c	2.9167	4.0000
raku-repo	Raku	testData/parsing/protoregex-long-calls/ParsingTestData.p6	150	150	8	48	f7311193	3.1250	6.0000
raku-repo	Raku	testData/intention/TernaryStatementConversionBefore.p6	88	88	5	36	1f2eaa39	2.4444	7.2000
raku-repo	Raku	testData/smartEnter/LoopCondition.p6	32	32	1	17	01ebe812	1.8824	17.0000
raku-repo	Raku	testData/mover/Case7.p6	56	56	6	18	4587e211	3.1111	3.0000
raku-repo	Raku	testData/formatter/trailing-comma.out.p6	109	109	9	42	44fee4bb	2.5952	4.6667
raku-repo	Raku	testData/intention/EVALOfExpressionWithoutVarsBefore.p6	20	20	1	10	847cab79	2.0000	10.0000
raku-repo	Raku	testData/intention/PrivateMethodStubbingSignatureGenerationForSingleArgBefore.p6	94	94	7	26	54eba960	3.6154	3.7143
raku-repo	Raku	testData/formatter/spacing.in.p6	237	237	16	109	15c23189	2.1743	6.8125
raku-repo	Raku	testData/intention/PrivateMethodStubbing.p6	74	74	6	22	ed1eb349	3.3636	3.6667
raku-repo	Raku	testData/docs/quickDocsLong.p6	116	116	9	31	3d755efe	3.7419	3.4444
raku-repo	Raku	testData/parsing/callish-var-hash-indexed/ParsingTestData.p6	22	22	1	9	9136f938	2.4444	9.0000
raku-repo	Raku	testData/intention/ZeroToExclusiveVarBefore.p6	28	28	2	15	bcd57b0a	1.8667	7.5000
raku-repo	Raku	testData/rename/IdeaFoo/BaseAfter.pm6	88	88	6	27	d3de4474	3.2593	4.5000
raku-repo	Raku	testData/inline-call/namedArgumentsNoSave.p6	36	36	1	12	364a03e2	3.0000	12.0000
raku-repo	Raku	testData/rename/PrivateMethodsAfter.pm6	176	176	10	40	60de756a	4.4000	4.0000
raku-repo	Raku	testData/intention/ColonPairSimplificationBefore.p6	52	52	3	24	7e08ed12	2.1667	8.0000
raku-repo	Raku	testData/inline-call/rejectIncompleteCallBefore.p6	38	38	3	17	c9985bc6	2.2353	5.6667
raku-repo	Raku	testData/intention/ZeroToExclusiveN.p6	10	10	1	4	56e70c21	2.5000	4.0000
raku-repo	Raku	testData/inline-call/expressionInCallNoSave.p6	34	34	4	18	05a8d1e9	1.8889	4.5000
raku-repo	Raku	testData/intention/SubroutineDeletionBefore.p6	52	52	4	22	18211a2e	2.3636	5.5000
raku-repo	Raku	testData/formatter/call-staircase.out.p6	241	241	6	60	847ecf84	4.0167	10.0000
raku-repo	Raku	testData/inline-variable/multivarInitDoubleCaseRightNoSaveBefore.p6	112	112	7	50	8f4cb95a	2.2400	7.1429
raku-repo	Raku	testData/surroundWith/tryWhenSurround.p6	96	96	10	35	66b7b522	2.7429	3.5000
raku-repo	Raku	testData/block-extract/methodSingleScopePresence.p6	53	53	5	15	01d7b604	3.5333	3.0000
raku-repo	Raku	testData/intention/UnparenInfixBefore.p6	23	23	1	13	83e6b10a	1.7692	13.0000
raku-repo	Raku	testData/inline-call/expressionsAreParenthesised.p6	55	55	5	29	09b3b7c3	1.8966	5.8000
raku-repo	Raku	testData/mover/BlockTestDataBegin.p6	89	89	5	29	3c7e4955	3.0690	5.8000
raku-repo	Raku	testData/smartEnter/Unless.p6	19	19	1	5	ef2f7bf3	3.8000	5.0000
raku-repo	Raku	testData/regex-extract/basic-regex-capture-before.p6	229	229	12	92	45c80791	2.4891	7.6667
raku-repo	Raku	testData/codeInsight/defaultVariables/DefaultTestData3.pm6	25	25	3	9	4573784f	2.7778	3.0000
raku-repo	Raku	testData/intention/MethodDeletionBefore.p6	88	88	5	29	9380431d	3.0345	5.8000
raku-repo	Raku	testData/parsing/ternary-without-spaces/ParsingTestData.p6	245	245	2	78	17c9e140	3.1410	39.0000
raku-repo	Raku	testData/inline-call/simpleMethodInlineSaveBefore.p6	156	156	9	51	870c5517	3.0588	5.6667
raku-repo	Raku	testData/intention/NonCapturingGroupIntoNamedBefore.p6	54	54	3	26	2fbd8b4e	2.0769	8.6667
raku-repo	Raku	testData/parsing/colonpair-with-value/ParsingTestData.p6	6	6	1	4	8e7acc7c	1.5000	4.0000
raku-repo	Raku	testData/intention/AwaitAllOfUnwrapInfix.p6	14	14	1	8	7add67dc	1.7500	8.0000
raku-repo	Raku	testData/intention/ZeroToNBefore.p6	18	18	1	8	24fb5788	2.2500	8.0000
raku-repo	Raku	testData/parsing/fatarrow-regex/ParsingTestData.p6	12	12	1	6	5d9d5fa5	2.0000	6.0000
raku-repo	Raku	testData/editor/roles.pm6	106	106	11	26	7c6b4041	4.0769	2.3636
raku-repo	Raku	testData/findUsage/AttributeWithDash.p6	197	197	11	47	32b568d2	4.1915	4.2727
raku-repo	Raku	testData/inline-variable/inlineIntoNamedArg.p6	26	26	4	13	f710f25c	2.0000	3.2500
raku-repo	Raku	testData/intention/PrivateMethodHasPrivateVariableArgumentUpdated.p6	83	83	8	32	016ec55d	2.5938	4.0000
raku-repo	Raku	testData/intention/ColonpairToFatarrow.p6	24	24	1	10	7f3b76d2	2.4000	10.0000
raku-repo	Raku	testData/intention/RemoveUnusedAttributeRemovesDocsBefore.p6	123	123	9	49	6e5546a7	2.5102	5.4444
raku-repo	Raku	testData/rename/MultiPartTypeNested.pm6	149	149	9	49	6bd43f18	3.0408	5.4444
raku-repo	Raku	testData/completion/IdeaFoo/Bar9.pm6	32	32	3	11	a3741711	2.9091	3.6667
raku-repo	Raku	testData/rename/ArraySigil.pm6	52	52	4	22	93cb106c	2.3636	5.5000
raku-repo	Raku	testData/inline-variable/multivarInitSingleCaseLeftSaveBefore.p6	45	45	4	24	4ab94a1b	1.8750	6.0000
raku-repo	Raku	testData/parsing/multiline-pod/ParsingTestData.p6	253	253	12	65	346c4665	3.8923	5.4167
raku-repo	Raku	testData/findUsage/IdeaFoo8/User.pm6	63	63	4	23	8b6aa464	2.7391	5.7500
raku-repo	Raku	testData/block-extract/callchain.p6	74	74	6	24	a6255f48	3.0833	4.0000
raku-repo	Raku	testData/findUsage/IdeaFoo4/User.pm6	221	221	16	60	c463da2e	3.6833	3.7500
raku-repo	Raku	testData/intention/ConditionalBlockConversion1Before.p6	33	33	5	14	faf78900	2.3571	2.8000
raku-repo	Raku	testData/mover/Case6.p6	242	242	8	63	e3f36a11	3.8413	7.8750
raku-repo	Raku	testData/inline-call/expressionInCallNoSaveBefore.p6	64	64	7	33	08cb711c	1.9394	4.7143
raku-repo	Raku	testData/formatter/escapes.out.p6	128	128	7	40	7e7ce184	3.2000	5.7143
raku-repo	Raku	testData/intention/TernaryExprConversion.p6	60	60	3	26	9c8999f6	2.3077	8.6667
raku-repo	Raku	testData/editor/nameUsages.pm6	63	63	7	25	70a98bc0	2.5200	3.5714
raku-repo	Raku	testData/inline-variable/initManyUsages.p6	139	139	10	59	cd0a6df8	2.3559	5.9000
raku-repo	Raku	testData/inline-variable/scopeConflictExceptionBefore.p6	83	83	6	40	0292dec2	2.0750	6.6667
raku-repo	Raku	testData/inline-call/namedArgumentsReverseNoSaveBefore.p6	143	143	6	49	1a51ef2e	2.9184	8.1667
raku-repo	Raku	testData/inline-variable/intermediateAssignmentConflictBefore.p6	42	42	5	21	cc4b10c6	2.0000	4.2000
raku-repo	Raku	testData/inline-call/multiStatementBlockInlineSave.p6	97	97	11	42	59222145	2.3095	3.8182
raku-repo	Raku	testData/block-extract/varsSwapping.p6	147	147	9	56	5bde7f85	2.6250	6.2222
raku-repo	Raku	testData/intention/PositionalCapturingIntoNamed.p6	52	52	4	30	cbf1118d	1.7333	7.5000
raku-repo	Raku	testData/inline-call/cannotInlineMultiBefore.p6	84	84	3	27	4b9a9bad	3.1111	9.0000
raku-repo	Raku	testData/intention/ZeroToN.p6	10	10	1	4	56e70c21	2.5000	4.0000
raku-repo	Raku	testData/intention/AttributeRequiredOnNameBefore.p6	33	33	3	13	b73c01c8	2.5385	4.3333
raku-repo	Raku	testData/mover/Case2.p6	69	69	6	25	77c4eced	2.7600	4.1667
raku-repo	Raku	testData/surroundWith/tryWhenSurroundBefore.p6	72	72	5	26	fdb806d3	2.7692	5.2000
raku-repo	Raku	testData/mover/Case9Down.p6	78	78	10	33	69fcc63d	2.3636	3.3000
raku-repo	Raku	testData/inline-call/cannotInlineWhenLexicalsAreUnavailableBefore.p6	92	92	9	27	43a3f60e	3.4074	3.0000
raku-repo	Raku	testData/rename/MultiPartType.pm6	229	229	12	70	2f4e5a11	3.2714	5.8333
raku-repo	Raku	testData/block-extract/subNestedScopePresence.p6	60	60	5	18	0ffd972f	3.3333	3.6000
raku-repo	Raku	testData/docs/paramIntegration3.p6	505	505	24	138	967192ba	3.6594	5.7500
raku-repo	Raku	testData/intention/ConstConstantVarFix.p6	14	14	1	4	12b65d88	3.5000	4.0000
raku-repo	Raku	testData/parsing/parameter-trait-after-type/ParsingTestData.p6	93	93	1	25	c2d36d21	3.7200	25.0000
raku-repo	Raku	testData/regex-extract/grammar-rule.p6	265	265	19	102	d534bf06	2.5980	5.3684
raku-repo	Raku	testData/rename/IdeaFoo2/UserAfter.pm6	45	45	3	18	ca6e1eb8	2.5000	6.0000
raku-repo	Raku	testData/inline-call/singleStatementBlockInlineSave.p6	32	32	5	15	896fb5d0	2.1333	3.0000
raku-repo	Raku	testData/intention/PackageTypeChangeOnTypeNameIntentionBefore.p6	19	19	1	7	8a6daaae	2.7143	7.0000
raku-repo	Raku	testData/intention/RemoveUnusedAttribute.p6	57	57	5	20	44d91c47	2.8500	4.0000
raku-repo	Raku	testData/mover/Case10Down.p6	59	59	4	27	aba51d3a	2.1852	6.7500
raku-repo	Raku	testData/intention/FatArrowSimplificationBefore.p6	53	53	3	25	68a5692e	2.1200	8.3333
raku-repo	Raku	testData/formatter/traits.in.p6	373	373	23	94	b874b07e	3.9681	4.0870
raku-repo	Raku	testData/smartEnter/ClassAfterName.p6	16	16	1	5	f779afe1	3.2000	5.0000
raku-repo	Raku	testData/intention/HyperOpsComplete.p6	25	23	2	14	262245df	1.7857	7.0000
raku-repo	Raku	testData/surroundWith/arrayContextualizerSurround.p6	83	83	7	35	4ec7cacb	2.3714	5.0000
raku-repo	Raku	testData/intention/OrderOfNamedVariablesInCallIsFixedBefore.p6	71	71	5	27	a25ba477	2.6296	5.4000
raku-repo	Raku	testData/findUsage/TypeDefinition.p6	48	48	4	19	7d1b3bc3	2.5263	4.7500
raku-repo	Raku	testData/surroundWith/withoutSurround.p6	106	106	7	24	d874ecab	4.4167	3.4286
raku-repo	Raku	testData/block-extract/varRenaming.p6	79	79	7	30	6c5ab7d4	2.6333	4.2857
raku-repo	Raku	testData/surroundWith/tryDefaultSurround.p6	65	65	6	21	d2a2f8f9	3.0952	3.5000
raku-repo	Raku	testData/formatter/trailing-comma.in.p6	125	125	9	43	79ad6c2b	2.9070	4.7778
raku-repo	Raku	testData/surroundWith/arrayContextualizerSurroundBefore.p6	92	92	5	35	0395ab08	2.6286	7.0000
raku-repo	Raku	testData/findUsage/RoleClassAttribute.p6	197	197	19	62	0e1b1878	3.1774	3.2632
raku-repo	Raku	testData/intention/NoUnicodeEditingInStringsBefore.p6	36	36	1	23	771f9f5c	1.5652	23.0000
raku-repo	Raku	testData/smartEnter/MultilineStatement_after.p6	43	43	3	18	e11c23b7	2.3889	6.0000
raku-repo	Raku	testData/intention/SplittingDeclaration.p6	56	56	4	27	6aab3fe3	2.0741	6.7500
raku-repo	Raku	testData/findUsage/IdeaFoo5/User.pm6	75	75	6	27	2ac9b7ca	2.7778	4.5000
raku-repo	Raku	testData/parsing/signature-onearg-quant/ParsingTestData.p6	15	15	1	7	64429642	2.1429	7.0000
raku-repo	Raku	testData/parsing/transliteration/ParsingTestData.p6	54	54	2	31	bc9455d0	1.7419	15.5000
raku-repo	Raku	testData/findUsage/VariableBlock.p6	48	48	6	20	09ce1b0b	2.4000	3.3333
raku-repo	Raku	testData/docs/quickDocsMethod.p6	158	158	9	49	79458d2d	3.2245	5.4444
raku-repo	Raku	testData/mover/Heredoc1Cursor.p6	400	400	9	102	c747e421	3.9216	11.3333
raku-repo	Raku	testData/formatter/spacing-reverse.in.p6	239	239	16	110	33e44d3f	2.1727	6.8750
raku-repo	Raku	testData/docs/operatorDocs.p6	20	20	1	11	993566f5	1.8182	11.0000
raku-repo	Raku	testData/parsing/reduce-metaop-bug/ParsingTestData.p6	822	822	22	247	2c4b99ee	3.3279	11.2273
raku-repo	Raku	testData/inline-variable/multivarInitSingleCaseRightSaveBefore.p6	45	45	4	24	43efcf7d	1.8750	6.0000
raku-repo	Raku	testData/smartEnter/StatementAfterCallWithSemicolon_after.p6	15	15	2	7	1bf35dd7	2.1429	3.5000
raku-repo	Raku	testData/inline-call/positionalArgumentsNoSave.p6	45	45	5	24	1ec1980b	1.8750	4.8000
raku-repo	Raku	testData/formatter/space-before-semi.out.p6	13	13	1	7	4236d623	1.8571	7.0000
raku-repo	Raku	testData/block-extract/methodOuterClassScopePresence.p6	202	202	13	39	d72c7033	5.1795	3.0000
raku-repo	Raku	testData/inline-call/singleReturnMulticallSaveBefore.p6	58	58	6	23	f04db88a	2.5217	3.8333
raku-repo	Raku	testData/parsing/labels/ParsingTestData.p6	31	31	3	15	9d0b8962	2.0667	5.0000
raku-repo	Raku	testData/smartEnter/LoopOutside_after.p6	45	45	3	23	9ed21c03	1.9565	7.6667
raku-repo	Raku	testData/formatter/basic-hash.in.p6	70	70	4	22	72c86308	3.1818	5.5000
raku-repo	Raku	testData/inline-variable/initSingleUsageNoSaveBefore.p6	29	29	2	15	9261bde1	1.9333	7.5000
raku-repo	Raku	testData/intention/PackageTypeChangeIntoMonitorIntention.p6	40	40	4	12	3786a0ba	3.3333	3.0000
raku-repo	Raku	testData/findUsage/Variable.p6	37	37	5	16	3f77de33	2.3125	3.2000
raku-repo	Raku	testData/formatter/indentation-reverse.out.p6	300	298	19	117	52895752	2.5641	6.1579
raku-repo	Raku	testData/completion/IdeaFoo/Bar5.pm6	41	41	3	16	f0a7191c	2.5625	5.3333
raku-repo	Raku	testData/smartEnter/ClassAfterBadCharacter_after.p6	21	21	1	7	885441ee	3.0000	7.0000
raku-repo	Raku	testData/mover/MultilineTestDataUp.p6	120	120	7	40	4b6f155f	3.0000	5.7143
raku-repo	Raku	testData/intention/PrivateMethodHasPrivateVariableArgumentUpdatedBefore.p6	66	66	7	27	9f212c16	2.4444	3.8571
raku-repo	Raku	testData/intention/WhileOneSimplification.p6	79	79	6	26	a2b6e922	3.0385	4.3333
raku-repo	Raku	testData/formatter/hash-multiline-values.in.p6	104	104	9	47	4d7eaa82	2.2128	5.2222
raku-repo	Raku	testData/formatter/indentation-tab.in.p6	273	271	19	117	95846e28	2.3333	6.1579
raku-repo	Raku	testData/inline-variable/multivarInitDoubleCaseCenterNoSave.p6	95	95	7	41	68fa5b24	2.3171	5.8571
raku-repo	Raku	testData/formatter/break-lines.out.p6	38	38	3	18	1c768960	2.1111	6.0000
raku-repo	Raku	testData/intention/AttributeRequiredWithDefaultBefore.p6	39	39	3	15	3fbd160f	2.6000	5.0000
raku-repo	Raku	testData/smartEnter/LoopInsideOfBlock_after.p6	56	56	5	21	82be5d84	2.6667	4.2000
raku-repo	Raku	testData/intention/WithConstructionFixBefore.p6	78	78	6	23	f89b331b	3.3913	3.8333
raku-repo	Raku	testData/intention/ASCIIToUni.p6	24	22	1	15	8df2b353	1.6000	15.0000
raku-repo	Raku	testData/block-extract/varRenamingBefore.p6	57	57	4	20	0374c005	2.8500	5.0000
raku-repo	Raku	testData/surroundWith/unlessSurroundBefore.p6	52	52	3	16	da8dc2a9	3.2500	5.3333
raku-repo	Raku	testData/surroundWith/startSurroundBefore.p6	73	73	5	23	9159554c	3.1739	4.6000
raku-repo	Raku	testData/block-extract/subFilePresence.p6	12	12	1	4	94e87689	3.0000	4.0000
raku-repo	Raku	testData/intention/ColonpairForms3Before.p6	55	55	3	26	30beda64	2.1154	8.6667
raku-repo	Raku	testData/intention/TernaryExprConversionBefore.p6	52	52	3	24	10acf1cc	2.1667	8.0000
raku-repo	Raku	testData/intention/UniTermToASCII.p6	6	6	1	2	cdf8bb7b	3.0000	2.0000
raku-repo	Raku	testData/intention/ColonpairToFatarrowParenBefore.p6	21	21	1	10	1781c9dc	2.1000	10.0000
raku-repo	Raku	testData/mover/BlockTestDataBeginUp.p6	81	81	5	28	00c1e1e5	2.8929	5.6000
raku-repo	Raku	testData/docs/quickDocsAttributeNoInit.p6	149	149	12	48	46f81c4d	3.1042	4.0000
raku-repo	Raku	testData/inline-variable/multivarInitSingleCaseLeftNoSave.p6	28	28	4	15	6929d7c3	1.8667	3.7500
raku-repo	Raku	testData/intention/UniToASCIIBefore.p6	48	46	2	25	f1f5f3b2	1.9200	12.5000
raku-repo	Raku	testData/formatter/comment.out.p6	151	151	6	38	89383709	3.9737	6.3333
raku-repo	Raku	testData/parsing/signature-invocant/ParsingTestData.p6	56	56	5	23	ced55d88	2.4348	4.6000
raku-repo	Raku	testData/parsing/space-after-prefix/ParsingTestData.p6	544	544	17	151	a0a75588	3.6026	8.8824
raku-repo	Raku	testData/formatter/indentation.out.p6	329	327	19	117	5862ac38	2.8120	6.1579
raku-repo	Raku	testData/docs/quickSubset.p6	51	51	3	18	b99a087d	2.8333	6.0000
raku-repo	Raku	testData/intention/FatArrowSimplificationFalse.p6	33	33	3	15	d40360c0	2.2000	5.0000
raku-repo	Raku	testData/parsing/lowercase-constant-term/ParsingTestData.p6	82	82	5	30	9c05eb7a	2.7333	6.0000
raku-repo	Raku	testData/parsing/constant-with-export-tag/ParsingTestData.p6	46	46	1	15	2ffcca08	3.0667	15.0000
raku-repo	Raku	testData/parsing/default-trait/ParsingTestData.p6	214	214	4	57	3f841643	3.7544	14.2500
raku-repo	Raku	testData/intention/ZeroToVar.p6	17	17	2	9	860f77ef	1.8889	4.5000
raku-repo	Raku	testData/intention/PackageTypeChangesInheritanceCompositionBefore.p6	42	42	3	14	3c2aaa5d	3.0000	4.6667
raku-repo	Raku	testData/intention/WithConstructionMultiFixBefore.p6	47	47	5	17	6c407152	2.7647	3.4000
raku-repo	Raku	testData/parsing/rx-square-quotes/ParsingTestData.p6	47	43	1	22	7f20cc01	2.1364	22.0000
raku-repo	Raku	testData/smartEnter/PackageAfterName.p6	23	23	1	6	dca9f9ba	3.8333	6.0000
raku-repo	Raku	testData/completion/IdeaFoo/Bar6.pm6	83	83	7	25	24671c66	3.3200	3.5714
raku-repo	Raku	testData/inline-variable/multivarInitDoubleCaseRightNoSave.p6	91	91	7	42	203535e0	2.1667	6.0000
raku-repo	Raku	testData/block-extract/inClassMethodExtraction.p6	106	106	8	28	d35a76f5	3.7857	3.5000
raku-repo	Raku	testData/parsing/not-really-pod/ParsingTestData.p6	19	19	1	3	21e5bd30	6.3333	3.0000
raku-repo	Raku	testData/findUsage/IdeaFoo8/Base.pm6	17	17	1	5	ed714c64	3.4000	5.0000
raku-repo	Raku	testData/smartEnter/MultilineStatementWithSemicolon.p6	42	42	2	17	b26e02b1	2.4706	8.5000
raku-repo	Raku	testData/intention/ConstConstantKeywordFix.p6	18	18	1	7	cde49908	2.5714	7.0000
raku-repo	Raku	testData/intention/SplittingDeclarationBefore.p6	45	45	1	23	017ecfac	1.9565	23.0000
raku-repo	Raku	testData/block-extract/constructWithBracesExtractionAsLastExpr.p6	198	198	14	53	e5573790	3.7358	3.7857
raku-repo	Raku	testData/inline-variable/multivarInitDoubleCaseRightSaveBefore.p6	112	112	7	50	97ce21ca	2.2400	7.1429
raku-repo	Raku	testData/inline-call/singleReturnMulticallNoSave.p6	60	60	7	26	05bd0d54	2.3077	3.7143
raku-repo	Raku	testData/inline-call/acceptIncompleteCallWithDefaultBefore.p6	68	68	5	31	cde74d69	2.1935	6.2000
raku-repo	Raku	testData/inline-call/cannotInlineWithNameShadowedBefore.p6	88	88	6	35	ea721859	2.5143	5.8333
raku-repo	Raku	testData/block-extract/varsUsedAreNotDuplicated.p6	108	108	10	41	aed3e49d	2.6341	4.1000
raku-repo	Raku	testData/inline-call/cannotInlineNonTrailingReturnBefore.p6	73	73	7	27	0557fbf5	2.7037	3.8571
raku-repo	Raku	testData/smartEnter/GivenWhen_after.p6	47	47	5	16	36a46535	2.9375	3.2000
raku-repo	Raku	testData/rename/IdeaFoo2/User.pm6	45	45	3	16	9887232e	2.8125	5.3333
raku-repo	Raku	testData/smartEnter/StatementAfterCall_after.p6	15	15	2	7	1bf35dd7	2.1429	3.5000
raku-repo	Raku	testData/formatter/hash-multiline-values.out.p6	113	113	9	47	ac61518c	2.4043	5.2222
raku-repo	Raku	testData/intention/AwaitAllOfUnwrapInfixBefore.p6	36	36	1	17	732713c1	2.1176	17.0000
raku-repo	Raku	testData/block-extract/topFileMethodImpossibleBefore.p6	57	57	4	23	a9a76989	2.4783	5.7500
raku-repo	Raku	testData/intention/RemoveUnusedAttributeBefore.p6	82	82	6	30	8570c368	2.7333	5.0000
raku-repo	Raku	testData/multi-module/Module/Walks.pm6	303	303	15	79	ea640bc3	3.8354	5.2667
raku-repo	Raku	testData/intention/PackageTypeChangeIntention.p6	14	14	3	4	53f47241	3.5000	1.3333
raku-repo	Raku	testData/mover/Case5.p6	20	20	2	8	60d2eb95	2.5000	4.0000
raku-repo	Raku	testData/intention/BindingDestructuringFix.p6	35	35	1	22	026f4339	1.5909	22.0000
raku-repo	Raku	testData/mover/Case8Down.p6	55	55	5	18	b76b9a56	3.0556	3.6000
raku-repo	Raku	testData/block-extract/subroutineExtractionTwoLevelsUpBefore.p6	209	209	11	49	7f88fe57	4.2653	4.4545
raku-repo	Raku	testData/intention/AttributeRequiredNoDoublingBefore.p6	51	51	3	16	a01a5322	3.1875	5.3333
raku-repo	Raku	testData/inline-call/simpleMethodInlineSave.p6	149	149	9	49	cae369c5	3.0408	5.4444
raku-repo	Raku	testData/intention/MakeMethodPublicIntention.p6	93	93	7	24	9102f18b	3.8750	3.4286
raku-repo	Raku	testData/parsing/smiley/ParsingTestData.p6	29	29	1	10	2776baf8	2.9000	10.0000
raku-repo	Raku	testData/rename/IdeaFoo3/Base.pm6	190	190	11	44	719ce2f7	4.3182	4.0000
raku-repo	Raku	testData/intention/UniToASCII.p6	41	41	2	22	90bcc77d	1.8636	11.0000
raku-repo	Raku	testData/formatter/align.out.p6	592	592	39	168	6078d7aa	3.5238	4.3077
raku-repo	Raku	testData/smartEnter/ClassAfterTrait.p6	25	25	1	7	57fe6454	3.5714	7.0000
raku-repo	Raku	testData/formatter/heredoc-with-indent.in.p6	92	92	7	37	d5a4f18d	2.4865	5.2857
raku-repo	Raku	testData/inline-call/multiStatementBlockInlineNoSave.p6	49	49	5	24	54817d15	2.0417	4.8000
raku-repo	Raku	testData/intention/PackageTypeChangeIntoMonitorPresent.p6	40	40	4	12	3786a0ba	3.3333	3.0000
raku-repo	Raku	testData/intention/PackageTypeChangesInheritanceIntentionBefore.p6	34	34	3	12	742952c9	2.8333	4.0000
raku-repo	Raku	testData/intention/SubDeletionRemovesDocsBefore.p6	165	165	13	49	9e366644	3.3673	3.7692
raku-repo	Raku	testData/parsing/does-lexer-bug/ParsingTestData.p6	36	36	1	15	22599d27	2.4000	15.0000
raku-repo	Raku	testData/intention/PrivateMethodStubbingWithoutEnclosingRoutineBefore.p6	45	45	3	16	20245392	2.8125	5.3333
raku-repo	Raku	testData/smartEnter/ClassAfterBlockoid_after.p6	25	25	3	8	119153de	3.1250	2.6667
raku-repo	Raku	testData/smartEnter/Unit.p6	16	16	1	5	653f538c	3.2000	5.0000
raku-repo	Raku	testData/inline-call/singleReturnMulticallNoSaveBefore.p6	58	58	6	23	35db42e4	2.5217	3.8333
raku-repo	Raku	testData/intention/PackageTypeChangeIntentionBefore.p6	20	20	3	8	e7ea7b1a	2.5000	2.6667
raku-repo	Raku	testData/surroundWith/trySurroundBefore.p6	49	49	3	16	1ec7f732	3.0625	5.3333
raku-repo	Raku	testData/intention/GrepFirstFixWhateverSingle.p6	27	27	1	11	9aeaa30b	2.4545	11.0000
raku-repo	Raku	testData/regex-extract/basic-rule-before.p6	229	229	12	92	45c80791	2.4891	7.6667
raku-repo	Raku	testData/intention/ZeroToExclusiveNBefore.p6	20	20	1	9	51f495f4	2.2222	9.0000
raku-repo	Raku	testData/surroundWith/arrayComposerSurround.p6	40	40	5	12	284fe839	3.3333	2.4000
raku-repo	Raku	testData/formatter/assorted.out.p6	1043	1043	80	309	890c3987	3.3754	3.8625
raku-repo	Raku	testData/rename/GrammarRule.pm6	60	60	4	19	7a2edab0	3.1579	4.7500
raku-repo	Raku	testData/mover/Case7Down.p6	56	56	6	18	dcbe3465	3.1111	3.0000
raku-repo	Raku	testData/smartEnter/StatementAfterCall.p6	13	13	1	6	a93a65b4	2.1667	6.0000
raku-repo	Raku	testData/surroundWith/pointyBlockExpr.p6	45	45	5	14	ce7d8778	3.2143	2.8000
raku-repo	Raku	testData/formatter/basic.out.p6	366	366	24	100	21af262e	3.6600	4.1667
raku-repo	Raku	testData/intention/PrivateMethodStubbingFromUnfinishedVariableBefore.p6	42	42	1	18	90af4766	2.3333	18.0000
raku-repo	Raku	testData/docs/paramIntegration1.p6	447	447	22	122	a36a54c0	3.6639	5.5455
raku-repo	Raku	testData/regex-extract/grammar.p6	285	285	19	112	022094ce	2.5446	5.8947
raku-repo	Raku	testData/docs/quickDocsPrivateMethod.p6	159	159	9	52	34c3d631	3.0577	5.7778
raku-repo	Raku	testData/intention/PrivateMethodStubbingSignatureGenerationBefore.p6	230	230	9	78	e64c88a4	2.9487	8.6667
raku-repo	Raku	testData/formatter/blocks.out.p6	51	51	4	14	d426118f	3.6429	3.5000
raku-repo	Raku	testData/intention/HyperOpsOnMapBefore.p6	32	31	2	14	9c65a015	2.2857	7.0000
raku-repo	Raku	testData/intention/OrderOfNamedVariablesInCallIsFixed.p6	101	101	6	42	4a159466	2.4048	7.0000
raku-repo	Raku	testData/intention/MakeMethodSubmethod.p6	32	32	3	8	a9407694	4.0000	2.6667
raku-repo	Raku	testData/inline-call/singleNamedArgumentNoSave.p6	26	26	1	8	191cb409	3.2500	8.0000
raku-repo	Raku	testData/parsing/contextualizer/ParsingTestData.p6	43	43	1	18	0501f4b4	2.3889	18.0000
raku-repo	Raku	testData/surroundWith/regexGroupBefore.p6	48	48	1	16	6f10edb3	3.0000	16.0000
raku-repo	Raku	testData/annotation/TrustedClass.pm6	125	125	10	38	d9b0f02b	3.2895	3.8000
raku-repo	Raku	testData/inline-variable/multivarInitDoubleCaseLeftSave.p6	102	102	7	46	b3ae403c	2.2174	6.5714
raku-repo	Raku	testData/completion/IdeaFoo/Baz.pm6	508	508	36	127	096d1895	4.0000	3.5278
raku-repo	Raku	testData/reference/IdeaFoo/Baz.pm6	108	108	10	30	212195b0	3.6000	3.0000
raku-repo	Raku	testData/surroundWith/ifSurroundBefore.p6	114	114	9	33	67fb1702	3.4545	3.6667
raku-repo	Raku	testData/block-extract/attributesToSubArePassed.p6	181	181	12	67	fda19d3f	2.7015	5.5833
raku-repo	Raku	testData/smartEnter/LoopCondition_after.p6	41	41	3	21	dfd2e232	1.9524	7.0000
raku-repo	Raku	testData/block-extract/selfInSameClassMethodIsUntouched.p6	176	176	12	46	a82255bb	3.8261	3.8333
raku-repo	Raku	testData/intention/PackageTypeChangesInheritanceIntention.p6	28	28	3	8	49d5a773	3.5000	2.6667
raku-repo	Raku	testData/block-extract/selfInSameClassMethodIsUntouchedBefore.p6	150	150	9	43	e51aba18	3.4884	4.7778
raku-repo	Raku	testData/findUsage/Sub.p6	97	97	13	35	8aa333e9	2.7714	2.6923
raku-repo	Raku	testData/regex-extract/basic-before.p6	229	229	12	92	45c80791	2.4891	7.6667
raku-repo	Raku	testData/surroundWith/regexPositionalBefore.p6	38	38	1	15	ef6bae4c	2.5333	15.0000
raku-repo	Raku	testData/inline-variable/namedParameterSingleUsageSaveBefore.p6	73	73	5	36	ff8a0c3f	2.0278	7.2000
raku-repo	Raku	testData/inline-variable/noAssignmentExceptionBefore.p6	26	26	3	12	381fe7d3	2.1667	4.0000
raku-repo	Raku	testData/surroundWith/whenSurroundBefore.p6	49	49	3	17	4d6c11f4	2.8824	5.6667
raku-repo	Raku	testData/formatter/align.in.p6	453	453	31	153	c5e465ee	2.9608	4.9355
raku-repo	Raku	testData/surroundWith/arrayComposerSurroundBefore.p6	44	44	3	13	f3fcdcfd	3.3846	4.3333
raku-repo	Raku	testData/regex-extract/grammar-before.p6	229	229	12	92	7f65c7ff	2.4891	7.6667
raku-repo	Raku	testData/block-extract/callchainFromSelection2.p6	74	74	6	24	a6255f48	3.0833	4.0000
raku-repo	Raku	testData/intention/FatArrowSimplificationTrue.p6	32	32	3	14	e3467a85	2.2857	4.6667
raku-repo	Raku	testData/intention/ColonpairForms1.p6	52	52	3	26	ab0e54af	2.0000	8.6667
raku-repo	Raku	testData/formatter/indentation.in.p6	273	271	19	117	95846e28	2.3333	6.1579
raku-repo	Raku	testData/findUsage/Grammar.p6	64	64	5	17	e87a4851	3.7647	3.4000
raku-repo	Raku	testData/formatter/braces.out.p6	326	326	27	88	72e30f05	3.7045	3.2593
raku-repo	Raku	testData/intention/PrivateMethodStubbingReformatsOnlyAddedBlockBefore.p6	88	88	5	28	0dd0f2ed	3.1429	5.6000
raku-repo	Raku	testData/block-extract/topFileSubroutineExtractionBefore.p6	57	57	4	23	a9a76989	2.4783	5.7500
raku-repo	Raku	testData/formatter/hash.out.p6	165	165	11	64	43e4154a	2.5781	5.8182
raku-repo	Raku	testData/smartEnter/WhitespaceIsNotCaptured.p6	19	19	5	7	fdcebd22	2.7143	1.4000
raku-repo	Raku	testData/formatter/traits.out.p6	420	420	23	95	f63eee92	4.4211	4.1304
raku-repo	Raku	testData/inline-variable/positionalParameterSingleUsageNoSaveBefore.p6	73	73	5	36	06b515e9	2.0278	7.2000
raku-repo	Raku	testData/intention/PrivateMethodStubbingSignatureGenerationForSingleArg.p6	113	113	8	32	ce92a667	3.5313	4.0000
raku-repo	Raku	testData/rename/Type.pm6	169	169	12	46	02e0ba0f	3.6739	3.8333
raku-repo	Raku	testData/smartEnter/For2.p6	15	15	1	7	6c47ca4f	2.1429	7.0000
raku-repo	Raku	testData/inline-call/emptyRoutineIsReplacedWithNilBefore.p6	43	43	5	15	762cd709	2.8667	3.0000
raku-repo	Raku	testData/parsing/package-adverbs/ParsingTestData.p6	28	28	1	12	b926d196	2.3333	12.0000
raku-repo	Raku	testData/mover/BlockTestDataUp.p6	88	88	6	33	d5937db0	2.6667	5.5000
raku-repo	Raku	testData/smartEnter/ClassAfterSemiBlockoid.p6	19	19	1	5	a2c8857a	3.8000	5.0000
raku-repo	Raku	testData/rename/AttrWithHyphen.pm6	38	38	3	15	454e0fab	2.5333	5.0000
raku-repo	Raku	testData/smartEnter/LoopInsideOfBlock.p6	39	39	3	17	1b07f91e	2.2941	5.6667
raku-repo	Raku	testData/surroundWith/regexPositional.p6	16	16	1	10	54fa8c08	1.6000	10.0000
raku-repo	Raku	testData/block-extract/lexicalSubBeingPassedBefore.p6	156	156	10	58	80944010	2.6897	5.8000
raku-repo	Raku	testData/inline-call/positionalArgumentNoSave.p6	26	26	1	10	db501847	2.6000	10.0000
raku-repo	Raku	testData/intention/FatArrowSimplificationTrueBefore.p6	46	46	3	20	ef651691	2.3000	6.6667
raku-repo	Raku	testData/inline-variable/multivarInitSingleCaseRightNoSaveBefore.p6	45	45	4	24	3000d50d	1.8750	6.0000
raku-repo	Raku	testData/intention/SubroutineExportingQuickfixWithTraitsBefore.p6	57	57	3	19	b5e17105	3.0000	6.3333
raku-repo	Raku	testData/intention/ColonpairToFatarrowParen.p6	22	22	1	9	ab4649d4	2.4444	9.0000
raku-repo	Raku	testData/intention/RecursiveRoleMethodsStubbingBefore.p6	119	119	3	39	9d1e5a93	3.0513	13.0000
raku-repo	Raku	testData/surroundWith/regexNamed.p6	88	88	6	32	5b96331c	2.7500	5.3333
raku-repo	Raku	testData/intention/HyperOpsIncompleteBefore.p6	30	30	2	15	fa27e7d0	2.0000	7.5000
raku-repo	Raku	testData/inline-call/singleNamedArgumentNoSaveBefore.p6	104	104	5	32	ffbecdc9	3.2500	6.4000
raku-repo	Raku	testData/inline-call/singleReturnMulticallSave.p6	72	72	9	29	4913df1c	2.4828	3.2222
raku-repo	Raku	testData/intention/ColonpairToFatarrowBefore.p6	21	21	1	11	8afa4065	1.9091	11.0000
raku-repo	Raku	testData/findUsage/IdeaFoo/User.pm6	34	34	3	13	f6238c0f	2.6154	4.3333
raku-repo	Raku	testData/intention/GrepFirstFixBlockManyBefore.p6	40	40	1	15	332baccb	2.6667	15.0000
raku-repo	Raku	testData/intention/NoQuotesConversionForStrBefore.p6	15	15	1	7	795e4472	2.1429	7.0000
raku-repo	Raku	testData/inline-variable/multivarInitDoubleCaseLeftSaveBefore.p6	112	112	7	50	8132920e	2.2400	7.1429
raku-repo	Raku	testData/intention/ASCIITermToUniBefore.p6	10	10	1	4	65c7dd18	2.5000	4.0000
raku-repo	Raku	testData/block-extract/attributesToNewNearMethodAreNotPassedBefore.p6	170	170	11	51	e917e3d4	3.3333	4.6364
raku-repo	Raku	testData/completion/IdeaFoo/Bar1.pm6	82	82	7	26	51a9b4ab	3.1538	3.7143
raku-repo	Raku	testData/parsing/regex-escaped-hash/ParsingTestData.p6	77	77	3	28	a807daa6	2.7500	9.3333
raku-repo	Raku	testData/intention/ColonpairForms2Before.p6	55	55	3	27	bcf244d6	2.0370	9.0000
raku-repo	Raku	testData/rename/PrivateAttributeAfter.pm6	148	148	13	43	63c9feb2	3.4419	3.3077
raku-repo	Raku	testData/mover/Heredoc3.p6	411	411	11	104	8a85ff81	3.9519	9.4545
raku-repo	Raku	testData/formatter/heredoc.in.p6	85	85	7	30	6717e695	2.8333	4.2857
raku-repo	Raku	testData/outputFilter/IdeaFoo/Test.pm6	39	39	39	2	046cc88d	19.5000	0.0513
raku-repo	Raku	testData/intention/EVALOfVariableBefore.p6	30	30	1	15	9e2cac34	2.0000	15.0000
raku-repo	Raku	testData/parsing/longtoken/ParsingTestData.p6	616	616	20	228	2235dd6c	2.7018	11.4000
raku-repo	Raku	testData/codeInsight/defaultVariables/DefaultTestData4.pm6	24	24	3	9	9318d2dc	2.6667	3.0000
raku-repo	Raku	testData/intention/ZeroToExclusiveVarInParentheses.p6	17	17	2	9	860f77ef	1.8889	4.5000
raku-repo	Raku	testData/intention/RoleMethodsStubbing.p6	123	123	5	40	6234dbbf	3.0750	8.0000
raku-repo	Raku	testData/intention/WithoutConstructionFixBefore.p6	55	55	5	19	a06afc32	2.8947	3.8000
raku-repo	Raku	testData/annotation/CallArity.pm6	2472	2472	65	758	c934725e	3.2612	11.6615
raku-repo	Raku	testData/intention/FatarrowToColonpair.p6	14	14	1	5	812bf75c	2.8000	5.0000
raku-repo	Raku	testData/parsing/grammar/ParsingTestData.p6	901	901	60	296	cdc15064	3.0439	4.9333
raku-repo	Raku	testData/formatter/align-wrap.out.p6	541	541	35	161	19b3b4c2	3.3602	4.6000
raku-repo	Raku	testData/intention/AttributeRequiredNoTraits.p6	40	40	3	11	9f852cc9	3.6364	3.6667
raku-repo	Raku	testData/inline-variable/positionalParameterSingleUsageSave.p6	65	65	5	34	eb5c7c8c	1.9118	6.8000
raku-repo	Raku	testData/intention/RecursiveRoleMethodsStubbing.p6	184	184	6	57	6f84850d	3.2281	9.5000
raku-repo	Raku	testData/inline-variable/initSingleUsageNoSave.p6	6	6	1	4	88a2e9fc	1.5000	4.0000
raku-repo	Raku	testData/intention/UseDirectAttributeAccessBefore.p6	75	75	6	25	fb3501bd	3.0000	4.1667
raku-repo	Raku	testData/intention/ColonPairSimplificationFalse.p6	33	33	3	15	d40360c0	2.2000	5.0000
raku-repo	Raku	testData/inline-call/namedArgumentsNoSaveBefore.p6	105	105	5	38	46689f62	2.7632	7.6000
raku-repo	Raku	testData/rename/IdeaFoo/UserAfter.pm6	37	37	3	11	af7c1f56	3.3636	3.6667
raku-repo	Raku	testData/surroundWith/forSurround.p6	58	58	5	19	ae572e31	3.0526	3.8000
raku-repo	Raku	testData/block-extract/localDeclarationsAreNotPassed.p6	149	149	10	48	7c7bb804	3.1042	4.8000
raku-repo	Raku	testData/intention/ASCIITermToUni.p6	3	1	1	2	24a018d6	1.5000	2.0000
raku-repo	Raku	testData/intention/PackageTypeChangeIntoMonitorPresentBefore.p6	44	44	4	16	be439a21	2.7500	4.0000
raku-repo	Raku	testData/inline-variable/lateSingleInitCaseExceptionBefore.p6	64	64	7	26	0b60d7b1	2.4615	3.7143
raku-repo	Raku	testData/rename/SubroutinesAfter.pm6	145	145	7	57	9c066e25	2.5439	8.1429
raku-repo	Raku	testData/inline-variable/multivarInitSingleCaseRightSave.p6	38	38	4	22	d25db554	1.7273	5.5000
raku-repo	Raku	testData/parsing/use-ok/ParsingTestData.p6	58	58	1	20	44539374	2.9000	20.0000
raku-repo	Raku	testData/surroundWith/ifSurround.p6	135	135	11	34	ae695cc2	3.9706	3.0909
raku-repo	Raku	testData/intention/MyVariableExport.p6	19	19	1	6	41f67b4a	3.1667	6.0000
raku-repo	Raku	testData/intention/ConstSubFixBefore.p6	16	16	1	9	f97fffb8	1.7778	9.0000
raku-repo	Raku	testData/smartEnter/ClassAfterWhiteSpace_after.p6	25	25	3	8	119153de	3.1250	2.6667
raku-repo	Raku	testData/rename/MultiPartTypeAfter.pm6	229	229	12	81	fd403909	2.8272	6.7500
raku-repo	Raku	testData/intention/ColonPairSimplificationFalseBefore.p6	46	46	3	19	d7c6a560	2.4211	6.3333
raku-repo	Raku	testData/rename/IdeaFoo3/User.pm6	46	46	3	13	092acd4b	3.5385	4.3333
raku-repo	Raku	testData/smartEnter/Given.p6	18	18	1	6	a963c15d	3.0000	6.0000
kotlin-repo	Kotlin	src/main/java/org/raku/comma/inspection/fixes/ZeroArgToTermFix.kt	1606	1606	38	338	812487a6	4.7515	8.8947
kotlin-repo	Kotlin	src/main/java/org/raku/comma/inspection/inspections/BuiltinSubmethodInspection.kt	1131	1131	26	239	622bdb26	4.7322	9.1923
kotlin-repo	Kotlin	src/main/java/org/raku/comma/project/activity/RakuServiceStarter.kt	415	415	12	86	c5210f1e	4.8256	7.1667
kotlin-repo	Kotlin	src/main/java/org/raku/comma/psi/external/ExternalRakuFile.kt	8363	8363	177	1768	46108483	4.7302	9.9887
kotlin-repo	Kotlin	src/main/java/org/raku/comma/psi/stub/index/RakuAllConstantsStubIndex.kt	800	800	27	169	8fbc378d	4.7337	6.2593
kotlin-repo	Kotlin	src/main/java/org/raku/comma/pm/RakuPackageManager.kt	534	534	17	106	f198545c	5.0377	6.2353
kotlin-repo	Kotlin	src/main/java/org/raku/comma/inspection/inspections/UselessMethodDeclarationInspection.kt	1908	1908	40	385	3eb4015e	4.9558	9.6250
kotlin-repo	Kotlin	src/main/java/org/raku/comma/highlighter/RakuSyntaxHighlighterFactory.kt	557	557	13	105	80cca8b2	5.3048	8.0769
kotlin-repo	Kotlin	src/main/java/org/raku/comma/inspection/fixes/MissingModuleFix.kt	829	829	18	170	5b12c7ed	4.8765	9.4444
kotlin-repo	Kotlin	src/main/java/org/raku/comma/extensions/RakuFrameworkCall.kt	2382	2382	55	514	41ce536f	4.6342	9.3455
kotlin-repo	Kotlin	src/main/java/org/raku/comma/filetypes/RakuPodFileType.kt	1122	1122	42	247	1d359064	4.5425	5.8810
kotlin-repo	Kotlin	src/main/java/org/raku/comma/project/wizard/RakuModueWizardBuilder.kt	6927	6927	173	1461	04880400	4.7413	8.4451
kotlin-repo	Kotlin	src/main/java/org/raku/comma/inspection/inspections/NoncomposableDoesInspection.kt	1988	1988	49	460	7b4ac487	4.3217	9.3878
kotlin-repo	Kotlin	src/main/java/org/raku/comma/psi/stub/impl/RakuTypeNameStubImpl.kt	495	495	15	123	e6bc061a	4.0244	8.2000
kotlin-repo	Kotlin	src/main/java/org/raku/comma/inspection/inspections/MethodCallOnRangeInspection.kt	1393	1393	30	303	db2f0dfa	4.5974	10.1000
kotlin-repo	Kotlin	src/main/java/org/raku/comma/editor/smartEnter/RakuSmartEnterProcessor.kt	10137	10137	236	2062	00921040	4.9161	8.7373
kotlin-repo	Kotlin	src/main/java/org/raku/comma/services/project/RakuProjectDetailsService.kt	3770	3770	86	816	091c9ef1	4.6201	9.4884
kotlin-repo	Kotlin	src/main/java/org/raku/comma/metadata/Support.kt	425	425	16	104	33d12b0e	4.0865	6.5000
kotlin-repo	Kotlin	src/main/java/org/raku/comma/actions/NewRakuFileDialogAction.kt	2088	2088	55	439	5a5c26aa	4.7563	7.9818
kotlin-repo	Kotlin	src/main/java/org/raku/comma/module/RakuModuleType.kt	1732	1732	52	383	1ef0b432	4.5222	7.3654
kotlin-repo	Kotlin	src/main/java/org/raku/comma/psi/stub/index/RakuDynamicVariablesStubIndex.kt	828	828	27	173	ff93d21b	4.7861	6.4074
kotlin-repo	Kotlin	src/main/java/org/raku/comma/psi/stub/RakuSubsetStub.kt	167	167	7	45	b3d3f644	3.7111	6.4286
kotlin-repo	Kotlin	src/main/java/org/raku/comma/heapsnapshot/run/RakuHeapSnapshotRunner.kt	2279	2279	50	433	7a1f51be	5.2633	8.6600
kotlin-repo	Kotlin	src/main/java/org/raku/comma/inspection/fixes/NoEndPointRangeFix.kt	670	670	18	140	0030d932	4.7857	7.7778
kotlin-repo	Kotlin	src/main/java/org/raku/comma/extensions/RakuGotoDeclarationsHandler.kt	414	414	11	89	f190d2c3	4.6517	8.0909
kotlin-repo	Kotlin	src/main/java/org/raku/comma/actions/ExtractBaseRakuStructureAction.kt	1914	1914	49	393	3b9228f4	4.8702	8.0204
kotlin-repo	Kotlin	src/main/java/org/raku/comma/psi/stub/RakuSubCallStub.kt	320	320	10	81	5563641f	3.9506	8.1000
kotlin-repo	Kotlin	src/main/java/org/raku/comma/formatter/RakuFormattingModelBuilder.kt	24670	24670	492	5324	6133a768	4.6337	10.8211
kotlin-repo	Kotlin	src/main/java/org/raku/comma/filetypes/RakuFileTypeDetector.kt	669	669	15	134	58a5372d	4.9925	8.9333
kotlin-repo	Kotlin	src/main/java/org/raku/comma/psi/stub/RakuConstantStubElementType.kt	1717	1717	45	410	866e9722	4.1878	9.1111
kotlin-repo	Kotlin	src/main/java/org/raku/comma/inspection/inspections/SelfAvailabilityInspection.kt	4054	4054	80	796	497fb5ac	5.0930	9.9500
kotlin-repo	Kotlin	src/main/java/org/raku/comma/inspection/inspections/GrepFirstInspection.kt	1445	1445	35	342	ddb3ef08	4.2251	9.7714
kotlin-repo	Kotlin	src/main/java/org/raku/comma/ui/editorMenu/RakuStatusBarWidgetFactory.kt	899	899	28	179	42822da1	5.0223	6.3929
kotlin-repo	Kotlin	src/main/java/org/raku/comma/psi/external/ExternalRakuParameter.kt	2536	2536	78	594	3a6e1d91	4.2694	7.6154
kotlin-repo	Kotlin	src/main/java/org/raku/comma/project/activity/ProjectIsRakudoCoreDetector.kt	3594	3594	79	573	eef6770f	6.2723	7.2532
kotlin-repo	Kotlin	src/main/java/org/raku/comma/inspection/inspections/LeadingZeroInspection.kt	922	922	21	196	5046bca7	4.7041	9.3333
kotlin-repo	Kotlin	src/main/java/org/raku/comma/psi/external/ExternalRakuPackageDecl.kt	4828	4828	144	1136	5979def4	4.2500	7.8889
kotlin-repo	Kotlin	src/main/java/org/raku/comma/inspection/inspections/NamedPairArgumentInspection.kt	1287	1287	34	303	5fa9a725	4.2475	8.9118
kotlin-repo	Kotlin	src/main/java/org/raku/comma/psi/stub/RakuRegexDeclStub.kt	167	167	7	47	0720b601	3.5532	6.7143
kotlin-repo	Kotlin	src/main/java/org/raku/comma/psi/external/ExternalRakuRoutineDecl.kt	3742	3742	109	883	bec70e28	4.2378	8.1009
kotlin-repo	Kotlin	src/main/java/org/raku/comma/psi/stub/RakuFileStubBuilder.kt	2401	2401	58	507	fa0f939a	4.7357	8.7414
kotlin-repo	Kotlin	src/main/java/org/raku/comma/inspection/inspections/ZeroArgSubInspection.kt	851	851	22	194	2c9084e9	4.3866	8.8182
kotlin-repo	Kotlin	src/main/java/org/raku/comma/inspection/fixes/MakeSubmethodFix.kt	748	748	18	164	43f76d5a	4.5610	9.1111
kotlin-repo	Kotlin	src/main/java/org/raku/comma/actions/ExtractRegexAction.kt	566	566	14	113	33bfa87f	5.0088	8.0714
kotlin-repo	Kotlin	src/main/java/org/raku/comma/inspection/fixes/RemoveRedundantInitializerFix.kt	846	846	19	176	5d3bb1d3	4.8068	9.2632
kotlin-repo	Kotlin	src/main/java/org/raku/comma/actions/ExtractRoleClassAction.kt	109	109	3	25	937517c7	4.3600	8.3333
kotlin-repo	Kotlin	src/main/java/org/raku/comma/services/application/RakuEcosystem.kt	2128	2128	56	425	fe8a1551	5.0071	7.5893
kotlin-repo	Kotlin	src/main/java/org/raku/comma/psi/stub/RakuScopedDeclStub.kt	207	207	8	54	dd5e480f	3.8333	6.7500
kotlin-repo	Kotlin	src/main/java/org/raku/comma/highlighter/RakuColorSettingsPage.kt	2847	2847	66	601	afbf279c	4.7371	9.1061
kotlin-repo	Kotlin	src/main/java/org/raku/comma/actions/ExtractParentClassAction.kt	112	112	3	25	7048cbac	4.4800	8.3333
kotlin-repo	Kotlin	src/main/java/org/raku/comma/inspection/fixes/ParenthesizeRangeFix.kt	2547	2547	60	488	8ebdceed	5.2193	8.1333
kotlin-repo	Kotlin	src/main/java/org/raku/comma/inspection/inspections/MyScopedVariableExportedInspection.kt	1026	1026	24	243	0f18a1d5	4.2222	10.1250
kotlin-repo	Kotlin	src/main/java/org/raku/comma/inspection/fixes/CreateLocalModuleFix.kt	3140	3140	71	654	2b936909	4.8012	9.2113
kotlin-repo	Kotlin	src/main/java/org/raku/comma/psi/stub/RakuTraitStub.kt	231	231	9	60	7c2f14e8	3.8500	6.6667
kotlin-repo	Kotlin	src/main/java/org/raku/comma/inspection/inspections/HashOrBlockInspection.kt	1539	1539	38	351	bf6bd087	4.3846	9.2368
kotlin-repo	Kotlin	src/main/java/org/raku/comma/editor/podPreview/HtmlStringResourceHandler.kt	1838	1838	58	387	3887cc9c	4.7494	6.6724
kotlin-repo	Kotlin	src/main/java/org/raku/comma/psi/stub/RakuPackageDeclStubElementType.kt	2363	2363	60	545	74395c0a	4.3358	9.0833
kotlin-repo	Kotlin	src/main/java/org/raku/comma/psi/stub/RakuTypeNameStub.kt	204	204	8	51	a09818ad	4.0000	6.3750
kotlin-repo	Kotlin	src/main/java/org/raku/comma/inspection/inspections/UndeclaredAttributeInspection.kt	2053	2053	51	432	67d48ea0	4.7523	8.4706
kotlin-repo	Kotlin	src/main/java/org/raku/comma/filetypes/RakuMultiExtensionFileType.kt	111	111	5	24	cc907e20	4.6250	4.8000
kotlin-repo	Kotlin	src/main/java/org/raku/comma/services/support/moduleDetails/ModuleListFetcher.kt	7650	7650	194	1600	fd5f465d	4.7813	8.2474
kotlin-repo	Kotlin	src/main/java/org/raku/comma/cro/actions/NewCroTemplateAction.kt	3985	3985	98	796	4ff9f483	5.0063	8.1224
kotlin-repo	Kotlin	src/main/java/org/raku/comma/utils/CommaProjectUtil.kt	5501	5501	136	1168	d1615854	4.7098	8.5882
kotlin-repo	Kotlin	src/main/java/org/raku/comma/inspection/inspections/IllegalVariableDeclarationInspection.kt	2224	2224	48	477	85b137e6	4.6625	9.9375
kotlin-repo	Kotlin	src/main/java/org/raku/comma/actions/NewDocumentationDialogAction.kt	1661	1661	41	345	529c4bfe	4.8145	8.4146
kotlin-repo	Kotlin	src/main/java/org/raku/comma/psi/stub/RakuFileElementType.kt	2149	2149	55	504	142475ad	4.2639	9.1636
kotlin-repo	Kotlin	src/main/java/org/raku/comma/psi/stub/RakuTypeStub.kt	1464	1464	42	319	aa3d2500	4.5893	7.5952
kotlin-repo	Kotlin	src/main/java/org/raku/comma/debugger/RakuDefaultRunner.kt	1035	1035	23	187	2d82d978	5.5348	8.1304
kotlin-repo	Kotlin	src/main/java/org/raku/comma/inspection/inspections/UnknownRegexModInspection.kt	992	992	23	212	ceaf4f1a	4.6792	9.2174
kotlin-repo	Kotlin	src/main/java/org/raku/comma/inspection/fixes/NullRegexFix.kt	874	874	22	164	b1b32ace	5.3293	7.4545
kotlin-repo	Kotlin	src/main/java/org/raku/comma/psi/stub/RakuTraitStubElementType.kt	1744	1744	48	425	327d275f	4.1035	8.8542
kotlin-repo	Kotlin	src/main/java/org/raku/comma/inspection/inspections/ProblematicReturnInspection.kt	2066	2066	47	449	d2eb9cd6	4.6013	9.5532
kotlin-repo	Kotlin	src/main/java/org/raku/comma/actions/LoadProfilerSQLFromDiskAction.kt	2138	2138	51	415	c1434c48	5.1518	8.1373
kotlin-repo	Kotlin	src/main/java/org/raku/comma/psi/stub/RakuNeedStatementStubElementType.kt	1698	1698	45	395	f8670148	4.2987	8.7778
kotlin-repo	Kotlin	src/main/java/org/raku/comma/sdk/RakuSdkUtil.kt	5359	5359	145	1071	4ecabc22	5.0037	7.3862
kotlin-repo	Kotlin	src/main/java/org/raku/comma/metadata/ExternalMetaFile.kt	8336	8336	175	2012	73021b1e	4.1431	11.4971
kotlin-repo	Kotlin	src/main/java/org/raku/comma/actions/ExtractRoutineAction.kt	696	696	19	146	947e96f9	4.7671	7.6842
kotlin-repo	Kotlin	src/main/java/org/raku/comma/psi/stub/RakuUseStatementStub.kt	219	219	8	54	423c48a3	4.0556	6.7500
kotlin-repo	Kotlin	src/main/java/org/raku/comma/inspection/fixes/RemoveUnitDeclaratorFix.kt	1222	1222	31	268	19f5573c	4.5597	8.6452
kotlin-repo	Kotlin	src/main/java/org/raku/comma/project/wizard/steps/RakuModuleNameStep.kt	2054	2054	56	423	c8587d60	4.8558	7.5536
kotlin-repo	Kotlin	src/main/java/org/raku/comma/inspection/inspections/UselessUseInspection.kt	4193	4193	101	870	e1a643b0	4.8195	8.6139
kotlin-repo	Kotlin	src/main/java/org/raku/comma/psi/stub/RakuDeclStub.kt	305	305	10	80	0fcacc6c	3.8125	8.0000
kotlin-repo	Kotlin	src/main/java/org/raku/comma/inspection/inspections/RedundantInitializationInspection.kt	1512	1512	38	346	ec2777c1	4.3699	9.1053
kotlin-repo	Kotlin	src/main/java/org/raku/comma/services/application/RakuDistroInfo.kt	2036	2036	50	446	6b1ca9da	4.5650	8.9200
kotlin-repo	Kotlin	src/main/java/org/raku/comma/inspection/fixes/UseBindingToDestructureFix.kt	813	813	19	177	0ecdfc8c	4.5932	9.3158
kotlin-repo	Kotlin	src/main/java/org/raku/comma/highlighter/RakuSemanticAnnotator.kt	5930	5930	112	1285	578292bf	4.6148	11.4732
kotlin-repo	Kotlin	src/main/java/org/raku/comma/project/wizard/steps/RakuProjectTypeStep.kt	5893	5893	158	1196	cd867d6f	4.9273	7.5696
kotlin-repo	Kotlin	src/main/java/org/raku/comma/services/application/RakuSdkStore.kt	2669	2669	76	666	749e542a	4.0075	8.7632
kotlin-repo	Kotlin	src/main/java/org/raku/comma/inspection/inspections/SignatureInspection.kt	4440	4440	101	829	18085e78	5.3559	8.2079
kotlin-repo	Kotlin	src/main/java/org/raku/comma/inspection/fixes/RemoveUnusedRoutineFix.kt	1514	1514	30	336	4b376565	4.5060	11.2000
kotlin-repo	Kotlin	src/main/java/org/raku/comma/sdk/ExternalSymbolsJson.kt	4561	4561	138	1064	f2cf2857	4.2867	7.7101
kotlin-repo	Kotlin	src/main/java/org/raku/comma/inspection/fixes/ChangeMyScopeToOurScopeFix.kt	971	971	24	210	3c2b990e	4.6238	8.7500
kotlin-repo	Kotlin	src/main/java/org/raku/comma/inspection/inspections/PodFormatterInspection.kt	1709	1709	38	363	d0289a74	4.7080	9.5526
kotlin-repo	Kotlin	src/main/java/org/raku/comma/inspection/inspections/UnusedRoutineInspection.kt	3471	3471	77	718	b6a46f41	4.8343	9.3247
kotlin-repo	Kotlin	src/main/java/org/raku/comma/psi/stub/index/RakuStubIndexKeys.kt	1319	1319	27	361	ee9298aa	3.6537	13.3704
kotlin-repo	Kotlin	src/main/java/org/raku/comma/repl/RakuReplConsole.kt	5704	5704	141	1077	0a760d7d	5.2962	7.6383
kotlin-repo	Kotlin	src/main/java/org/raku/comma/psi/stub/index/RakuAllAttributesStubIndex.kt	816	816	27	171	cb3e21e2	4.7719	6.3333
kotlin-repo	Kotlin	src/main/java/org/raku/comma/highlighter/RakuSyntaxHighlighter.kt	12151	12151	148	2611	6d33b76d	4.6538	17.6419
kotlin-repo	Kotlin	src/main/java/org/raku/comma/services/project/RakuProjectSdkService.kt	21896	21896	514	4477	f8729f4e	4.8908	8.7101
kotlin-repo	Kotlin	src/main/java/org/raku/comma/highlighter/RakuHighlighter.kt	26514	26514	782	6510	b33798bb	4.0728	8.3248
kotlin-repo	Kotlin	src/main/java/org/raku/comma/filetypes/RakudoFileShebangTypeDetector.kt	205	205	5	45	ca752d74	4.5556	9.0000
kotlin-repo	Kotlin	src/main/java/org/raku/comma/inspection/inspections/InterpolatedEVALInspection.kt	2260	2260	58	489	7fc49260	4.6217	8.4310
kotlin-repo	Kotlin	src/main/java/org/raku/comma/psi/external/RakuExternalPsiElement.kt	5530	5530	109	1197	65cd8d64	4.6199	10.9817
kotlin-repo	Kotlin	src/main/java/org/raku/comma/actions/NewTestDialogAction.kt	1439	1439	34	292	ffcd1b37	4.9281	8.5882
kotlin-repo	Kotlin	src/main/java/org/raku/comma/ui/editorMenu/RakuSdkListPopupStep.kt	2261	2261	78	512	711ecb0a	4.4160	6.5641
kotlin-repo	Kotlin	src/main/java/org/raku/comma/inspection/fixes/AddUseModuleFix.kt	770	770	20	168	bda8f3f1	4.5833	8.4000
kotlin-repo	Kotlin	src/main/java/org/raku/comma/actions/NewActionGroup.kt	1450	1450	32	295	7c998610	4.9153	9.2188
kotlin-repo	Kotlin	src/main/java/org/raku/comma/readerMode/RakuModuleViewEditor.kt	6944	6944	193	1428	9f84c8d4	4.8627	7.3990
kotlin-repo	Kotlin	src/main/java/org/raku/comma/psi/stub/RakuVariableDeclStub.kt	222	222	8	56	24ea770f	3.9643	7.0000
kotlin-repo	Kotlin	src/main/java/org/raku/comma/inspection/inspections/IdiomaticLoopInspection.kt	2127	2127	53	458	80a8e605	4.6441	8.6415
kotlin-repo	Kotlin	src/main/java/org/raku/comma/psi/stub/RakuFileStub.kt	494	494	14	121	9ef7ce44	4.0826	8.6429
kotlin-repo	Kotlin	src/main/java/org/raku/comma/psi/stub/index/ProjectModulesStubIndex.kt	784	784	27	163	b428749e	4.8098	6.0370
kotlin-repo	Kotlin	src/main/java/org/raku/comma/actions/SdkSetterAction.kt	678	678	21	145	2db75740	4.6759	6.9048
kotlin-repo	Kotlin	src/main/java/org/raku/comma/inspection/inspections/NotProgressingRegexInspection.kt	1260	1260	30	289	bef6a5bc	4.3599	9.6333
kotlin-repo	Kotlin	src/main/java/org/raku/comma/psi/stub/index/RakuIndexableType.kt	178	178	6	38	03525c65	4.6842	6.3333
kotlin-repo	Kotlin	src/main/java/org/raku/comma/inspection/inspections/WheneverOutsideOfReactInspection.kt	1056	1056	24	240	dbb3f0c4	4.4000	10.0000
kotlin-repo	Kotlin	src/main/java/org/raku/comma/inspection/fixes/IdiomaticLoopFix.kt	739	739	18	161	b9c05667	4.5901	8.9444
kotlin-repo	Kotlin	src/main/java/org/raku/comma/inspection/inspections/RakuExecutableStringInspection.kt	837	837	20	192	d501e29b	4.3594	9.6000
kotlin-repo	Kotlin	src/main/java/org/raku/comma/inspection/inspections/MonitorUsageInspection.kt	1006	1006	24	236	7b0b99c9	4.2627	9.8333
kotlin-repo	Kotlin	src/main/java/org/raku/comma/inspection/inspections/AssignmentToImmutableInspection.kt	4309	4309	102	798	ca70ed71	5.3997	7.8235
kotlin-repo	Kotlin	src/main/java/org/raku/comma/inspection/fixes/UseDirectAttributeAccessFix.kt	594	594	15	122	cf1cacb0	4.8689	8.1333
kotlin-repo	Kotlin	src/main/java/org/raku/comma/inspection/inspections/UnusedVariableInspection.kt	7435	7435	155	1533	2dd9cb60	4.8500	9.8903
kotlin-repo	Kotlin	src/main/java/org/raku/comma/inspection/inspections/UndeclaredOrDeprecatedRoutineInspection.kt	3760	3760	68	805	c325ac9b	4.6708	11.8382
kotlin-repo	Kotlin	src/main/java/org/raku/comma/psi/stub/index/CroTemplatePartStubIndex.kt	901	901	28	190	48bb680d	4.7421	6.7857
kotlin-repo	Kotlin	src/main/java/org/raku/comma/psi/impl/RakuPackageDeclImpl.kt	20597	20595	486	4508	e4b7545a	4.5690	9.2757
kotlin-repo	Kotlin	src/main/java/org/raku/comma/inspection/fixes/AddUnitKeywordFix.kt	876	876	20	192	06ff3d72	4.5625	9.6000
kotlin-repo	Kotlin	src/main/java/org/raku/comma/utils/RakuLegacyExtensionsDetector.kt	1608	1608	35	281	ccbc1a9d	5.7224	8.0286
kotlin-repo	Kotlin	src/main/java/org/raku/comma/psi/stub/RakuNeedStatementStub.kt	228	228	8	56	a7e27b6a	4.0714	7.0000
kotlin-repo	Kotlin	src/main/java/org/raku/comma/psi/stub/RakuPackageDeclStub.kt	175	175	7	47	d11bb4f4	3.7234	6.7143
kotlin-repo	Kotlin	src/main/java/org/raku/comma/psi/stub/impl/RakuFileStubImpl.kt	1248	1248	40	296	ed8d80f5	4.2162	7.4000
kotlin-repo	Kotlin	src/main/java/org/raku/comma/psi/stub/impl/RakuScopedDeclStubImpl.kt	505	505	15	131	eadf00df	3.8550	8.7333
kotlin-repo	Kotlin	src/main/java/org/raku/comma/psi/RakuArityMatcher.kt	7092	7092	180	1415	6a6fc784	5.0120	7.8611
kotlin-repo	Kotlin	src/main/java/org/raku/comma/psi/stub/impl/RakuEnumStubImpl.kt	933	933	33	234	6f471572	3.9872	7.0909
kotlin-repo	Kotlin	src/main/java/org/raku/comma/inspection/inspections/HyphenInCharacterClassInspection.kt	1527	1527	36	321	3f53f074	4.7570	8.9167
kotlin-repo	Kotlin	src/main/java/org/raku/comma/psi/stub/index/RakuLexicalTypeStubIndex.kt	768	768	26	166	e89a63a2	4.6265	6.3846
kotlin-repo	Kotlin	src/main/java/org/raku/comma/services/application/RakuGlobalSdkSymbolCache.kt	1373	1373	25	296	d9927199	4.6385	11.8400
kotlin-repo	Kotlin	src/main/java/org/raku/comma/psi/external/ExternalRakuSignature.kt	897	897	26	215	1d14a84e	4.1721	8.2692
kotlin-repo	Kotlin	src/main/java/org/raku/comma/utils/zef/ZefCommandLine.kt	2677	2677	90	598	8901d3a8	4.4766	6.6444
kotlin-repo	Kotlin	src/main/java/org/raku/comma/inspection/inspections/RakudoImplementationDetailInspection.kt	1879	1879	45	334	ff5ea9f8	5.6257	7.4222
kotlin-repo	Kotlin	src/main/java/org/raku/comma/inspection/fixes/SimplifiedRangeFix.kt	3069	3069	71	689	fdae6b84	4.4543	9.7042
kotlin-repo	Kotlin	src/main/java/org/raku/comma/editor/podPreview/NoContentResourceHandler.kt	822	822	29	191	f077e77d	4.3037	6.5862
kotlin-repo	Kotlin	src/main/java/org/raku/comma/structureView/RakuLibraryFileEntryNode.kt	1711	1711	53	391	57361861	4.3760	7.3774
kotlin-repo	Kotlin	src/main/java/org/raku/comma/inspection/inspections/UsedModuleInspection.kt	5197	5197	102	1010	b66d394f	5.1455	9.9020
kotlin-repo	Kotlin	src/main/java/org/raku/comma/inspection/inspections/NoEndpointRangeInspection.kt	1046	1046	25	239	5e0c2523	4.3766	9.5600
kotlin-repo	Kotlin	src/main/java/org/raku/comma/docs/RakuDocumentationProvider.kt	5699	5699	133	1234	8155ede5	4.6183	9.2782
kotlin-repo	Kotlin	src/main/java/org/raku/comma/inspection/inspections/SimplifiedRangeInspection.kt	2782	2782	60	656	4e180849	4.2409	10.9333
kotlin-repo	Kotlin	src/main/java/org/raku/comma/services/project/RakuDependencyService.kt	7141	7141	158	1398	80b2f596	5.1080	8.8481
kotlin-repo	Kotlin	src/main/java/org/raku/comma/inspection/fixes/GrepFirstFix.kt	1079	1079	28	249	eb23cf49	4.3333	8.8929
kotlin-repo	Kotlin	src/main/java/org/raku/comma/ui/editorMenu/RakuStatusBarWidget.kt	1314	1314	42	280	e20c679c	4.6929	6.6667
kotlin-repo	Kotlin	src/main/java/org/raku/comma/inspection/fixes/StubMissingMethodsFix.kt	2069	2069	54	419	69d5f9fb	4.9379	7.7593
kotlin-repo	Kotlin	src/main/java/org/raku/comma/intention/ColonpairToFatarrowIntention.kt	1691	1691	46	359	be5b307b	4.7103	7.8043
kotlin-repo	Kotlin	src/main/java/org/raku/comma/project/RakuProjectOpenProcessor.kt	3574	3574	102	775	4ae6845f	4.6116	7.5980
kotlin-repo	Kotlin	src/main/java/org/raku/comma/inspection/inspections/UnitKeywordInspection.kt	3660	3660	73	778	b55d5895	4.7044	10.6575
kotlin-repo	Kotlin	src/main/java/org/raku/comma/services/support/moduleDetails/ProjectModelSync.kt	6345	6345	122	1132	5faed19c	5.6051	9.2787
kotlin-repo	Kotlin	src/main/java/org/raku/comma/event/ModuleMetaChangeListener.kt	3162	3162	70	531	e6dae206	5.9548	7.5857
kotlin-repo	Kotlin	src/main/java/org/raku/comma/structureView/RakuLibraryPsiDirectoryNode.kt	3138	3138	82	599	b08c4821	5.2387	7.3049
kotlin-repo	Kotlin	src/main/java/org/raku/comma/filetypes/RakuFileShebangTypeDetector.kt	201	201	5	44	54b4a0d6	4.5682	8.8000
kotlin-repo	Kotlin	src/main/java/org/raku/comma/inspection/inspections/CallArityInspection.kt	5550	5550	125	1053	5090ce86	5.2707	8.4240
kotlin-repo	Kotlin	src/main/java/org/raku/comma/event/RakuProjectFileChangeListener.kt	1253	1253	28	278	e9c99ab6	4.5072	9.9286
kotlin-repo	Kotlin	src/main/java/org/raku/comma/project/RakuProjectBuilder.kt	5731	5731	132	1141	c3b75109	5.0228	8.6439
kotlin-repo	Kotlin	src/main/java/org/raku/comma/sdk/RakuSdkChooserUI.kt	3557	3557	100	754	3168b805	4.7175	7.5400
kotlin-repo	Kotlin	src/main/java/org/raku/comma/filetypes/RakuScriptFileType.kt	1251	1251	47	271	f54f91a9	4.6162	5.7660
kotlin-repo	Kotlin	src/main/java/org/raku/comma/filetypes/RakuTestFileType.kt	1225	1225	47	272	5b609951	4.5037	5.7872
kotlin-repo	Kotlin	src/main/java/org/raku/comma/psi/stub/index/RakuGlobalTypeStubIndex.kt	656	656	24	146	1f7d6be0	4.4932	6.0833
kotlin-repo	Kotlin	src/main/java/org/raku/comma/inspection/inspections/WithConstructionInspection.kt	1942	1942	41	373	6fa83877	5.2064	9.0976
kotlin-repo	Kotlin	src/main/java/org/raku/comma/psi/stub/impl/RakuRegexDeclStubImpl.kt	824	824	25	210	a96d6e15	3.9238	8.4000
kotlin-repo	Kotlin	src/main/java/org/raku/comma/ui/dialogs/RakuFileCreationDialog .kt	14414	14414	353	2951	c72a7886	4.8844	8.3598
kotlin-repo	Kotlin	src/main/java/org/raku/comma/actions/moduleRoot/RakuMarkRootActionBase.kt	1439	1439	35	311	94be1c7f	4.6270	8.8857
kotlin-repo	Kotlin	src/main/java/org/raku/comma/actions/moduleRoot/MarkRakuSourceRootAction.kt	118	118	3	29	0324d2a3	4.0690	9.6667
kotlin-repo	Kotlin	src/main/java/org/raku/comma/psi/stub/impl/RakuUseStatementStubImpl.kt	527	527	15	131	d39fae22	4.0229	8.7333
kotlin-repo	Kotlin	src/main/java/org/raku/comma/inspection/fixes/StubMissingPrivateMethodFix.kt	3981	3981	100	826	00ec6488	4.8196	8.2600
kotlin-repo	Kotlin	src/main/java/org/raku/comma/cro/CroTemplateCall.kt	3363	3363	98	700	c38bc0ba	4.8043	7.1429
kotlin-repo	Kotlin	src/main/java/org/raku/comma/psi/stub/RakuRoutineDeclStubElementType.kt	3001	3001	69	682	4e9a4d0b	4.4003	9.8841
kotlin-repo	Kotlin	src/main/java/org/raku/comma/psi/stub/impl/RakuTraitStubImpl.kt	576	576	19	145	a16215c4	3.9724	7.6316
kotlin-repo	Kotlin	src/main/java/org/raku/comma/actions/NewRakuFileAction.kt	1826	1826	45	367	9c8401e1	4.9755	8.1556
kotlin-repo	Kotlin	src/main/java/org/raku/comma/filetypes/RakuModuleFileType.kt	1228	1228	47	268	9e2921f7	4.5821	5.7021
kotlin-repo	Kotlin	src/main/java/org/raku/comma/psi/external/ExternalRakuVariableDecl.kt	3195	3195	84	735	d7b9d12b	4.3469	8.7500
kotlin-repo	Kotlin	src/main/java/org/raku/comma/inspection/fixes/LeadingZeroFix.kt	987	987	27	185	4b18a956	5.3351	6.8519
kotlin-repo	Kotlin	src/main/java/org/raku/comma/inspection/fixes/StubMissingSubroutineFix.kt	4039	4039	97	822	c1e2e81e	4.9136	8.4742
kotlin-repo	Kotlin	src/main/java/org/raku/comma/psi/stub/RakuSubCallStubElementType.kt	3159	3159	77	701	57ab7b80	4.5064	9.1039
kotlin-repo	Kotlin	src/main/java/org/raku/comma/inspection/inspections/UndeclaredPrivateMethodInspection.kt	2311	2311	47	496	7d43a7f6	4.6593	10.5532
kotlin-repo	Kotlin	src/main/java/org/raku/comma/inspection/fixes/AddEvalPragmaFix.kt	631	631	16	147	9a68843d	4.2925	9.1875
kotlin-repo	Kotlin	src/main/java/org/raku/comma/inspection/fixes/DeleteUnusedVariableFix.kt	1129	1129	25	248	e020440e	4.5524	9.9200
kotlin-repo	Kotlin	src/main/java/org/raku/comma/psi/RakuModuleReference.kt	4004	4004	103	809	1b98b355	4.9493	7.8544
kotlin-repo	Kotlin	src/main/java/org/raku/comma/actions/ExtractPrivateMethodAction.kt	709	709	20	147	188c7a3b	4.8231	7.3500
kotlin-repo	Kotlin	src/main/java/org/raku/comma/inspection/inspections/UnitSubInspection.kt	1424	1424	35	332	c57546ce	4.2892	9.4857
kotlin-repo	Kotlin	src/main/java/org/raku/comma/psi/impl/RakuFileImpl.kt	27847	27847	606	6039	59dfaa66	4.6112	9.9653
kotlin-repo	Kotlin	src/main/java/org/raku/comma/inspection/fixes/UseExecutableDynamicVariableFix.kt	916	916	21	206	07e20c90	4.4466	9.8095
kotlin-repo	Kotlin	src/main/java/org/raku/comma/psi/stub/RakuRegexDeclStubElementType.kt	1831	1831	47	447	20985151	4.0962	9.5106
kotlin-repo	Kotlin	src/main/java/org/raku/comma/psi/stub/RakuConstantStub.kt	168	168	7	44	26e6ff50	3.8182	6.2857
kotlin-repo	Kotlin	src/main/java/org/raku/comma/actions/moduleRoot/MarkRakuTestsSourceRootAction.kt	123	123	3	30	1f8af739	4.1000	10.0000
kotlin-repo	Kotlin	src/main/java/org/raku/comma/inspection/inspections/MissingThingsInspection.kt	3574	3574	78	730	74f46e76	4.8959	9.3590
kotlin-repo	Kotlin	src/main/java/org/raku/comma/inspection/inspections/NullRegexInspection.kt	652	652	16	148	c052939e	4.4054	9.2500
kotlin-repo	Kotlin	src/main/java/org/raku/comma/psi/impl/RakuSubCallImpl.kt	3934	3934	116	882	432a5ea9	4.4603	7.6034
kotlin-repo	Kotlin	src/main/java/org/raku/comma/ui/editorMenu/RakuStatusBarListPopupStep.kt	2379	2379	85	523	d64d8758	4.5488	6.1529
kotlin-repo	Kotlin	src/main/java/org/raku/comma/inspection/inspections/MissingRoleMethodInspection.kt	5611	5611	108	1106	6942f4d2	5.0732	10.2407
kotlin-repo	Kotlin	src/main/java/org/raku/comma/psi/stub/RakuEnumStubElementType.kt	2377	2377	62	574	969099c3	4.1411	9.2581
kotlin-repo	Kotlin	src/main/java/org/raku/comma/actions/moduleRoot/RakuUnmarkRootAction.kt	468	468	13	106	c27b539a	4.4151	8.1538
kotlin-repo	Kotlin	src/main/java/org/raku/comma/actions/UpdateExtensionsAction.kt	8102	8102	194	1534	a5cd0a93	5.2816	7.9072
kotlin-repo	Kotlin	src/main/java/org/raku/comma/inspection/fixes/FatarrowSimplificationFix.kt	2319	2319	52	473	a2bd4a37	4.9027	9.0962
kotlin-repo	Kotlin	src/main/java/org/raku/comma/services/project/RakuMetaDataComponent.kt	18728	18728	508	3724	ad048517	5.0290	7.3307
kotlin-repo	Kotlin	src/main/java/org/raku/comma/project/wizard/steps/RakuModuleLocationStep.kt	2624	2624	71	518	98526191	5.0656	7.2958
kotlin-repo	Kotlin	src/main/java/org/raku/comma/psi/stub/RakuScopedDeclStubElementType.kt	2697	2697	61	641	7f9242dc	4.2075	10.5082
kotlin-repo	Kotlin	src/main/java/org/raku/comma/psi/stub/RakuSubsetStubElementType.kt	2323	2323	61	547	1a10933e	4.2468	8.9672
kotlin-repo	Kotlin	src/main/java/org/raku/comma/psi/stub/impl/RakuNeedStatementStubImpl.kt	546	546	15	137	d7dbac99	3.9854	9.1333
kotlin-repo	Kotlin	src/main/java/org/raku/comma/services/support/moduleDetails/DependencyDetails.kt	8158	8158	183	1574	d735ee6b	5.1830	8.6011
kotlin-repo	Kotlin	src/main/java/org/raku/comma/inspection/inspections/NonNilReturnInspection.kt	1319	1319	32	293	c4253792	4.5017	9.1563
kotlin-repo	Kotlin	src/main/java/org/raku/comma/inspection/inspections/RedeclaredImportedSymbolInspection.kt	5268	5268	115	1118	893f3349	4.7120	9.7217
kotlin-repo	Kotlin	src/main/java/org/raku/comma/inspection/inspections/DuplicateConditionInspection.kt	5048	5048	125	1140	26eb46c6	4.4281	9.1200
kotlin-repo	Kotlin	src/main/java/org/raku/comma/structureView/RakuStructureViewElements.kt	3723	3723	130	782	59204c5b	4.7609	6.0154
kotlin-repo	Kotlin	src/main/java/org/raku/comma/structureView/RakuStructureViewElement.kt	4924	4924	116	958	c71ab415	5.1399	8.2586
kotlin-repo	Kotlin	src/main/java/org/raku/comma/inspection/inspections/NonInheritableComposableDeclarationInspection.kt	1189	1189	29	257	0e07f386	4.6265	8.8621
kotlin-repo	Kotlin	src/main/java/org/raku/comma/psi/gists/PackageFileGist.kt	2401	2401	64	535	c473fb56	4.4879	8.3594
kotlin-repo	Kotlin	src/main/java/org/raku/comma/services/project/RakuModuleInstallPrompt.kt	7540	7540	170	1370	063e5a93	5.5036	8.0588
kotlin-repo	Kotlin	src/main/java/org/raku/comma/inspection/inspections/DeprecatedMethodInspection.kt	1258	1258	25	269	cee26269	4.6766	10.7600
kotlin-repo	Kotlin	src/main/java/org/raku/comma/psi/stub/RakuRoutineDeclStub.kt	301	301	11	77	80eca8b2	3.9091	7.0000
kotlin-repo	Kotlin	src/main/java/org/raku/comma/psi/stub/RakuTypeNameStubElementType.kt	1810	1810	43	416	c66b6817	4.3510	9.6744
kotlin-repo	Kotlin	src/main/java/org/raku/comma/actions/LoadProfileResultsAction.kt	629	629	18	125	79679b14	5.0320	6.9444
kotlin-repo	Kotlin	src/main/java/org/raku/comma/inspection/fixes/ConstKeywordFix.kt	920	920	25	172	5dd8d1a9	5.3488	6.8800
kotlin-repo	Kotlin	src/main/java/org/raku/comma/inspection/fixes/RemoveUnitKeywordFix.kt	1433	1433	36	312	3ebf0d6f	4.5929	8.6667
kotlin-repo	Kotlin	src/main/java/org/raku/comma/psi/RakuPsiScope.kt	2097	2097	66	420	d08358c6	4.9929	6.3636
kotlin-repo	Kotlin	src/main/java/org/raku/comma/psi/stub/impl/RakuRoutineDeclStubImpl.kt	1367	1367	49	325	5733fbec	4.2062	6.6327
kotlin-repo	Kotlin	src/main/java/org/raku/comma/editor/smartEnter/PlainEnterProcessor.kt	3307	3307	79	672	9eee8637	4.9211	8.5063
kotlin-repo	Kotlin	src/main/java/org/raku/comma/psi/stub/index/RakuAllRoutinesStubIndex.kt	805	805	27	175	3c03cd64	4.6000	6.4815
kotlin-repo	Kotlin	src/main/java/org/raku/comma/inspection/fixes/InstallMissingDependencyFix.kt	1081	1081	28	204	693ea5dc	5.2990	7.2857
kotlin-repo	Kotlin	src/main/java/org/raku/comma/sdk/RakuExternalNamesParser.kt	7085	7081	163	1527	4b778b89	4.6398	9.3681
kotlin-repo	Kotlin	src/main/java/org/raku/comma/inspection/RakuInspection.kt	4214	4214	88	817	30893629	5.1579	9.2841
kotlin-repo	Kotlin	src/main/java/org/raku/comma/inspection/fixes/MakeSubroutineExportedFix.kt	1091	1091	24	244	5501f878	4.4713	10.1667
kotlin-repo	Kotlin	src/main/java/org/raku/comma/psi/stub/RakuUseStatementStubElementType.kt	1336	1336	36	321	8102088e	4.1620	8.9167
kotlin-repo	Kotlin	src/main/java/org/raku/comma/psi/stub/impl/RakuConstantStubImpl.kt	821	821	25	205	64245331	4.0049	8.2000
kotlin-repo	Kotlin	src/main/java/org/raku/comma/cro/CroFrameworkCall.kt	5737	5737	153	1149	f3ae91f8	4.9930	7.5098
kotlin-repo	Kotlin	src/main/java/org/raku/comma/psi/stub/RakuEnumStub.kt	165	165	7	45	7f4936c2	3.6667	6.4286
kotlin-repo	Kotlin	src/main/java/org/raku/comma/inspection/RakuPsiElementVisitor.kt	423	423	15	96	600abfe4	4.4063	6.4000
kotlin-repo	Kotlin	src/main/java/org/raku/comma/psi/stub/index/RakuAllRegexesStubIndex.kt	795	795	27	175	163d5b96	4.5429	6.4815
kotlin-repo	Kotlin	src/main/java/org/raku/comma/inspection/inspections/UndeclaredVariableInspection.kt	5114	5114	102	1024	d1658edd	4.9941	10.0392
kotlin-repo	Kotlin	src/main/java/org/raku/comma/pm/RakuPackageManagerKind.kt	185	185	10	48	2cf659e9	3.8542	4.8000
kotlin-repo	Kotlin	src/main/java/org/raku/comma/psi/stub/RakuVariableDeclStubElementType.kt	3394	3394	77	778	5607634a	4.3625	10.1039
kotlin-repo	Kotlin	src/main/java/org/raku/comma/psi/stub/impl/RakuSubCallStubImpl.kt	781	781	26	194	83d5d697	4.0258	7.4615
kotlin-repo	Kotlin	src/main/java/org/raku/comma/formatter/RakuBlock.kt	22295	22295	517	4473	60e5dd37	4.9844	8.6518
kotlin-repo	Kotlin	src/main/java/org/raku/comma/inspection/fixes/ChangeDoesToIsFix.kt	828	828	22	192	a5d9429b	4.3125	8.7273
kotlin-repo	Kotlin	src/main/java/org/raku/comma/inspection/fixes/UseWithSyntaxFix.kt	2422	2422	55	509	74b3dc39	4.7583	9.2545
kotlin-repo	Kotlin	src/main/java/org/raku/comma/event/handlers/RakuResourceFileChangeListener.kt	8565	8565	208	1691	5a3332fd	5.0651	8.1298
kotlin-repo	Kotlin	src/main/java/org/raku/comma/pm/impl/RakuZefPM.kt	2893	2893	76	635	4217a34d	4.5559	8.3553
kotlin-repo	Kotlin	src/main/java/org/raku/comma/psi/RakuPsiElement.kt	6703	6703	154	1494	75915bbf	4.4866	9.7013
kotlin-repo	Kotlin	src/main/java/org/raku/comma/psi/stub/impl/RakuSubsetStubImpl.kt	933	933	33	230	4a0692db	4.0565	6.9697
kotlin-repo	Kotlin	src/main/java/org/raku/comma/metadata/MetaFile.kt	8322	8322	211	1929	012cf170	4.3142	9.1422
kotlin-repo	Kotlin	src/main/java/org/raku/comma/psi/stub/impl/RakuVariableDeclStubImpl.kt	1029	1029	34	247	a92d4849	4.1660	7.2647
kotlin-repo	Kotlin	src/main/java/org/raku/comma/event/handlers/RakuModuleFileChangeListener.kt	8997	8997	221	1788	af8ec735	5.0319	8.0905
kotlin-repo	Kotlin	src/main/java/org/raku/comma/inspection/inspections/ListAssignmentInspection.kt	1874	1874	44	396	e86cbee5	4.7323	9.0000
kotlin-repo	Kotlin	src/main/java/org/raku/comma/inspection/fixes/ReplaceHyphenWithRangeFix.kt	694	694	18	144	fdc108c4	4.8194	8.0000
kotlin-repo	Kotlin	src/main/java/org/raku/comma/psi/impl/RakuUseStatementImpl.kt	3745	3745	78	741	7333c3da	5.0540	9.5000
kotlin-repo	Kotlin	src/main/java/org/raku/comma/psi/stub/impl/RakuPackageDeclStubImpl.kt	968	968	33	235	cb62a066	4.1191	7.1212
kotlin-repo	Kotlin	src/main/java/org/raku/comma/repl/RakuLaunchReplAction.kt	2483	2483	64	495	1f90510b	5.0162	7.7344
java-repo	Java	src/main/java/org/raku/comma/intention/TermConversionIntention.java	2647	2643	66	547	0c7d6f36	4.8391	8.2879
java-repo	Java	src/main/java/org/raku/comma/language/RakuLanguageVersion.java	300	300	16	63	e6a9a3ef	4.7619	3.9375
java-repo	Java	src/main/java/org/raku/comma/psi/RakuReduceMetaOp.java	107	107	4	27	68e5bb8f	3.9630	6.7500
java-repo	Java	src/main/java/org/raku/comma/psi/RakuSignature.java	3017	3017	92	594	15e1a353	5.0791	6.4565
java-repo	Java	src/main/java/org/raku/comma/psi/symbols/RakuSymbolCollector.java	651	651	19	139	4b895a93	4.6835	7.3158
java-repo	Java	src/main/java/org/raku/comma/psi/RakuPhaser.java	84	84	4	21	8f109fe0	4.0000	5.2500
java-repo	Java	src/main/java/org/raku/comma/psi/RakuInfix.java	211	211	9	49	912a4f5a	4.3061	5.4444
java-repo	Java	src/main/java/org/raku/comma/debugger/RakuDebuggerEditorsProvider.java	1032	1032	26	210	0421ecf7	4.9143	8.0769
java-repo	Java	src/main/java/org/raku/comma/editor/RakuCommenter.java	1839	1839	66	389	3f9e011b	4.7275	5.8939
java-repo	Java	src/main/java/org/raku/comma/cro/template/psi/impl/CroTemplateDerefSmartImpl.java	433	433	12	97	7014fad4	4.4639	8.0833
java-repo	Java	src/main/java/org/raku/comma/cro/template/psi/impl/CroTemplateRatLiteralImpl.java	433	433	12	97	f85a703c	4.4639	8.0833
java-repo	Java	src/main/java/org/raku/comma/psi/RakuRegexPsiElement.java	525	525	18	111	e5803895	4.7297	6.1667
java-repo	Java	src/main/java/org/raku/comma/profiler/ui/ProfilerView.java	2024	2024	51	401	b9cc91fc	5.0474	7.8627
java-repo	Java	src/main/java/org/raku/comma/utils/RakuUseUtils.java	2065	2065	47	429	4111ce17	4.8135	9.1277
java-repo	Java	src/main/java/org/raku/comma/profiler/ProfileResultsChooserDialog.java	7824	7824	193	1473	ea46dd24	5.3116	7.6321
java-repo	Java	src/main/java/org/raku/comma/cro/template/psi/CroTemplateSub.java	384	384	9	88	90952907	4.3636	9.7778
java-repo	Java	src/main/java/org/raku/comma/timeline/model/Logged.java	901	901	40	193	0b52d040	4.6684	4.8250
java-repo	Java	src/main/java/org/raku/comma/psi/RakuRace.java	99	99	4	25	d35d4f5c	3.9600	6.2500
java-repo	Java	src/main/java/org/raku/comma/cro/template/editor/CroTemplateCommenter.java	1832	1832	62	380	7f10647a	4.8211	6.1290
java-repo	Java	src/main/java/org/raku/comma/psi/RakuRegexAnchor.java	89	89	4	21	0b0f17e3	4.2381	5.2500
java-repo	Java	src/main/java/org/raku/comma/refactoring/inline/variable/RakuInlineVariableProcessor.java	7297	7297	182	1336	f4d85b76	5.4618	7.3407
java-repo	Java	src/main/java/org/raku/comma/psi/impl/RakuRegexGroupImpl.java	628	628	19	149	a9d92ffc	4.2148	7.8421
java-repo	Java	src/main/java/org/raku/comma/cro/template/psi/stub/index/CroTemplateMacroIndex.java	908	908	29	185	c019e9d5	4.9081	6.3793
java-repo	Java	src/main/java/org/raku/comma/formatter/RakuCodeStyleSettings.java	2868	2868	71	643	c5cc8857	4.4603	9.0563
java-repo	Java	src/main/java/org/raku/comma/cro/template/psi/impl/CroTemplateIntLiteralImpl.java	433	433	12	93	a5b293fc	4.6559	7.7500
java-repo	Java	src/main/java/org/raku/comma/RakuLanguage.java	363	363	16	76	9cc57c5f	4.7763	4.7500
java-repo	Java	src/main/java/org/raku/comma/psi/impl/RakuRegexQuantifierImpl.java	402	402	12	94	63e63613	4.2766	7.8333
java-repo	Java	src/main/java/org/raku/comma/cro/template/psi/stub/impl/CroTemplateMacroStubImpl.java	693	693	21	163	a787c759	4.2515	7.7619
java-repo	Java	src/main/java/org/raku/comma/cro/template/psi/impl/CroTemplatePartImpl.java	1944	1944	54	423	26c0c725	4.5957	7.8333
java-repo	Java	src/main/java/org/raku/comma/psi/impl/RakuImportStatementImpl.java	402	402	12	90	66e5b7e3	4.4667	7.5000
java-repo	Java	src/main/java/org/raku/comma/psi/RakuExtractable.java	211	211	8	48	f5f8f09e	4.3958	6.0000
java-repo	Java	src/main/java/org/raku/comma/pod/PodDomEnumDeclarator.java	1873	1873	50	362	907a7c2b	5.1740	7.2400
java-repo	Java	src/main/java/org/raku/comma/psi/impl/PodBlockDelimitedImpl.java	394	394	12	90	0ac2ceef	4.3778	7.5000
java-repo	Java	src/main/java/org/raku/comma/psi/impl/RakuArrayComposerImpl.java	604	604	19	142	bb8fd761	4.2535	7.4737
java-repo	Java	src/main/java/org/raku/comma/psi/RakuSupply.java	101	101	4	25	7ba3ec0a	4.0400	6.2500
java-repo	Java	src/main/java/org/raku/comma/profiler/model/RakuProfileCall.java	4163	4163	152	880	07ca2ff7	4.7307	5.7895
java-repo	Java	src/main/java/org/raku/comma/psi/impl/RakuAssignMetaOpImpl.java	390	390	12	94	e24a6c4f	4.1489	7.8333
java-repo	Java	src/main/java/org/raku/comma/psi/PodBlockFinish.java	88	88	4	20	f3b820f5	4.4000	5.0000
java-repo	Java	src/main/java/org/raku/comma/psi/impl/RakuRepeatStatementImpl.java	402	402	12	90	c80b2fdf	4.4667	7.5000
java-repo	Java	src/main/java/org/raku/comma/psi/impl/RakuCrossMetaOpImpl.java	386	386	12	94	fc984b0b	4.1064	7.8333
java-repo	Java	src/main/java/org/raku/comma/psi/impl/RakuRegexBuiltinCClassImpl.java	414	414	12	102	55cb4597	4.0588	8.5000
java-repo	Java	src/main/java/org/raku/comma/psi/RakuRegexModInternal.java	94	94	4	22	562446e3	4.2727	5.5000
java-repo	Java	src/main/java/org/raku/comma/grammar/RakuGrammarPreviewAction.java	1804	1804	46	343	3b60384d	5.2595	7.4565
java-repo	Java	src/main/java/org/raku/comma/contribution/GotoTemplateFileProvider.java	2723	2723	60	536	22330180	5.0802	8.9333
java-repo	Java	src/main/java/org/raku/comma/intention/MakeAttributeRequiredIntention.java	2975	2975	80	614	e796986e	4.8453	7.6750
java-repo	Java	src/main/java/org/raku/comma/contribution/RakuClassNameContributor.java	2531	2531	52	426	109b0967	5.9413	8.1923
java-repo	Java	src/main/java/org/raku/comma/utils/RakuPsiUtil.java	2855	2855	74	586	62c684df	4.8720	7.9189
java-repo	Java	src/main/java/org/raku/comma/psi/impl/RakuVersionImpl.java	582	582	19	138	77a3270e	4.2174	7.2632
java-repo	Java	src/main/java/org/raku/comma/debugger/RakuObjectValueDescriptor.java	1344	1344	50	283	3dcd2565	4.7491	5.6600
java-repo	Java	src/main/java/org/raku/comma/actions/ShowRakuProjectStructureAction.java	1792	1792	45	352	3d7e072e	5.0909	7.8222
java-repo	Java	src/main/java/org/raku/comma/intention/MakeMethodPublicIntention.java	2504	2504	65	519	815add74	4.8247	7.9846
java-repo	Java	src/main/java/org/raku/comma/psi/RakuBlockOrHash.java	746	746	19	174	6398b775	4.2874	9.1579
java-repo	Java	src/main/java/org/raku/comma/editor/RakuEnterBetweenBracesDelegate.java	506	506	12	123	455947de	4.1138	10.2500
java-repo	Java	src/main/java/org/raku/comma/refactoring/RakuExtractBlockDialog.java	9363	9363	242	1768	07e4d617	5.2958	7.3058
java-repo	Java	src/main/java/org/raku/comma/profiler/run/RakuImportProfileRunner.java	3010	3010	73	548	15b28488	5.4927	7.5068
java-repo	Java	src/main/java/org/raku/comma/cro/template/psi/CroTemplateTagSequence.java	149	149	6	32	c8728142	4.6563	5.3333
java-repo	Java	src/main/java/org/raku/comma/psi/impl/RakuWithoutStatementImpl.java	1015	1015	28	238	50ac9518	4.2647	8.5000
java-repo	Java	src/main/java/org/raku/comma/refactoring/inline/RakuInlineProcessor.java	1313	1313	28	200	19d29be1	6.5650	7.1429
java-repo	Java	src/main/java/org/raku/comma/timeline/model/Task.java	988	988	43	210	3f2cd5e4	4.7048	4.8837
java-repo	Java	src/main/java/org/raku/comma/cro/template/psi/stub/CroTemplatePartStub.java	247	247	8	57	7a975915	4.3333	7.1250
java-repo	Java	src/main/java/org/raku/comma/liveTemplates/AddUseProcessor.java	3063	3063	93	617	0365e6b2	4.9643	6.6344
java-repo	Java	src/main/java/org/raku/comma/cro/template/psi/CroTemplateParenthesizedExpression.java	98	98	4	20	42492d46	4.9000	5.0000
java-repo	Java	src/main/java/org/raku/comma/psi/impl/RakuDefaultStatementImpl.java	576	576	20	126	f333dd78	4.5714	6.3000
java-repo	Java	src/main/java/org/raku/comma/psi/PodBlockParagraph.java	101	101	4	23	3e9d8904	4.3913	5.7500
java-repo	Java	src/main/java/org/raku/comma/cro/template/editor/CroTemplateBraceMatcher.java	1614	1614	35	345	94d420e9	4.6783	9.8571
java-repo	Java	src/main/java/org/raku/comma/psi/impl/RakuWhereConstraintImpl.java	402	402	12	90	87456673	4.4667	7.5000
java-repo	Java	src/main/java/org/raku/comma/module/builder/CroModuleBuilderApplication.java	9915	9915	204	2074	87196b3a	4.7806	10.1667
java-repo	Java	src/main/java/org/raku/comma/ui/CustomConsoleRunTab.java	5396	5396	109	930	84589345	5.8022	8.5321
java-repo	Java	src/main/java/org/raku/comma/psi/RakuStatement.java	104	104	4	25	261f618a	4.1600	6.2500
java-repo	Java	src/main/java/org/raku/comma/liveTemplates/CroClientVar.java	1465	1465	43	346	a9b6f9ac	4.2341	8.0465
java-repo	Java	src/main/java/org/raku/comma/psi/RakuArrayShape.java	88	88	4	21	681f54d9	4.1905	5.2500
java-repo	Java	src/main/java/org/raku/comma/psi/RakuPostfix.java	85	85	4	21	85095a7c	4.0476	5.2500
java-repo	Java	src/main/java/org/raku/comma/cro/CroRouteIndex.java	807	807	28	174	cfbcc406	4.6379	6.2143
java-repo	Java	src/main/java/org/raku/comma/refactoring/RakuExtractPackageHandler.java	3162	3162	81	635	520e51cf	4.9795	7.8395
java-repo	Java	src/main/java/org/raku/comma/cro/template/psi/reference/CroTemplateScopeWalker.java	643	643	17	132	5f7c4ec6	4.8712	7.7647
java-repo	Java	src/main/java/org/raku/comma/psi/impl/RakuColonPairImpl.java	1995	1995	54	441	d9209a38	4.5238	8.1667
java-repo	Java	src/main/java/org/raku/comma/coverage/RakuCoverageRunner.java	960	960	24	199	f177e9a4	4.8241	8.2917
java-repo	Java	src/main/java/org/raku/comma/cro/template/structureView/CroTemplateStructureViewFactory.java	544	544	15	106	d81995c3	5.1321	7.0667
java-repo	Java	src/main/java/org/raku/comma/parsing/RakuTokenTypes.java	15528	15528	205	3565	73f8f482	4.3557	17.3902
java-repo	Java	src/main/java/org/raku/comma/psi/impl/RakuRegexAtomImpl.java	991	991	29	226	ac4f3281	4.3850	7.7931
java-repo	Java	src/main/java/org/raku/comma/psi/impl/RakuArrayShapeImpl.java	382	382	12	90	2035cbf7	4.2444	7.5000
java-repo	Java	src/main/java/org/raku/comma/refactoring/RakuExtractCodeBlockHandler.java	30471	30471	634	5921	109481c0	5.1463	9.3391
java-repo	Java	src/main/java/org/raku/comma/psi/RakuReverseMetaOp.java	91	91	4	22	d0493379	4.1364	5.5000
java-repo	Java	src/main/java/org/raku/comma/parsing/CursorStack.java	4395	4395	141	990	f4440f49	4.4394	7.0213
java-repo	Java	src/main/java/org/raku/comma/profiler/model/RakuProfileModelWithRatio.java	141	141	5	33	67efcfa7	4.2727	6.6000
java-repo	Java	src/main/java/org/raku/comma/descriptors/surrounder/RakuHashSurrounder.java	747	747	31	171	3821fa04	4.3684	5.5161
java-repo	Java	src/main/java/org/raku/comma/psi/impl/RakuSignatureImpl.java	1538	1538	42	345	4ffc1a8d	4.4580	8.2143
java-repo	Java	src/main/java/org/raku/comma/psi/RakuImportStatement.java	92	92	3	20	150a3049	4.6000	6.6667
java-repo	Java	src/main/java/org/raku/comma/psi/RakuTermDefinition.java	92	92	4	21	fc0baf78	4.3810	5.2500
java-repo	Java	src/main/java/org/raku/comma/pod/PodRenderingContext.java	96	96	5	24	17544cc9	4.0000	4.8000
java-repo	Java	src/main/java/org/raku/comma/descriptors/surrounder/RakuArraySurrounder.java	1502	1502	50	334	c6c9f209	4.4970	6.6800
java-repo	Java	src/main/java/org/raku/comma/highlighter/RakuHighlightVisitor.java	23607	23607	458	3998	5757c828	5.9047	8.7293
java-repo	Java	src/main/java/org/raku/comma/psi/RakuScopedDecl.java	249	249	8	61	dffd52b8	4.0820	7.6250
java-repo	Java	src/main/java/org/raku/comma/psi/impl/RakuDoImpl.java	520	520	20	122	6f86f212	4.2623	6.1000
java-repo	Java	src/main/java/org/raku/comma/psi/RakuFatArrow.java	171	171	8	38	c15784d6	4.5000	4.7500
java-repo	Java	src/main/java/org/raku/comma/structureView/RakuProjectStructureProvider.java	2013	2013	51	372	e55dd613	5.4113	7.2941
java-repo	Java	src/main/java/org/raku/comma/debugger/RakuDebugThread.java	29421	29421	600	5113	4455c2b8	5.7542	8.5217
java-repo	Java	src/main/java/org/raku/comma/run/RakuRunCommandLineState.java	4546	4546	106	890	5fc67ade	5.1079	8.3962
java-repo	Java	src/main/java/org/raku/comma/cro/template/psi/impl/CroTemplateSignatureImpl.java	1060	1060	25	218	5cde0756	4.8624	8.7200
java-repo	Java	src/main/java/org/raku/comma/descriptors/surrounder/RakuWithSurrounder.java	602	602	21	138	3324bcdf	4.3623	6.5714
java-repo	Java	src/main/java/org/raku/comma/descriptors/RakuRegexSurrounder.java	1983	1983	49	412	c427482a	4.8131	8.4082
java-repo	Java	src/main/java/org/raku/comma/psi/RakuOperatorAdverbApplication.java	103	103	4	23	965d7f37	4.4783	5.7500
java-repo	Java	src/main/java/org/raku/comma/psi/RakuTransliteration.java	110	110	4	27	76a4bf0a	4.0741	6.7500
java-repo	Java	src/main/java/org/raku/comma/cro/template/parsing/CroTemplateTokenTypes.java	4383	4383	59	895	a2464da0	4.8972	15.1695
java-repo	Java	src/main/java/org/raku/comma/psi/impl/RakuQuitStatementImpl.java	394	394	12	90	110122c3	4.3778	7.5000
java-repo	Java	src/main/java/org/raku/comma/intention/ConvertToBlockFormIntention.java	2643	2643	53	557	4303b23d	4.7451	10.5094
java-repo	Java	src/main/java/org/raku/comma/rename/RakuRenameDialog.java	1600	1600	46	337	3c76473b	4.7478	7.3261
java-repo	Java	src/main/java/org/raku/comma/psi/impl/RakuConstantImpl.java	3165	3165	87	659	7957d251	4.8027	7.5747
java-repo	Java	src/main/java/org/raku/comma/repl/RakuReplOutputHandler.java	10560	10558	220	2061	4cf1cfb6	5.1237	9.3682
java-repo	Java	src/main/java/org/raku/comma/psi/RakuPrefixApplication.java	296	296	10	62	b2ee21e8	4.7742	6.2000
java-repo	Java	src/main/java/org/raku/comma/psi/impl/RakuRequireStatementImpl.java	406	406	12	90	6934b9cf	4.5111	7.5000
java-repo	Java	src/main/java/org/raku/comma/psi/impl/RakuRegexSeparatorImpl.java	398	398	12	90	25de3fe7	4.4222	7.5000
java-repo	Java	src/main/java/org/raku/comma/cro/template/psi/CroTemplateElementFactory.java	1677	1677	37	339	e39caf5a	4.9469	9.1622
java-repo	Java	src/main/java/org/raku/comma/psi/impl/PodBlockParagraphImpl.java	395	395	13	86	dd570ab1	4.5930	6.6154
java-repo	Java	src/main/java/org/raku/comma/debugger/event/RakuDebugEvent.java	399	399	17	90	fb2dafe0	4.4333	5.2941
java-repo	Java	src/main/java/org/raku/comma/psi/impl/RakuTraitImpl.java	2193	2193	70	509	e9762064	4.3084	7.2714
java-repo	Java	src/main/java/org/raku/comma/pod/PodDomItem.java	481	481	21	103	9af75b63	4.6699	4.9048
java-repo	Java	src/main/java/org/raku/comma/psi/impl/RakuHashIndexImpl.java	378	378	12	90	bf7d3cab	4.2000	7.5000
java-repo	Java	src/main/java/org/raku/comma/psi/RakuUnterminatedStatement.java	99	99	4	23	cacf1cbe	4.3043	5.7500
java-repo	Java	src/main/java/org/raku/comma/psi/RakuOnlyStar.java	86	86	4	21	e1ea0f4d	4.0952	5.2500
java-repo	Java	src/main/java/org/raku/comma/psi/RakuIsTraitReference.java	5218	5218	126	1095	3bcb9a74	4.7653	8.6905
java-repo	Java	src/main/java/org/raku/comma/psi/impl/RakuUntilStatementImpl.java	398	398	12	90	e9817c87	4.4222	7.5000
java-repo	Java	src/main/java/org/raku/comma/psi/impl/RakuRegexLiteralImpl.java	491	491	17	114	e3dc816a	4.3070	6.7059
java-repo	Java	src/main/java/org/raku/comma/readerMode/RakuActionProvider.java	5491	5491	126	981	9175ce18	5.5973	7.7857
java-repo	Java	src/main/java/org/raku/comma/psi/RakuConditionalBranch.java	473	473	18	102	e3d73178	4.6373	5.6667
java-repo	Java	src/main/java/org/raku/comma/nqp/NqpLanguage.java	228	228	11	52	76be8fc6	4.3846	4.7273
java-repo	Java	src/main/java/org/raku/comma/timeline/model/LaneGroup.java	784	784	27	179	d971102c	4.3799	6.6296
java-repo	Java	src/main/java/org/raku/comma/psi/RakuComplexLiteral.java	109	109	4	26	c2022c1a	4.1923	6.5000
java-repo	Java	src/main/java/org/raku/comma/cro/run/RakuCompleteCroRunConfigurationType.java	3471	3471	78	638	127dc735	5.4404	8.1795
java-repo	Java	src/main/java/org/raku/comma/cro/template/parsing/CroTemplateLexer.java	4534	4534	134	859	4d3c4ebe	5.2782	6.4104
java-repo	Java	src/main/java/org/raku/comma/inspection/suppressor/RakuInspectionSuppressor.java	978	978	23	194	fef50432	5.0412	8.4348
java-repo	Java	src/main/java/org/raku/comma/psi/impl/RakuRadixNumberImpl.java	386	386	12	94	96913e5f	4.1064	7.8333
java-repo	Java	src/main/java/org/raku/comma/psi/RakuTerm.java	82	82	4	20	dc02881d	4.1000	5.0000
java-repo	Java	src/main/java/org/raku/comma/psi/type/RakuCoercionType.java	599	599	20	137	f90200fe	4.3723	6.8500
java-repo	Java	src/main/java/org/raku/comma/cro/template/structureView/CroTemplateStructureViewBuilder.java	1222	1222	29	254	c58e3878	4.8110	8.7586
java-repo	Java	src/main/java/org/raku/comma/refactoring/RakuExtractPackageDialog.java	4616	4616	150	918	0371f2a4	5.0283	6.1200
java-repo	Java	src/main/java/org/raku/comma/psi/impl/RakuWhileStatementImpl.java	540	540	18	127	f1ec071e	4.2520	7.0556
java-repo	Java	src/main/java/org/raku/comma/psi/RakuReturnConstraint.java	368	368	13	82	35656b08	4.4878	6.3077
java-repo	Java	src/main/java/org/raku/comma/psi/impl/RakuTypeNameImpl.java	6103	6103	150	1308	589004d4	4.6659	8.7200
java-repo	Java	src/main/java/org/raku/comma/utils/RakuSignatureUtils.java	4813	4813	120	974	7c481f0a	4.9415	8.1167
java-repo	Java	src/main/java/org/raku/comma/cro/template/psi/stub/index/CroTemplateSubIndex.java	891	891	28	185	0d0bbfeb	4.8162	6.6071
java-repo	Java	src/main/java/org/raku/comma/psi/symbols/RakuExplicitAliasedSymbol.java	405	405	17	93	448d4fb0	4.3548	5.4706
java-repo	Java	src/main/java/org/raku/comma/psi/RakuParameterVariable.java	397	397	10	81	7e7130f8	4.9012	8.1000
java-repo	Java	src/main/java/org/raku/comma/psi/type/RakuUntyped.java	346	346	16	81	5d1d8bd3	4.2716	5.0625
java-repo	Java	src/main/java/org/raku/comma/cro/template/psi/reference/CroTemplateVariableReference.java	1246	1246	30	255	309d5429	4.8863	8.5000
java-repo	Java	src/main/java/org/raku/comma/debugger/RakuStackFrameDescriptor.java	1197	1197	43	264	6d771bbf	4.5341	6.1395
java-repo	Java	src/main/java/org/raku/comma/utils/RakuProjectType.java	2283	2283	59	506	6d4bde49	4.5119	8.5763
java-repo	Java	src/main/java/org/raku/comma/psi/RakuBracketedInfix.java	92	92	4	23	174050ee	4.0000	5.7500
java-repo	Java	src/main/java/org/raku/comma/refactoring/RakuBlockRenderer.java	1296	1296	30	285	c2604646	4.5474	9.5000
java-repo	Java	src/main/java/org/raku/comma/psi/RakuSelf.java	82	82	4	20	67f05419	4.1000	5.0000
java-repo	Java	src/main/java/org/raku/comma/psi/impl/RakuStatementImpl.java	799	799	24	178	90619c33	4.4888	7.4167
java-repo	Java	src/main/java/org/raku/comma/psi/impl/RakuPointyBlockImpl.java	1837	1837	55	426	00f3d9c0	4.3122	7.7455
java-repo	Java	src/main/java/org/raku/comma/cro/template/psi/CroTemplateArgList.java	138	138	6	30	bcbebcf7	4.6000	5.0000
java-repo	Java	src/main/java/org/raku/comma/debugger/event/RakuDebugEventBreakpoint.java	150	150	6	34	a60c4148	4.4118	5.6667
java-repo	Java	src/main/java/org/raku/comma/descriptors/RakuRegexGroupSurrounder.java	474	474	17	104	c08dd6e3	4.5577	6.1176
java-repo	Java	src/main/java/org/raku/comma/intention/ConvertNonCapturingGroupIntoNamedIntention.java	2102	2102	55	438	6757d1d9	4.7991	7.9636
java-repo	Java	src/main/java/org/raku/comma/formatter/RakuCodeStyleSettingsProvider.java	9462	9460	215	2143	56f366ab	4.4153	9.9674
java-repo	Java	src/main/java/org/raku/comma/psi/impl/RakuOnlyStarImpl.java	374	374	12	90	139e3e87	4.1556	7.5000
java-repo	Java	src/main/java/org/raku/comma/descriptors/surrounder/RakuGenericTrySurrounder.java	1653	1653	46	352	6e7bb343	4.6960	7.6522
java-repo	Java	src/main/java/org/raku/comma/psi/impl/RakuRegexVariableImpl.java	1585	1585	48	339	04da077b	4.6755	7.0625
java-repo	Java	src/main/java/org/raku/comma/actions/NewDocumentationDialog.java	1586	1586	51	317	6bd49b79	5.0032	6.2157
java-repo	Java	src/main/java/org/raku/comma/liveTemplates/RakuContext.java	1341	1341	36	263	8b1068a8	5.0989	7.3056
java-repo	Java	src/main/java/org/raku/comma/refactoring/inline/IllegalInlineeException.java	502	502	22	103	f0b6d3f2	4.8738	4.6818
java-repo	Java	src/main/java/org/raku/comma/parsing/OPP.java	12477	12477	310	2681	2006f609	4.6539	8.6484
java-repo	Java	src/main/java/org/raku/comma/psi/impl/RakuNullTermImpl.java	374	374	12	90	8c4f775f	4.1556	7.5000
java-repo	Java	src/main/java/org/raku/comma/refactoring/RakuAttributeInfo.java	493	493	18	103	4a3f51bb	4.7864	5.7222
java-repo	Java	src/main/java/org/raku/comma/repl/RakuReplHistoryKeyListener.java	4684	4684	119	905	6ae08607	5.1757	7.6050
java-repo	Java	src/main/java/org/raku/comma/cro/template/psi/impl/CroTemplateTopicAccessImpl.java	437	437	12	93	c285e0ac	4.6989	7.7500
java-repo	Java	src/main/java/org/raku/comma/cro/template/psi/impl/CroTemplateNumLiteralImpl.java	433	433	12	93	e5be3f6c	4.6559	7.7500
java-repo	Java	src/main/java/org/raku/comma/coverage/RakuCoverageSuite.java	1410	1410	45	309	f423eac8	4.5631	6.8667
java-repo	Java	src/main/java/org/raku/comma/psi/impl/RakuPhaserImpl.java	366	366	12	90	71eeb80f	4.0667	7.5000
java-repo	Java	src/main/java/org/raku/comma/debugger/RakuExecutionStack.java	1401	1401	43	293	971c3c87	4.7816	6.8140
java-repo	Java	src/main/java/org/raku/comma/cro/template/psi/CroTemplateDerefArray.java	85	85	4	20	46232239	4.2500	5.0000
java-repo	Java	src/main/java/org/raku/comma/cro/template/annotation/DuplicateSeparatorAnnotator.java	1235	1235	27	247	b008961e	5.0000	9.1481
java-repo	Java	src/main/java/org/raku/comma/cro/template/psi/CroTemplateSignature.java	4507	4507	94	876	c4ccc0dc	5.1450	9.3191
java-repo	Java	src/main/java/org/raku/comma/parsing/PrecInfoToken.java	1466	1466	52	330	cf5c1c30	4.4424	6.3462
java-repo	Java	src/main/java/org/raku/comma/psi/RakuEnum.java	511	511	14	118	a8c81e18	4.3305	8.4286
java-repo	Java	src/main/java/org/raku/comma/psi/effects/EffectCollection.java	1246	1246	43	237	9cf5c30f	5.2574	5.5116
java-repo	Java	src/main/java/org/raku/comma/timeline/model/Timeline.java	3097	3097	83	629	46a77fde	4.9237	7.5783
java-repo	Java	src/main/java/org/raku/comma/refactoring/RakuExtractRegexPartHandler.java	11104	11104	236	2192	81479515	5.0657	9.2881
java-repo	Java	src/main/java/org/raku/comma/cro/template/CroTemplateParameterInfoHandler.java	3755	3755	86	773	608479ae	4.8577	8.9884
java-repo	Java	src/main/java/org/raku/comma/psi/RakuQuitStatement.java	91	91	4	21	7fe9924d	4.3333	5.2500
java-repo	Java	src/main/java/org/raku/comma/psi/RakuVariable.java	1745	1745	55	403	61f28f7c	4.3300	7.3273
java-repo	Java	src/main/java/org/raku/comma/psi/impl/PodBlockAbbreviatedImpl.java	402	402	12	94	78ac4f0f	4.2766	7.8333
java-repo	Java	src/main/java/org/raku/comma/coverage/RakuCoverageHideAction.java	986	986	30	186	b9fec9e5	5.3011	6.2000
java-repo	Java	src/main/java/org/raku/comma/cro/template/highlighter/CroTemplateColorSettingsPage.java	4193	4193	101	795	19fe1315	5.2742	7.8713
java-repo	Java	src/main/java/org/raku/comma/psi/RakuEager.java	100	100	4	26	6b602711	3.8462	6.5000
java-repo	Java	src/main/java/org/raku/comma/cro/template/psi/impl/CroTemplateDerefArrayImpl.java	433	433	12	97	0b810314	4.4639	8.0833
java-repo	Java	src/main/java/org/raku/comma/profiler/ui/RakuProfileRoutinesPanel.java	17859	17859	386	3327	d1bbcab2	5.3679	8.6192
java-repo	Java	src/main/java/org/raku/comma/cro/template/psi/impl/CroTemplateMacroImpl.java	2991	2991	74	656	b1682b6b	4.5595	8.8649
java-repo	Java	src/main/java/org/raku/comma/debugger/RakuNativeValueDescriptor.java	623	623	32	137	b2311e53	4.5474	4.2813
java-repo	Java	src/main/java/org/raku/comma/rename/RakuInputValidator.java	651	651	19	124	db47b118	5.2500	6.5263
java-repo	Java	src/main/java/org/raku/comma/profiler/model/Perl6ProfileThread.java	269	269	11	64	1da6a41f	4.2031	5.8182
java-repo	Java	src/main/java/org/raku/comma/timeline/RakuTimelineCommandLineState.java	2037	2037	59	399	90a6fe3c	5.1053	6.7627
java-repo	Java	src/main/java/org/raku/comma/highlighter/RakuElementVisitor.java	463	463	15	107	9ac5c1a6	4.3271	7.1333
java-repo	Java	src/main/java/org/raku/comma/nqp/psi/NqpTokenType.java	506	506	19	115	3caf5593	4.4000	6.0526
java-repo	Java	src/main/java/org/raku/comma/debugger/RakuThreadDescriptor.java	266	266	8	60	101e2368	4.4333	7.5000
java-repo	Java	src/main/java/org/raku/comma/descriptors/surrounder/RakuSurrounder.java	6670	6670	159	1335	70a17b03	4.9963	8.3962
java-repo	Java	src/main/java/org/raku/comma/debugger/DebugUtils.java	1610	1610	39	318	c407bae4	5.0629	8.1538
java-repo	Java	src/main/java/org/raku/comma/psi/RakuArrayComposer.java	120	120	4	30	ce8204b1	4.0000	7.5000
java-repo	Java	src/main/java/org/raku/comma/cro/template/psi/reference/CroTemplateCallReference.java	1166	1166	30	252	358f1d75	4.6270	8.4000
java-repo	Java	src/main/java/org/raku/comma/psi/impl/RakuZipMetaOpImpl.java	378	378	12	94	fe8a4ccf	4.0213	7.8333
java-repo	Java	src/main/java/org/raku/comma/refactoring/NewCodeBlockData.java	1577	1577	47	328	e8cf4756	4.8079	6.9787
java-repo	Java	src/main/java/org/raku/comma/cro/template/psi/impl/CroTemplateBoolLiteralImpl.java	437	437	12	93	a93a376c	4.6989	7.7500
java-repo	Java	src/main/java/org/raku/comma/parsing/RakuConditionalCompilation.java	6343	6343	156	1549	a80ea3ce	4.0949	9.9295
java-repo	Java	src/main/java/org/raku/comma/profiler/ui/RakuProfileOverviewPanel.java	6101	6101	104	1438	40a4f30f	4.2427	13.8269
java-repo	Java	src/main/java/org/raku/comma/psi/RakuQuasi.java	83	83	4	21	975372ac	3.9524	5.2500
java-repo	Java	src/main/java/org/raku/comma/utils/RakuOperatorUtils.java	2546	2500	51	540	1ab759da	4.7148	10.5882
java-repo	Java	src/main/java/org/raku/comma/psi/impl/RakuReduceMetaOpImpl.java	390	390	12	94	212578e7	4.1489	7.8333
java-repo	Java	src/main/java/org/raku/comma/cro/template/psi/CroTemplateMacro.java	390	390	9	88	22122185	4.4318	9.7778
java-repo	Java	src/main/java/org/raku/comma/psi/RakuPsiDeclaration.java	2998	2998	87	628	fb3864d4	4.7739	7.2184
java-repo	Java	src/main/java/org/raku/comma/cro/template/psi/reference/CroTemplateCompletionCollector.java	845	845	31	176	e4d4a40f	4.8011	5.6774
java-repo	Java	src/main/java/org/raku/comma/editor/RakuTodoIndexer.java	1368	1368	35	278	2910f960	4.9209	7.9429
java-repo	Java	src/main/java/org/raku/comma/utils/RakuUtils.java	5230	5230	147	1024	8e61c5a9	5.1074	6.9660
java-repo	Java	src/main/java/org/raku/comma/pod/PodDomFormatted.java	1779	1779	53	381	fe9fe44e	4.6693	7.1887
java-repo	Java	src/main/java/org/raku/comma/cro/template/psi/impl/CroTemplateHtmlCommentImpl.java	437	437	12	93	6c497e2c	4.6989	7.7500
java-repo	Java	src/main/java/org/raku/comma/profiler/model/RakuProfileData.java	21928	21928	480	4323	9b128594	5.0724	9.0063
java-repo	Java	src/main/java/org/raku/comma/cro/template/psi/impl/CroTemplateInfixApplicationImpl.java	457	457	12	97	444cabdc	4.7113	8.0833
java-repo	Java	src/main/java/org/raku/comma/psi/symbols/RakuLexicalSymbolContributor.java	621	621	17	132	0452a0fc	4.7045	7.7647
java-repo	Java	src/main/java/org/raku/comma/psi/RakuColonPair.java	229	229	9	47	0f45a0ed	4.8723	5.2222
java-repo	Java	src/main/java/org/raku/comma/cro/template/psi/impl/CroTemplateNamedArgumentImpl.java	445	445	12	93	52974bec	4.7849	7.7500
java-repo	Java	src/main/java/org/raku/comma/coverage/RakuCoverageDataManagerImpl.java	13358	13358	324	2539	13d5f411	5.2611	7.8364
java-repo	Java	src/main/java/org/raku/comma/psi/RakuSubset.java	434	434	12	97	9157c7fa	4.4742	8.0833
java-repo	Java	src/main/java/org/raku/comma/psi/RakuRegexCClass.java	89	89	4	22	f6292261	4.0455	5.5000
java-repo	Java	src/main/java/org/raku/comma/psi/impl/RakuReactImpl.java	362	362	12	86	78d601ef	4.2093	7.1667
java-repo	Java	src/main/java/org/raku/comma/run/RakuOutputLinkFilter.java	2108	2108	56	390	d05300cb	5.4051	6.9643
java-repo	Java	src/main/java/org/raku/comma/heapsnapshot/SnapshotData.java	11311	11311	336	2406	5b6e2739	4.7012	7.1607
java-repo	Java	src/main/java/org/raku/comma/testing/RakuCompleteTestRunConfigurationProducer.java	7234	7234	150	1352	8f2827d2	5.3506	9.0133
java-repo	Java	src/main/java/org/raku/comma/application/RakuDocStarter.java	8284	8284	185	1547	a8caefe8	5.3549	8.3622
java-repo	Java	src/main/java/org/raku/comma/contribution/GotoTemplatePartFileProvider.java	3108	3108	65	581	babcfebf	5.3494	8.9385
java-repo	Java	src/main/java/org/raku/comma/psi/RakuRegexSeparator.java	92	92	4	21	cec66189	4.3810	5.2500
java-repo	Java	src/main/java/org/raku/comma/cro/template/psi/CroTemplateLiteralOpenTag.java	145	145	6	31	756dcb0e	4.6774	5.1667
java-repo	Java	src/main/java/org/raku/comma/psi/RakuFile.java	805	805	26	173	7d302535	4.6532	6.6538
java-repo	Java	src/main/java/org/raku/comma/cro/template/psi/CroTemplateNamedArgument.java	88	88	4	19	e3c28ab0	4.6316	4.7500
java-repo	Java	src/main/java/org/raku/comma/run/RakuRunSettingsEditor.java	11805	11805	249	2011	23718b06	5.8702	8.0763
java-repo	Java	src/main/java/org/raku/comma/psi/RakuLoopStatement.java	108	108	4	26	a07a6f10	4.1538	6.5000
java-repo	Java	src/main/java/org/raku/comma/refactoring/RakuAttributeSelectionTable.java	2166	2166	74	432	64328b25	5.0139	5.8378
java-repo	Java	src/main/java/org/raku/comma/structureView/RakuStructureViewFactory.java	626	626	17	119	e00ba95b	5.2605	7.0000
java-repo	Java	src/main/java/org/raku/comma/intention/ConvertNonCapturingGroupIntoPosIntention.java	3314	3314	81	677	6e6749a2	4.8951	8.3580
java-repo	Java	src/main/java/org/raku/comma/psi/impl/RakuRegexAnchorImpl.java	386	386	12	90	297afa3b	4.2889	7.5000
java-repo	Java	src/main/java/org/raku/comma/cro/template/psi/stub/index/CroTemplateStubIndexKeys.java	725	725	15	167	4d92a501	4.3413	11.1333
java-repo	Java	src/main/java/org/raku/comma/cro/template/psi/CroTemplateNumLiteral.java	141	141	6	30	18da7918	4.7000	5.0000
java-repo	Java	src/main/java/org/raku/comma/psi/RakuNoStatement.java	89	89	4	21	da8b6009	4.2381	5.2500
java-repo	Java	src/main/java/org/raku/comma/psi/RakuUntilStatement.java	109	109	4	26	d1964034	4.1923	6.5000
java-repo	Java	src/main/java/org/raku/comma/coverage/RakuCoverageSourceAnnotator.java	4365	4365	100	853	028500c9	5.1172	8.5300
java-repo	Java	src/main/java/org/raku/comma/psi/RakuCatchStatement.java	293	293	12	67	b4239acb	4.3731	5.5833
java-repo	Java	src/main/java/org/raku/comma/contribution/GotoTemplatePartCallProvider.java	1547	1547	36	297	6f5b8e72	5.2088	8.2500
java-repo	Java	src/main/java/org/raku/comma/psi/impl/RakuNoStatementImpl.java	386	386	12	90	4e8b039b	4.2889	7.5000
java-repo	Java	src/main/java/org/raku/comma/psi/impl/RakuModuleNameImpl.java	1062	1062	32	222	27cd50bf	4.7838	6.9375
java-repo	Java	src/main/java/org/raku/comma/repl/RakuReplUsingThisModuleAction.java	1104	1104	29	239	7d1d5d46	4.6192	8.2414
java-repo	Java	src/main/java/org/raku/comma/psi/impl/RakuVariableDeclImpl.java	19988	19988	496	4115	fbd312bd	4.8574	8.2964
java-repo	Java	src/main/java/org/raku/comma/cro/template/psi/impl/CroTemplateFileImpl.java	1655	1655	45	354	17be02fd	4.6751	7.8667
java-repo	Java	src/main/java/org/raku/comma/psi/RakuGivenStatement.java	139	139	4	36	8c56b87c	3.8611	9.0000
java-repo	Java	src/main/java/org/raku/comma/psi/RakuTrait.java	409	409	13	91	afd8136b	4.4945	7.0000
java-repo	Java	src/main/java/org/raku/comma/cro/template/psi/CroTemplateBody.java	135	135	6	29	143db8bf	4.6552	4.8333
java-repo	Java	src/main/java/org/raku/comma/cro/template/CroTemplateLanguage.java	283	283	11	54	91651db8	5.2407	4.9091
java-repo	Java	src/main/java/org/raku/comma/module/builder/RakuModuleBuilderApplication.java	3501	3501	81	565	f3a2bd85	6.1965	6.9753
java-repo	Java	src/main/java/org/raku/comma/cro/template/editor/CroTemplateQuoteHandler.java	602	602	15	116	1cb0c402	5.1897	7.7333
java-repo	Java	src/main/java/org/raku/comma/psi/symbols/MOPSymbolsAllowed.java	1817	1817	50	384	fe0f1e4c	4.7318	7.6800
java-repo	Java	src/main/java/org/raku/comma/psi/impl/RakuParameterImpl.java	10698	10698	300	2337	29d81a1b	4.5777	7.7900
java-repo	Java	src/main/java/org/raku/comma/refactoring/helpers/RakuIntroduceDialog.java	3314	3314	99	627	5ed5a889	5.2855	6.3333
java-repo	Java	src/main/java/org/raku/comma/psi/impl/RakuIfStatementImpl.java	1352	1352	38	314	c0c6fc03	4.3057	8.2632
java-repo	Java	src/main/java/org/raku/comma/debugger/RakuXLexicalValue.java	420	420	15	99	363c9586	4.2424	6.6000
java-repo	Java	src/main/java/org/raku/comma/readerMode/PodPreviewEditor.java	11975	11975	284	2248	8bc97c36	5.3270	7.9155
java-repo	Java	src/main/java/org/raku/comma/psi/RakuWhatever.java	86	86	4	20	0f26e71d	4.3000	5.0000
java-repo	Java	src/main/java/org/raku/comma/psi/PodPreComment.java	87	87	4	20	818aca6f	4.3500	5.0000
java-repo	Java	src/main/java/org/raku/comma/psi/RakuNeedStatement.java	372	372	11	89	028b45fb	4.1798	8.0909
java-repo	Java	src/main/java/org/raku/comma/contribution/Filtering.java	1400	1400	38	260	ee01ba9b	5.3846	6.8421
java-repo	Java	src/main/java/org/raku/comma/codeInsights/RakuReferencesCodeVisionProvider.java	2172	2172	64	465	4d26de82	4.6710	7.2656
java-repo	Java	src/main/java/org/raku/comma/psi/impl/RakuBracketedInfixImpl.java	540	540	18	129	fc27a9b7	4.1860	7.1667
java-repo	Java	src/main/java/org/raku/comma/editor/SigSpaceAnnotator.java	1554	1554	30	307	18c60898	5.0619	10.2333
java-repo	Java	src/main/java/org/raku/comma/psi/RakuElementFactory.java	16330	16330	373	3460	09d78f59	4.7197	9.2761
java-repo	Java	src/main/java/org/raku/comma/cro/template/psi/impl/CroTemplateArgListImpl.java	421	421	12	93	e9fd2b2c	4.5269	7.7500
java-repo	Java	src/main/java/org/raku/comma/cro/template/findUsages/CroTemplateWordsScannar.java	6045	6045	129	1211	fe796721	4.9917	9.3876
java-repo	Java	src/main/java/org/raku/comma/cro/template/psi/impl/CroTemplateElsifImpl.java	413	413	12	97	06d28084	4.2577	8.0833
java-repo	Java	src/main/java/org/raku/comma/cro/template/psi/reference/CroTemplateSymbolCollector.java	241	241	8	50	3b305f20	4.8200	6.2500
java-repo	Java	src/main/java/org/raku/comma/psi/RakuTopicalizer.java	1214	1214	28	288	f08c2cd6	4.2153	10.2857
java-repo	Java	src/main/java/org/raku/comma/cro/template/psi/CroTemplateElse.java	79	79	4	18	dd0a6b91	4.3889	4.5000
java-repo	Java	src/main/java/org/raku/comma/psi/impl/RakuBlockImpl.java	1503	1503	42	350	e57a641c	4.2943	8.3333
java-repo	Java	src/main/java/org/raku/comma/profiler/run/RakuProfileTask.java	4126	4126	104	779	fee5cc78	5.2965	7.4904
java-repo	Java	src/main/java/org/raku/comma/cro/template/psi/reference/CroTemplateBaseReference.java	1578	1578	42	301	00eb6df2	5.2425	7.1667
java-repo	Java	src/main/java/org/raku/comma/psi/RakuTypeStubBasedPsi.java	5897	5897	150	1163	4e81a196	5.0705	7.7533
java-repo	Java	src/main/java/org/raku/comma/run/RakuDebuggableConfiguration.java	224	224	8	50	ad7719b9	4.4800	6.2500
java-repo	Java	src/main/java/org/raku/comma/psi/impl/RakuRegexDeclImpl.java	4876	4875	148	1074	08b0bf33	4.5400	7.2568
java-repo	Java	src/main/java/org/raku/comma/cro/template/parsing/CroTemplateElementType.java	460	460	15	96	a9c2ff10	4.7917	6.4000
java-repo	Java	src/main/java/org/raku/comma/psi/impl/RakuSupplyImpl.java	577	577	19	139	8f6df04d	4.1511	7.3158
java-repo	Java	src/main/java/org/raku/comma/parsing/RakuElementType.java	399	399	15	89	782d9c59	4.4831	5.9333
java-repo	Java	src/main/java/org/raku/comma/profiler/ui/RakuProfileModulesPanel.java	4438	4437	135	823	a529e8d8	5.3925	6.0963
java-repo	Java	src/main/java/org/raku/comma/heapsnapshot/HeapSnapshotCollection.java	21126	21126	472	4339	a7ccb507	4.8689	9.1928
java-repo	Java	src/main/java/org/raku/comma/psi/RakuIfStatement.java	178	178	5	42	d4f8d9c7	4.2381	8.4000
java-repo	Java	src/main/java/org/raku/comma/utils/RakuCommandLine.java	5493	5493	130	1113	378b918f	4.9353	8.5615
java-repo	Java	src/main/java/org/raku/comma/module/builder/RakuModuleBuilderScript.java	2079	2079	59	397	e001f1dd	5.2368	6.7288
java-repo	Java	src/main/java/org/raku/comma/psi/RakuDefaultStatement.java	107	107	4	25	b8992611	4.2800	6.2500
java-repo	Java	src/main/java/org/raku/comma/heapsnapshot/run/RakuLoadHeapSnapshotFileTask.java	2634	2634	57	471	bcb5cfa5	5.5924	8.2632
java-repo	Java	src/main/java/org/raku/comma/refactoring/inline/call/RakuInlineCallDialog.java	1354	1354	40	269	dc8376b9	5.0335	6.7250
java-repo	Java	src/main/java/org/raku/comma/timeline/TimelineView.java	1856	1856	51	400	a4a4ec75	4.6400	7.8431
java-repo	Java	src/main/java/org/raku/comma/debugger/RakuXAttributeValue.java	408	408	15	89	949944b2	4.5843	5.9333
java-repo	Java	src/main/java/org/raku/comma/refactoring/inline/call/RakuInlineCallActionHandler.java	6351	6351	153	1160	5a8eb86d	5.4750	7.5817
java-repo	Java	src/main/java/org/raku/comma/readerMode/RakuReaderModeState.java	294	294	13	70	2066fb29	4.2000	5.3846
java-repo	Java	src/main/java/org/raku/comma/coverage/RakuCoverageTestRunningState.java	2785	2785	70	481	09870c97	5.7900	6.8714
java-repo	Java	src/main/java/org/raku/comma/psi/RakuHyper.java	100	100	4	25	c168e97f	4.0000	6.2500
java-repo	Java	src/main/java/org/raku/comma/psi/RakuRatLiteral.java	105	105	4	27	2ea87039	3.8889	6.7500
java-repo	Java	src/main/java/org/raku/comma/cro/template/psi/CroTemplateFile.java	284	284	8	61	9893cfb9	4.6557	7.6250
java-repo	Java	src/main/java/org/raku/comma/pod/PodDomNodeList.java	302	302	12	66	6121f237	4.5758	5.5000
java-repo	Java	src/main/java/org/raku/comma/psi/RakuRegex.java	117	117	4	30	7018f1c2	3.9000	7.5000
java-repo	Java	src/main/java/org/raku/comma/coverage/RakuCoverageCommandLineState.java	4209	4209	98	756	f16f0997	5.5675	7.7143
java-repo	Java	src/main/java/org/raku/comma/descriptors/RakuRegexPositionalSurrounder.java	479	479	18	105	04997018	4.5619	5.8333
java-repo	Java	src/main/java/org/raku/comma/intention/RangeIntentionFix.java	3710	3710	84	783	cf75a31a	4.7382	9.3214
java-repo	Java	src/main/java/org/raku/comma/psi/impl/RakuRegexCallImpl.java	1156	1156	36	258	40ff6d01	4.4806	7.1667
java-repo	Java	src/main/java/org/raku/comma/psi/impl/RakuReturnConstraintImpl.java	1189	1189	36	272	522f97f6	4.3713	7.5556
java-repo	Java	src/main/java/org/raku/comma/timeline/TimelineContentBuilder.java	3005	3005	68	500	e1e3f547	6.0100	7.3529
java-repo	Java	src/main/java/org/raku/comma/cro/template/psi/CroTemplateInfix.java	136	136	6	30	1054bdf9	4.5333	5.0000
java-repo	Java	src/main/java/org/raku/comma/cro/template/psi/stub/CroTemplateFileStub.java	373	373	9	85	8898821e	4.3882	9.4444
java-repo	Java	src/main/java/org/raku/comma/cro/template/psi/CroTemplateParameter.java	150	150	6	31	5ab9cf8a	4.8387	5.1667
java-repo	Java	src/main/java/org/raku/comma/psi/impl/RakuMethodCallImpl.java	3812	3812	108	845	39de9557	4.5112	7.8241
java-repo	Java	src/main/java/org/raku/comma/psi/RakuWheneverStatement.java	125	125	4	30	e6b74780	4.1667	7.5000
java-repo	Java	src/main/java/org/raku/comma/debugger/RakuSuspendContext.java	1541	1541	46	325	b6daf44d	4.7415	7.0652
java-repo	Java	src/main/java/org/raku/comma/intention/DoubleQuotesToSingleIntention.java	1521	1521	39	311	8660a865	4.8907	7.9744
java-repo	Java	src/main/java/org/raku/comma/cro/template/psi/impl/CroTemplateParameterDefaultImpl.java	457	457	12	93	1d65d78c	4.9140	7.7500
java-repo	Java	src/main/java/org/raku/comma/editor/UnicodeReplacementHandler.java	6423	6421	130	1240	80c9bded	5.1798	9.5385
java-repo	Java	src/main/java/org/raku/comma/debugger/event/RakuDebugEventBase.java	736	736	29	167	1134b67f	4.4072	5.7586
java-repo	Java	src/main/java/org/raku/comma/psi/impl/RakuNamedParameterImpl.java	1320	1320	35	288	60973e6b	4.5833	8.2286
java-repo	Java	src/main/java/org/raku/comma/refactoring/introduce/variable/RakuIntroduceVariableHandler.java	2272	2272	53	406	8b31028b	5.5961	7.6604
java-repo	Java	src/main/java/org/raku/comma/refactoring/RakuNameValidator.java	115	115	5	25	ed83c313	4.6000	5.0000
java-repo	Java	src/main/java/org/raku/comma/refactoring/inline/RakuInlineViewDescriptor.java	1563	1563	48	346	ef1e2701	4.5173	7.2083
java-repo	Java	src/main/java/org/raku/comma/actions/NewTestDialog.java	1721	1721	54	364	e2cc78f6	4.7280	6.7407
java-repo	Java	src/main/java/org/raku/comma/utils/Patterns.java	561	561	10	177	0edfc388	3.1695	17.7000
java-repo	Java	src/main/java/org/raku/comma/cro/CroTemplateIndex.java	821	821	28	173	85b9d7ca	4.7457	6.1786
java-repo	Java	src/main/java/org/raku/comma/cro/template/psi/impl/CroTemplateStringLiteralImpl.java	705	705	19	153	b9f8515e	4.6078	8.0526
java-repo	Java	src/main/java/org/raku/comma/psi/impl/RakuReverseMetaOpImpl.java	394	394	12	94	46f09bef	4.1915	7.8333
java-repo	Java	src/main/java/org/raku/comma/refactoring/inline/RakuInlineActionHandler.java	5919	5919	114	1133	1503a1b6	5.2242	9.9386
java-repo	Java	src/main/java/org/raku/comma/psi/RakuHyperMetaOp.java	89	89	4	22	42add639	4.0455	5.5000
java-repo	Java	src/main/java/org/raku/comma/psi/impl/RakuRegexImpl.java	362	362	12	86	c9775527	4.2093	7.1667
java-repo	Java	src/main/java/org/raku/comma/run/RakuRunConfiguration.java	8267	8267	218	1643	4c922eea	5.0316	7.5367
java-repo	Java	src/main/java/org/raku/comma/psi/RakuForStatement.java	259	259	8	66	2ebb685e	3.9242	8.2500
java-repo	Java	src/main/java/org/raku/comma/psi/RakuRegexDriver.java	1982	1982	44	375	337e799a	5.2853	8.5227
java-repo	Java	src/main/java/org/raku/comma/psi/RakuCapture.java	102	102	4	25	b90981eb	4.0800	6.2500
java-repo	Java	src/main/java/org/raku/comma/cro/template/editor/CroTemplateSpellCheckingStrategy.java	1221	1221	28	252	8dd5b7ef	4.8452	9.0000
java-repo	Java	src/main/java/org/raku/comma/psi/impl/RakuCatchStatementImpl.java	608	608	19	141	e1af4b9c	4.3121	7.4211
java-repo	Java	src/main/java/org/raku/comma/psi/RakuParenthesizedExpr.java	124	124	4	31	a15a4603	4.0000	7.7500
java-repo	Java	src/main/java/org/raku/comma/psi/impl/RakuBlockoidImpl.java	374	374	12	90	0f3b3d57	4.1556	7.5000
java-repo	Java	src/main/java/org/raku/comma/debugger/RakuLoadedFileDescriptor.java	1400	1400	55	303	3fe1eb80	4.6205	5.5091
java-repo	Java	src/main/java/org/raku/comma/nqp/NqpFileType.java	993	993	44	228	845bb41f	4.3553	5.1818
java-repo	Java	src/main/java/org/raku/comma/profiler/ui/RakuProfilerFrameResultFilter.java	450	450	20	93	88670f60	4.8387	4.6500
java-repo	Java	src/main/java/org/raku/comma/utils/RakuScriptRunner.java	3671	3671	81	766	65f84712	4.7924	9.4568
java-repo	Java	src/main/java/org/raku/comma/psi/impl/RakuRegexAssertionImpl.java	2354	2354	70	514	8d58f705	4.5798	7.3429
java-repo	Java	src/main/java/org/raku/comma/cro/template/psi/impl/CroTemplateTagSequenceImpl.java	942	942	25	198	f92ef04d	4.7576	7.9200
java-repo	Java	src/main/java/org/raku/comma/psi/RakuRadixNumber.java	106	106	4	27	c0f0a714	3.9259	6.7500
java-repo	Java	src/main/java/org/raku/comma/heapsnapshot/ui/HeapSnapshotView.java	1356	1356	39	266	dc9df270	5.0977	6.8205
java-repo	Java	src/main/java/org/raku/comma/profiler/compare/ProfileCompareCalls.java	5403	5403	133	1105	28e4c39d	4.8896	8.3083
java-repo	Java	src/main/java/org/raku/comma/cro/run/RakuCroRunConfigurationBase.java	4052	4052	110	789	4b9a646b	5.1356	7.1727
java-repo	Java	src/main/java/org/raku/comma/psi/RakuMethodReference.java	12135	12135	265	2440	6245013b	4.9734	9.2075
java-repo	Java	src/main/java/org/raku/comma/psi/RakuRegexInfixApplication.java	179	179	6	41	49a0cf17	4.3659	6.8333
java-repo	Java	src/main/java/org/raku/comma/cro/template/psi/impl/CroTemplateConditionImpl.java	429	429	12	89	0b1e3084	4.8202	7.4167
java-repo	Java	src/main/java/org/raku/comma/profiler/model/RakuProfileOverviewData.java	702	702	27	164	10e37b3c	4.2805	6.0741
java-repo	Java	src/main/java/org/raku/comma/psi/effects/Effect.java	199	199	8	41	53ae53f7	4.8537	5.1250
java-repo	Java	src/main/java/org/raku/comma/coverage/RakuProjectViewCoverageDecorator.java	2551	2551	54	483	ff9c6493	5.2816	8.9444
java-repo	Java	src/main/java/org/raku/comma/cro/template/psi/impl/CroTemplateBodyImpl.java	409	409	12	89	bce723cc	4.5955	7.4167
java-repo	Java	src/main/java/org/raku/comma/psi/RakuStubCode.java	86	86	4	21	0e4cc4b2	4.0952	5.2500
java-repo	Java	src/main/java/org/raku/comma/psi/symbols/RakuSymbolKind.java	169	169	6	43	1ff979e9	3.9302	7.1667
java-repo	Java	src/main/java/org/raku/comma/descriptors/RakuStatementSurroundDescriptor.java	4844	4844	115	1054	159c2a9b	4.5958	9.1652
java-repo	Java	src/main/java/org/raku/comma/profiler/compare/SingleRowCompareFormatter.java	1427	1427	36	301	e3f60651	4.7409	8.3611
java-repo	Java	src/main/java/org/raku/comma/psi/RakuRegexDecl.java	693	693	18	142	e25f259e	4.8803	7.8889
java-repo	Java	src/main/java/org/raku/comma/psi/RakuSubCall.java	319	319	9	75	49f8e274	4.2533	8.3333
java-repo	Java	src/main/java/org/raku/comma/cro/template/CroTemplateSymbolNameContributor.java	2566	2566	56	443	88e87a9e	5.7923	7.9107
java-repo	Java	src/main/java/org/raku/comma/psi/impl/RakuOperatorAdverbImpl.java	398	398	12	94	199366af	4.2340	7.8333
java-repo	Java	src/main/java/org/raku/comma/psi/impl/RakuNumLiteralImpl.java	760	760	26	178	49d29d91	4.2697	6.8462
java-repo	Java	src/main/java/org/raku/comma/profiler/ui/RakuProfileGCPanel.java	6699	6699	193	1311	72c78542	5.1098	6.7927
java-repo	Java	src/main/java/org/raku/comma/descriptors/surrounder/RakuTrySurrounder.java	641	641	26	147	d17aca7a	4.3605	5.6538
java-repo	Java	src/main/java/org/raku/comma/psi/RakuVariableReference.java	16003	16003	309	2914	c94e3bcd	5.4918	9.4304
java-repo	Java	src/main/java/org/raku/comma/psi/impl/RakuUnlessStatementImpl.java	402	402	12	90	eb74a79b	4.4667	7.5000
java-repo	Java	src/main/java/org/raku/comma/intention/TermUnicodeConversionIntention.java	2247	2243	48	433	382dacaf	5.1894	9.0208
java-repo	Java	src/main/java/org/raku/comma/psi/impl/RakuQuietlyImpl.java	370	370	12	90	de77961f	4.1111	7.5000
java-repo	Java	src/main/java/org/raku/comma/refactoring/NewRegexPartData.java	646	646	20	143	c395a92f	4.5175	7.1500
java-repo	Java	src/main/java/org/raku/comma/refactoring/RakuExtractPackageUtil.java	5390	5390	115	968	84252637	5.5682	8.4174
java-repo	Java	src/main/java/org/raku/comma/psi/RakuInfixApplication.java	392	392	11	88	cec046b7	4.4545	8.0000
java-repo	Java	src/main/java/org/raku/comma/descriptors/surrounder/RakuCornerBracketsSurrounder.java	1493	1481	42	350	7ea83b09	4.2657	8.3333
java-repo	Java	src/main/java/org/raku/comma/psi/RakuHashIndex.java	87	87	4	21	1650c98d	4.1429	5.2500
java-repo	Java	src/main/java/org/raku/comma/utils/CommaProjectWizardUtil.java	2020	2020	52	379	8031c819	5.3298	7.2885
java-repo	Java	src/main/java/org/raku/comma/psi/impl/RakuInfixApplicationImpl.java	4587	4585	111	999	93dca1b3	4.5916	9.0000
java-repo	Java	src/main/java/org/raku/comma/cro/template/structureView/CroTemplateStructureViewElement.java	3577	3577	110	647	a87bfdb1	5.5286	5.8818
java-repo	Java	src/main/java/org/raku/comma/intention/UnwrapPromiseAllOfIntention.java	2908	2908	83	617	7445a798	4.7131	7.4337
java-repo	Java	src/main/java/org/raku/comma/profiler/ui/RakuProfileCallGraphPanel.java	2956	2956	88	593	aa7434c9	4.9848	6.7386
java-repo	Java	src/main/java/org/raku/comma/psi/RakuCall.java	82	82	4	20	8ebed063	4.1000	5.0000
java-repo	Java	src/main/java/org/raku/comma/psi/type/RakuParametricType.java	1660	1660	59	330	dbba14de	5.0303	5.5932
java-repo	Java	src/main/java/org/raku/comma/psi/impl/RakuSinkImpl.java	358	358	12	86	7fbe0cbf	4.1628	7.1667
java-repo	Java	src/main/java/org/raku/comma/cro/template/psi/CroTemplateIntLiteral.java	141	141	6	30	e8be6d03	4.7000	5.0000
java-repo	Java	src/main/java/org/raku/comma/psi/impl/RakuRegexCapturePositionalImpl.java	2048	2048	55	424	a4713667	4.8302	7.7091
java-repo	Java	src/main/java/org/raku/comma/psi/RakuIntLiteral.java	105	105	4	26	b24022a3	4.0385	6.5000
java-repo	Java	src/main/java/org/raku/comma/timeline/TimelineChart.java	29761	29761	712	5665	fbc55b3b	5.2535	7.9565
java-repo	Java	src/main/java/org/raku/comma/contribution/CallArgGotoElementProviderBase.java	3497	3497	80	744	3ecffb2b	4.7003	9.3000
java-repo	Java	src/main/java/org/raku/comma/heapsnapshot/ui/RakuHeapSnapshotResultsPanel.java	803	803	23	155	57211ede	5.1806	6.7391
java-repo	Java	src/main/java/org/raku/comma/cro/template/psi/Scope.java	261	261	8	56	74acc4bb	4.6607	7.0000
java-repo	Java	src/main/java/org/raku/comma/psi/symbols/RakuSymbol.java	656	656	17	143	7dda011a	4.5874	8.4118
java-repo	Java	src/main/java/org/raku/comma/psi/RakuSink.java	82	82	4	20	df54ea48	4.1000	5.0000
java-repo	Java	src/main/java/org/raku/comma/psi/RakuBlock.java	146	146	5	39	04156900	3.7436	7.8000
java-repo	Java	src/main/java/org/raku/comma/library/RakuLibraryType.java	1956	1956	56	358	1ad1b09b	5.4637	6.3929
java-repo	Java	src/main/java/org/raku/comma/psi/impl/PodPostCommentImpl.java	331	331	11	79	8a92ef53	4.1899	7.1818
java-repo	Java	src/main/java/org/raku/comma/psi/RakuRegexGoal.java	87	87	4	21	ac6ca159	4.1429	5.2500
java-repo	Java	src/main/java/org/raku/comma/psi/RakuNullTerm.java	86	86	4	21	758378a0	4.0952	5.2500
java-repo	Java	src/main/java/org/raku/comma/psi/type/RakuSelfType.java	252	252	9	60	bce7b55a	4.2000	6.6667
java-repo	Java	src/main/java/org/raku/comma/testing/RakuTestSettingsEditor.java	12632	12632	289	2283	31179a02	5.5331	7.8997
java-repo	Java	src/main/java/org/raku/comma/refactoring/introduce/IntroduceHandler.java	22357	22357	476	4066	c9c345c4	5.4985	8.5420
java-repo	Java	src/main/java/org/raku/comma/parsing/RakuParserDefinition.java	17471	17471	370	4085	2d15b65a	4.2769	11.0405
java-repo	Java	src/main/java/org/raku/comma/profiler/compare/ByNameCompareFormatter.java	3150	3150	79	714	0ba76b76	4.4118	9.0380
java-repo	Java	src/main/java/org/raku/comma/psi/RakuSelfReference.java	1108	1108	38	243	e7b67183	4.5597	6.3947
java-repo	Java	src/main/java/org/raku/comma/psi/impl/RakuParameterDefaultImpl.java	406	406	12	90	13847aef	4.5111	7.5000
java-repo	Java	src/main/java/org/raku/comma/psi/impl/RakuSubsetImpl.java	2690	2690	79	605	64ad768f	4.4463	7.6582
java-repo	Java	src/main/java/org/raku/comma/cro/template/psi/impl/CroTemplateSubImpl.java	2945	2945	74	649	eb74618f	4.5378	8.7703
java-repo	Java	src/main/java/org/raku/comma/psi/impl/RakuLazyImpl.java	566	566	19	139	bc96d405	4.0719	7.3158
java-repo	Java	src/main/java/org/raku/comma/profiler/model/RakuProfileOutputTableRowSorter.java	1292	1292	34	292	c888f208	4.4247	8.5882
java-repo	Java	src/main/java/org/raku/comma/debugger/RakuDebugCommandLineState.java	352	352	11	70	67981c7b	5.0286	6.3636
java-repo	Java	src/main/java/org/raku/comma/profiler/compare/ProfileCompareGCs.java	2341	2341	65	459	9ba81720	5.1002	7.0615
java-repo	Java	src/main/java/org/raku/comma/psi/impl/RakuMultiDeclImpl.java	895	895	28	210	08c17b66	4.2619	7.5000
java-repo	Java	src/main/java/org/raku/comma/psi/RakuNegationMetaOp.java	92	92	4	23	604eb7ba	4.0000	5.7500
java-repo	Java	src/main/java/org/raku/comma/psi/RakuSequentialMetaOp.java	94	94	4	22	e6e75296	4.2727	5.5000
java-repo	Java	src/main/java/org/raku/comma/rename/RakuPsiElementProcessor.java	1213	1213	29	216	0d1b5dd3	5.6157	7.4483
java-repo	Java	src/main/java/org/raku/comma/psi/impl/RakuGatherImpl.java	574	574	19	143	29cfa2e9	4.0140	7.5263
java-repo	Java	src/main/java/org/raku/comma/psi/impl/RakuOperatorAdverbApplicationImpl.java	442	442	12	98	8b6c17a3	4.5102	8.1667
java-repo	Java	src/main/java/org/raku/comma/psi/impl/RakuSubCallNameImpl.java	2601	2601	64	556	dac7e529	4.6781	8.6875
java-repo	Java	src/main/java/org/raku/comma/psi/RakuUnlessStatement.java	124	124	4	29	7ee8cdc0	4.2759	7.2500
java-repo	Java	src/main/java/org/raku/comma/debugger/RakuLineBreakpointType.java	1625	1625	40	330	da7c0e53	4.9242	8.2500
java-repo	Java	src/main/java/org/raku/comma/psi/impl/RakuSemiListImpl.java	374	374	12	94	813b4717	3.9787	7.8333
java-repo	Java	src/main/java/org/raku/comma/psi/RakuArrayIndex.java	88	88	4	21	5ab908a0	4.1905	5.2500
java-repo	Java	src/main/java/org/raku/comma/psi/impl/RakuQuasiImpl.java	362	362	12	90	3cf5d57b	4.0222	7.5000
java-repo	Java	src/main/java/org/raku/comma/psi/impl/RakuArrayIndexImpl.java	382	382	12	90	ed2ac617	4.2444	7.5000
java-repo	Java	src/main/java/org/raku/comma/psi/RakuConditional.java	1751	1751	49	338	7dedc2e7	5.1805	6.8980
java-repo	Java	src/main/java/org/raku/comma/psi/RakuHolder.java	614	614	17	142	27710f20	4.3239	8.3529
java-repo	Java	src/main/java/org/raku/comma/psi/RakuHyperWhatever.java	91	91	4	21	59b4d711	4.3333	5.2500
java-repo	Java	src/main/java/org/raku/comma/psi/impl/RakuStatementModLoopImpl.java	406	406	12	94	282f85b7	4.3191	7.8333
java-repo	Java	src/main/java/org/raku/comma/cro/template/psi/CroTemplateSeparator.java	140	140	6	29	dedd8018	4.8276	4.8333
java-repo	Java	src/main/java/org/raku/comma/refactoring/RakuVariableData.java	1154	1154	34	244	83b4c4b8	4.7295	7.1765
java-repo	Java	src/main/java/org/raku/comma/cro/template/psi/stub/CroTemplateSubStub.java	244	244	8	57	4e27b3ce	4.2807	7.1250
java-repo	Java	src/main/java/org/raku/comma/profiler/compare/CompareFormatter.java	951	949	28	216	b3e0369c	4.4028	7.7143
java-repo	Java	src/main/java/org/raku/comma/cro/template/psi/impl/CroTemplateUseImpl.java	1759	1759	44	383	c3411ab2	4.5927	8.7045
java-repo	Java	src/main/java/org/raku/comma/psi/impl/RakuRaceImpl.java	358	358	12	86	a4acc4e7	4.1628	7.1667
java-repo	Java	src/main/java/org/raku/comma/psi/RakuRegexSigspace.java	91	91	4	22	4d4486d7	4.1364	5.5000
java-repo	Java	src/main/java/org/raku/comma/intention/TermASCIIConversionIntention.java	1720	1720	40	331	e01e96c5	5.1964	8.2750
java-repo	Java	src/main/java/org/raku/comma/psi/impl/RakuRegexCClassImpl.java	386	386	12	94	e49ec693	4.1064	7.8333
java-repo	Java	src/main/java/org/raku/comma/cro/template/psi/CroTemplateParameterDefault.java	91	91	4	19	67cf2212	4.7895	4.7500
java-repo	Java	src/main/java/org/raku/comma/timeline/RakuTimelineRunner.java	1977	1977	44	353	7ba9a60d	5.6006	8.0227
java-repo	Java	src/main/java/org/raku/comma/psi/RakuRegexCallReference.java	3081	3081	71	661	7e84d189	4.6611	9.3099
java-repo	Java	src/main/java/org/raku/comma/cro/template/editor/CroTemplateFoldingBuilder.java	1386	1386	36	275	49e71d8c	5.0400	7.6389
java-repo	Java	src/main/java/org/raku/comma/psi/RakuStrLiteral.java	133	133	5	31	e4df6818	4.2903	6.2000
java-repo	Java	src/main/java/org/raku/comma/psi/RakuWithoutStatement.java	129	129	4	31	8a825771	4.1613	7.7500
java-repo	Java	src/main/java/org/raku/comma/cro/template/highlighter/CroTemplateSyntaxHighlighter.java	5605	5605	81	1224	c7426e8b	4.5792	15.1111
java-repo	Java	src/main/java/org/raku/comma/psi/impl/RakuRoutineDeclImpl.java	15936	15936	432	3398	d6e25767	4.6898	7.8657
java-repo	Java	src/main/java/org/raku/comma/psi/impl/RakuAlsoImpl.java	1826	1826	49	408	032bdaea	4.4755	8.3265
java-repo	Java	src/main/java/org/raku/comma/profiler/model/RakuProfileNavigationModel.java	1628	1626	55	334	97fef1bd	4.8743	6.0727
java-repo	Java	src/main/java/org/raku/comma/intention/ConvertNonCapturingGroupIntention.java	1396	1396	31	282	fe730748	4.9504	9.0968
java-repo	Java	src/main/java/org/raku/comma/editor/RakuEnterDelegate.java	2142	2142	49	381	4db95900	5.6220	7.7755
java-repo	Java	src/main/java/org/raku/comma/psi/impl/RakuNeedStatementImpl.java	3092	3092	76	625	9b151f5e	4.9472	8.2237
java-repo	Java	src/main/java/org/raku/comma/cro/template/psi/impl/CroTemplateParenthesizedExpressionImpl.java	485	485	12	97	ce9216ec	5.0000	8.0833
java-repo	Java	src/main/java/org/raku/comma/psi/PodText.java	77	77	4	17	f10d9a96	4.5294	4.2500
java-repo	Java	src/main/java/org/raku/comma/psi/impl/RakuParenthesizedExprImpl.java	1338	1338	34	323	a5c0186f	4.1424	9.5000
java-repo	Java	src/main/java/org/raku/comma/descriptors/RakuSRegexAtomSurroundDescriptor.java	2065	2065	55	478	98f0797f	4.3201	8.6909
java-repo	Java	src/main/java/org/raku/comma/editor/BackspaceUnicodeHandler.java	2772	2772	61	555	976efc12	4.9946	9.0984
java-repo	Java	src/main/java/org/raku/comma/descriptors/surrounder/RakuWhenSurrounder.java	596	596	21	133	f9d8f732	4.4812	6.3333
java-repo	Java	src/main/java/org/raku/comma/profiler/compare/ProfileCompareTypes.java	2793	2793	73	583	ba0db9e8	4.7907	7.9863
java-repo	Java	src/main/java/org/raku/comma/psi/RakuComment.java	85	85	4	20	ec053fb0	4.2500	5.0000
java-repo	Java	src/main/java/org/raku/comma/grammar/CurrentGrammar.java	9217	9217	237	1647	08952a5b	5.5962	6.9494
java-repo	Java	src/main/java/org/raku/comma/cro/template/psi/CroTemplateIteration.java	147	147	6	31	d5728ed8	4.7419	5.1667
java-repo	Java	src/main/java/org/raku/comma/pod/PodDomInnerNode.java	2098	2098	59	418	753eba17	5.0191	7.0847
java-repo	Java	src/main/java/org/raku/comma/nqp/psi/NqpElementType.java	306	306	11	72	798dff5a	4.2500	6.5455
java-repo	Java	src/main/java/org/raku/comma/cro/template/psi/CroTemplateDerefHashLiteral.java	91	91	4	21	1460dccb	4.3333	5.2500
java-repo	Java	src/main/java/org/raku/comma/psi/impl/RakuTryImpl.java	524	524	20	122	924fd510	4.2951	6.1000
java-repo	Java	src/main/java/org/raku/comma/descriptors/surrounder/RakuConditionalSurrounder.java	1285	1285	33	283	5ec0f73a	4.5406	8.5758
java-repo	Java	src/main/java/org/raku/comma/timeline/client/ClientEvent.java	1428	1428	67	299	4ebf3119	4.7759	4.4627
java-repo	Java	src/main/java/org/raku/comma/structureView/RoutineDeclarationRangeHandler.java	884	884	21	177	f63b5268	4.9944	8.4286
java-repo	Java	src/main/java/org/raku/comma/psi/RakuParameter.java	812	812	28	176	7258cee6	4.6136	6.2857
java-repo	Java	src/main/java/org/raku/comma/timeline/client/TimelineClient.java	7494	7494	190	1380	a171482a	5.4304	7.2632
java-repo	Java	src/main/java/org/raku/comma/psi/impl/RakuRegexGoalImpl.java	378	378	12	90	143105fb	4.2000	7.5000
java-repo	Java	src/main/java/org/raku/comma/psi/RakuOnce.java	82	82	4	20	95cc2b76	4.1000	5.0000
java-repo	Java	src/main/java/org/raku/comma/timeline/VisibleLanesChanged.java	248	248	8	56	706ffe03	4.4286	7.0000
java-repo	Java	src/main/java/org/raku/comma/psi/impl/RakuRegexModInternalImpl.java	406	406	12	94	482c1e17	4.3191	7.8333
java-repo	Java	src/main/java/org/raku/comma/psi/impl/RakuSelfImpl.java	1045	1045	32	252	cd5bf6b0	4.1468	7.8750
java-repo	Java	src/main/java/org/raku/comma/contribution/RakuSymbolNameContributor.java	3031	3031	66	581	224a9379	5.2169	8.8030
java-repo	Java	src/main/java/org/raku/comma/psi/RakuRegexQuantifier.java	93	93	4	22	479b6e2e	4.2273	5.5000
java-repo	Java	src/main/java/org/raku/comma/pm/ui/RakuPMWidget.java	4568	4568	115	798	a7538b69	5.7243	6.9391
java-repo	Java	src/main/java/org/raku/comma/psi/impl/RakuWhenStatementImpl.java	394	394	12	90	43085a5f	4.3778	7.5000
java-repo	Java	src/main/java/org/raku/comma/cro/template/psi/impl/CroTemplateElseImpl.java	409	409	12	89	7cd31ed4	4.5955	7.4167
java-repo	Java	src/main/java/org/raku/comma/profiler/run/RakuProfileRunner.java	1901	1901	47	366	6043dfce	5.1940	7.7872
java-repo	Java	src/main/java/org/raku/comma/structureView/RakuStructureAwareNavbar.java	1845	1845	52	379	fa776630	4.8681	7.2885
java-repo	Java	src/main/java/org/raku/comma/parsing/RakuElementTypes.java	10820	10820	155	2526	d57246fc	4.2835	16.2968
java-repo	Java	src/main/java/org/raku/comma/psi/RakuNamedParameter.java	114	114	5	25	0ddc793c	4.5600	5.0000
java-repo	Java	src/main/java/org/raku/comma/psi/RakuPostfixApplication.java	306	306	12	68	c420ca98	4.5000	5.6667
java-repo	Java	src/main/java/org/raku/comma/pod/PodCompletionContributor.java	2908	2908	67	544	7a859aa7	5.3456	8.1194
java-repo	Java	src/main/java/org/raku/comma/editor/RakuSpellCheckingStrategy.java	1433	1433	35	282	02716114	5.0816	8.0571
java-repo	Java	src/main/java/org/raku/comma/cro/template/psi/stub/impl/CroTemplateFileStubImpl.java	1305	1305	28	286	2ce344c3	4.5629	10.2143
java-repo	Java	src/main/java/org/raku/comma/psi/impl/RakuCommentImpl.java	370	370	12	86	0e24ce03	4.3023	7.1667
java-repo	Java	src/main/java/org/raku/comma/editor/RakuFoldingBuilder.java	4167	4167	86	807	ef7a2f7e	5.1636	9.3837
java-repo	Java	src/main/java/org/raku/comma/psi/RakuQuotePair.java	87	87	4	21	2dee738d	4.1429	5.2500
java-repo	Java	src/main/java/org/raku/comma/cro/template/psi/impl/CroTemplateDerefMethodImpl.java	437	437	12	95	7bbae59c	4.6000	7.9167
java-repo	Java	src/main/java/org/raku/comma/psi/RakuRegexCClassElem.java	93	93	4	23	7d2ee99a	4.0435	5.7500
java-repo	Java	src/main/java/org/raku/comma/refactoring/inline/variable/RakuInlineVariableDialog.java	2247	2247	60	445	a8f2f3d1	5.0494	7.4167
java-repo	Java	src/main/java/org/raku/comma/editor/SigilCompletionAutoPopupHandler.java	3112	3112	79	625	2b21a9dc	4.9792	7.9114
java-repo	Java	src/main/java/org/raku/comma/psi/PodPostComment.java	88	88	4	20	daf40418	4.4000	5.0000
java-repo	Java	src/main/java/org/raku/comma/run/CroRunSettingsEditor.java	1393	1393	41	285	9b4c5a6f	4.8877	6.9512
java-repo	Java	src/main/java/org/raku/comma/descriptors/surrounder/RakuStartSurrounder.java	655	655	26	147	4085397b	4.4558	5.6538
java-repo	Java	src/main/java/org/raku/comma/intention/UnparenthesizeIntention.java	2068	2068	53	412	ee767f80	5.0194	7.7736
java-repo	Java	src/main/java/org/raku/comma/psi/RakuWhereConstraint.java	93	93	4	21	8055d145	4.4286	5.2500
java-repo	Java	src/main/java/org/raku/comma/psi/RakuUseStatement.java	395	395	11	91	a7f0c411	4.3407	8.2727
java-repo	Java	src/main/java/org/raku/comma/debugger/event/RakuDebugEventStop.java	1024	1024	28	230	967f1c51	4.4522	8.2143
java-repo	Java	src/main/java/org/raku/comma/psi/RakuQuoteRegex.java	105	105	4	26	8facc116	4.0385	6.5000
java-repo	Java	src/main/java/org/raku/comma/pod/PodDomDeclarator.java	3213	3213	97	656	211a8ffa	4.8979	6.7629
java-repo	Java	src/main/java/org/raku/comma/psi/impl/RakuHyperWhateverImpl.java	394	394	12	90	9c99d29b	4.3778	7.5000
java-repo	Java	src/main/java/org/raku/comma/psi/impl/PodConfigurationImpl.java	390	390	12	82	18155247	4.7561	6.8333
java-repo	Java	src/main/java/org/raku/comma/profiler/ui/PercentageTableCellRenderer.java	3944	3944	97	833	cec6b418	4.7347	8.5876
java-repo	Java	src/main/java/org/raku/comma/heapsnapshot/ui/HeapSnapshotContentBuilder.java	1978	1978	43	376	563602eb	5.2606	8.7442
java-repo	Java	src/main/java/org/raku/comma/cro/template/psi/impl/CroTemplateCallImpl.java	2698	2698	71	567	39197ff8	4.7584	7.9859
java-repo	Java	src/main/java/org/raku/comma/psi/impl/RakuTermDefinitionImpl.java	398	398	12	90	37fea087	4.4222	7.5000
java-repo	Java	src/main/java/org/raku/comma/cro/template/psi/impl/CroTemplateLiteralTagAttributeImpl.java	469	469	12	97	12a9523c	4.8351	8.0833
java-repo	Java	src/main/java/org/raku/comma/psi/impl/RakuIsTraitNameImpl.java	1233	1233	35	283	6cfc6d68	4.3569	8.0857
java-repo	Java	src/main/java/org/raku/comma/testing/TapOutputToGeneralTestEventsConverter.java	12584	12584	264	2357	3ac969ab	5.3390	8.9280
java-repo	Java	src/main/java/org/raku/comma/descriptors/surrounder/RakuHashContextSurrounder.java	662	662	21	153	b20cbab1	4.3268	7.2857
java-repo	Java	src/main/java/org/raku/comma/refactoring/introduce/constant/RakuIntroduceConstantHandler.java	1124	1124	31	224	c92bb8c6	5.0179	7.2258
java-repo	Java	src/main/java/org/raku/comma/psi/RakuRegexAtom.java	92	92	4	22	d1404894	4.1818	5.5000
java-repo	Java	src/main/java/org/raku/comma/structureView/RakuStructureViewBuilder.java	1539	1539	36	314	b3761028	4.9013	8.7222
java-repo	Java	src/main/java/org/raku/comma/descriptors/surrounder/RakuControlSurrounder.java	592	592	21	139	bfff9829	4.2590	6.6190
java-repo	Java	src/main/java/org/raku/comma/psi/impl/RakuSequentialMetaOpImpl.java	406	406	12	94	8d332377	4.3191	7.8333
java-repo	Java	src/main/java/org/raku/comma/psi/impl/RakuQuoteRegexImpl.java	592	592	19	143	aba3a559	4.1399	7.5263
java-repo	Java	src/main/java/org/raku/comma/psi/RakuStart.java	113	113	4	29	3a5007d1	3.8966	7.2500
java-repo	Java	src/main/java/org/raku/comma/refactoring/RakuCodeBlockType.java	114	114	7	29	1fc6ac6a	3.9310	4.1429
java-repo	Java	src/main/java/org/raku/comma/parsing/RakuOPPElementTypes.java	594	594	12	121	5cd25041	4.9091	10.0833
java-repo	Java	src/main/java/org/raku/comma/grammar/RakuGrammarPreviewFactory.java	1169	1169	29	233	32464e95	5.0172	8.0345
java-repo	Java	src/main/java/org/raku/comma/pod/PodDomAttributeDeclarator.java	1700	1698	43	345	fd5d9670	4.9275	8.0233
java-repo	Java	src/main/java/org/raku/comma/refactoring/RakuAttributeSelectionPanel.java	1431	1431	34	288	b35abaee	4.9688	8.4706
java-repo	Java	src/main/java/org/raku/comma/cro/template/psi/CroTemplateUse.java	147	147	6	31	884db8c8	4.7419	5.1667
java-repo	Java	src/main/java/org/raku/comma/psi/RakuRegexCapturePositional.java	164	164	6	37	90f0cf3d	4.4324	6.1667
java-repo	Java	src/main/java/org/raku/comma/psi/RakuRegexAssertion.java	156	156	6	35	2c18d0c9	4.4571	5.8333
java-repo	Java	src/main/java/org/raku/comma/cro/template/psi/CroTemplateElsif.java	80	80	4	20	f90c0649	4.0000	5.0000
java-repo	Java	src/main/java/org/raku/comma/cro/template/psi/reference/CroTemplateSymbolKind.java	123	123	7	29	675cbdb9	4.2414	4.1429
java-repo	Java	src/main/java/org/raku/comma/cro/template/psi/stub/CroTemplateMacroStubElementType.java	1963	1963	56	436	e6a2134c	4.5023	7.7857
java-repo	Java	src/main/java/org/raku/comma/psi/impl/RakuEnumImpl.java	3891	3891	102	869	ae4b799b	4.4776	8.5196
java-repo	Java	src/main/java/org/raku/comma/psi/impl/RakuCallImpl.java	578	578	19	136	49c42ead	4.2500	7.1579
java-repo	Java	src/main/java/org/raku/comma/repl/RakuReplState.java	4893	4893	122	1031	984ee864	4.7459	8.4508
java-repo	Java	src/main/java/org/raku/comma/cro/template/psi/CroTemplateCondition.java	140	140	6	29	f2f1ec7a	4.8276	4.8333
java-repo	Java	src/main/java/org/raku/comma/heapsnapshot/ui/HeapSnapshotSummaryTab.java	5369	5369	122	1242	b3640ca7	4.3229	10.1803
java-repo	Java	src/main/java/org/raku/comma/pod/PodDomCode.java	1047	1047	30	232	6f3f6be9	4.5129	7.7333
java-repo	Java	src/main/java/org/raku/comma/refactoring/RakuExtractRegexDialog.java	8447	8447	215	1591	794a7c9f	5.3092	7.4000
java-repo	Java	src/main/java/org/raku/comma/pm/RakuDependencySpec.java	2570	2570	73	572	a83fbf3b	4.4930	7.8356
java-repo	Java	src/main/java/org/raku/comma/psi/impl/RakuRegexSigspaceImpl.java	394	394	12	94	0574774b	4.1915	7.8333
java-repo	Java	src/main/java/org/raku/comma/profiler/ui/RakuProfileNodeRenderer.java	2268	2268	52	419	c8dcc966	5.4129	8.0577
java-repo	Java	src/main/java/org/raku/comma/pod/PodDomBlock.java	157	157	7	37	a3eb404c	4.2432	5.2857
java-repo	Java	src/main/java/org/raku/comma/heapsnapshot/Snapshot.java	1200	1200	36	235	b9b5383b	5.1064	6.5278
java-repo	Java	src/main/java/org/raku/comma/profiler/RakuProfileDataManagerImpl.java	4874	4874	123	934	6bb78434	5.2184	7.5935
java-repo	Java	src/main/java/org/raku/comma/psi/RakuQuietly.java	102	102	4	26	c3c213e8	3.9231	6.5000
java-repo	Java	src/main/java/org/raku/comma/psi/RakuRoutineDecl.java	1072	1072	28	222	4426ed20	4.8288	7.9286
java-repo	Java	src/main/java/org/raku/comma/grammar/RakuGrammarPreviewer.java	29046	29042	673	5373	4247f516	5.4059	7.9837
java-repo	Java	src/main/java/org/raku/comma/cro/template/psi/CroTemplateHtmlComment.java	86	86	4	19	a2092488	4.5263	4.7500
java-repo	Java	src/main/java/org/raku/comma/RakuIcons.java	4087	4087	59	640	a986fbae	6.3859	10.8475
java-repo	Java	src/main/java/org/raku/comma/descriptors/surrounder/RakuGivenSurrounder.java	603	603	21	133	c864d6cd	4.5338	6.3333
java-repo	Java	src/main/java/org/raku/comma/psi/RakuMultiDecl.java	148	148	6	34	15823f86	4.3529	5.6667
java-repo	Java	src/main/java/org/raku/comma/psi/RakuSubCallName.java	247	247	12	52	f9d7efc5	4.7500	4.3333
java-repo	Java	src/main/java/org/raku/comma/heapsnapshot/run/RakuHeapSnapshotCommandLineState.java	1300	1300	40	250	b6f86fbe	5.2000	6.2500
java-repo	Java	src/main/java/org/raku/comma/cro/template/CroTemplateFileType.java	1138	1138	52	245	77435b4d	4.6449	4.7115
java-repo	Java	src/main/java/org/raku/comma/cro/template/parsing/CroTemplateParserDefinition.java	5712	5712	132	1179	e3b1a01c	4.8448	8.9318
java-repo	Java	src/main/java/org/raku/comma/psi/symbols/RakuSingleResolutionSymbolCollector.java	3400	3400	100	708	7f2ce4af	4.8023	7.0800
java-repo	Java	src/main/java/org/raku/comma/cro/template/psi/stub/impl/CroTemplateSubStubImpl.java	679	679	21	161	9b065087	4.2174	7.6667
java-repo	Java	src/main/java/org/raku/comma/psi/RakuRequireStatement.java	94	94	4	21	388ad0f7	4.4762	5.2500
java-repo	Java	src/main/java/org/raku/comma/coverage/RakuCoverageLineMarkerRenderer.java	1458	1458	52	308	5cd8f676	4.7338	5.9231
java-repo	Java	src/main/java/org/raku/comma/refactoring/inline/RakuInlineDialog.java	1461	1461	50	292	02c6a6ce	5.0034	5.8400
java-repo	Java	src/main/java/org/raku/comma/parsing/Cursor.java	25098	25096	743	6436	2f64c23c	3.8996	8.6622
java-repo	Java	src/main/java/org/raku/comma/descriptors/surrounder/RakuStringQuotesSurrounder.java	281	281	9	67	3cf27e6d	4.1940	7.4444
java-repo	Java	src/main/java/org/raku/comma/readerMode/RakuModuleEditorProvider.java	5632	5632	118	1034	3f07ac42	5.4468	8.7627
java-repo	Java	src/main/java/org/raku/comma/cro/template/psi/CroTemplateCall.java	218	218	8	47	58e57db9	4.6383	5.8750
java-repo	Java	src/main/java/org/raku/comma/cro/template/psi/CroTemplateTopicAccess.java	142	142	6	30	efe1d79a	4.7333	5.0000
java-repo	Java	src/main/java/org/raku/comma/findUsages/RakuUsageTypeProvider.java	3792	3792	99	761	846d1862	4.9829	7.6869
java-repo	Java	src/main/java/org/raku/comma/psi/RakuMemberStubBasedPsi.java	5291	5291	131	992	2cc41d89	5.3337	7.5725
java-repo	Java	src/main/java/org/raku/comma/findUsages/RakuFindUsagesProvider.java	2593	2593	75	565	cb0fb1c4	4.5894	7.5333
java-repo	Java	src/main/java/org/raku/comma/psi/impl/RakuLongNameImpl.java	844	844	27	198	cc83e31e	4.2626	7.3333
java-repo	Java	src/main/java/org/raku/comma/psi/RakuMethodCall.java	326	326	12	71	2fb618a0	4.5915	5.9167
java-repo	Java	src/main/java/org/raku/comma/profiler/ui/CallGraphTooltipUI.java	6043	6041	155	1396	62329dfa	4.3288	9.0065
java-repo	Java	src/main/java/org/raku/comma/psi/impl/RakuIntLiteralImpl.java	760	760	26	178	4b2dbd7e	4.2697	6.8462
java-repo	Java	src/main/java/org/raku/comma/pod/PodDomNode.java	401	401	13	83	5d0f6e22	4.8313	6.3846
java-repo	Java	src/main/java/org/raku/comma/cro/template/psi/stub/CroTemplateMacroStub.java	250	250	8	57	09ebb794	4.3860	7.1250
java-repo	Java	src/main/java/org/raku/comma/psi/RakuLongName.java	214	214	8	46	dea28548	4.6522	5.7500
java-repo	Java	src/main/java/org/raku/comma/psi/RakuVariableDecl.java	828	828	20	175	58435779	4.7314	8.7500
java-repo	Java	src/main/java/org/raku/comma/psi/impl/RakuHeredocImpl.java	370	370	12	94	91c72d3f	3.9362	7.8333
java-repo	Java	src/main/java/org/raku/comma/psi/impl/RakuPostfixImpl.java	512	512	18	121	d3037d13	4.2314	6.7222
java-repo	Java	src/main/java/org/raku/comma/psi/impl/RakuForStatementImpl.java	2873	2873	78	667	8beaef8d	4.3073	8.5513
java-repo	Java	src/main/java/org/raku/comma/psi/type/RakuResolvedType.java	812	812	30	173	b4417651	4.6936	5.7667
java-repo	Java	src/main/java/org/raku/comma/psi/RakuPointyBlock.java	190	190	6	49	ad9e9b7a	3.8776	8.1667
java-repo	Java	src/main/java/org/raku/comma/cro/template/psi/impl/CroTemplateIterationImpl.java	1008	1008	24	210	56048020	4.8000	8.7500
java-repo	Java	src/main/java/org/raku/comma/testing/RakuCompleteTestConfigurationType.java	2461	2461	64	446	5a22f250	5.5179	6.9688
java-repo	Java	src/main/java/org/raku/comma/debugger/RakuBreakpointHandler.java	1308	1308	35	268	5976bf69	4.8806	7.6571
java-repo	Java	src/main/java/org/raku/comma/psi/impl/RakuOnceImpl.java	358	358	12	86	a942df6f	4.1628	7.1667
java-repo	Java	src/main/java/org/raku/comma/psi/RakuNumLiteral.java	105	105	4	26	5f9b9942	4.0385	6.5000
java-repo	Java	src/main/java/org/raku/comma/psi/impl/PodPreCommentImpl.java	327	327	11	79	c38837c7	4.1392	7.1818
java-repo	Java	src/main/java/org/raku/comma/psi/RakuTrusts.java	110	110	5	26	cfd1bc68	4.2308	5.2000
java-repo	Java	src/main/java/org/raku/comma/cro/template/psi/Declaration.java	275	275	8	56	7d5cdd2d	4.9107	7.0000
java-repo	Java	src/main/java/org/raku/comma/parsing/RakuHighlighterLexer.java	385	385	11	82	94879308	4.6951	7.4545
java-repo	Java	src/main/java/org/raku/comma/profiler/compare/ProfileCompareSummary.java	4777	4777	103	982	94016454	4.8646	9.5340
java-repo	Java	src/main/java/org/raku/comma/psi/RakuTry.java	111	111	4	29	7ebc9e50	3.8276	7.2500
java-repo	Java	src/main/java/org/raku/comma/psi/RakuMultiHolder.java	93	93	5	22	03243359	4.2273	4.4000
java-repo	Java	src/main/java/org/raku/comma/psi/RakuIsTraitName.java	148	148	6	35	f2bbc0ca	4.2286	5.8333
java-repo	Java	src/main/java/org/raku/comma/parsing/RakuWordsScanner.java	6984	6984	141	1353	63d995c5	5.1619	9.5957
java-repo	Java	src/main/java/org/raku/comma/descriptors/surrounder/RakuTryCatchWhenSurrounder.java	854	854	28	206	0fb73985	4.1456	7.3571
java-repo	Java	src/main/java/org/raku/comma/psi/RakuSignatureHolder.java	2090	2090	58	426	a66f60b2	4.9061	7.3448
java-repo	Java	src/main/java/org/raku/comma/language/RakuLanguageVersionService.java	1590	1590	50	326	f9de81f0	4.8773	6.5200
java-repo	Java	src/main/java/org/raku/comma/cro/template/psi/impl/CroTemplateInfixImpl.java	413	413	12	93	298b153c	4.4409	7.7500
java-repo	Java	src/main/java/org/raku/comma/pod/PodDomText.java	464	464	21	103	8db889de	4.5049	4.9048
java-repo	Java	src/main/java/org/raku/comma/psi/PodFormatted.java	262	262	10	59	6ae26896	4.4407	5.9000
java-repo	Java	src/main/java/org/raku/comma/cro/template/psi/CroTemplateStringLiteral.java	173	173	7	35	b1f9de58	4.9429	5.0000
java-repo	Java	src/main/java/org/raku/comma/cro/template/psi/impl/CroTemplateLiteralCloseTagImpl.java	453	453	12	97	5f9f76ac	4.6701	8.0833
java-repo	Java	src/main/java/org/raku/comma/testing/RakuTestKind.java	698	698	28	146	07c6e5e5	4.7808	5.2143
java-repo	Java	src/main/java/org/raku/comma/psi/type/RakuType.java	597	597	22	136	4cf24677	4.3897	6.1818
java-repo	Java	src/main/java/org/raku/comma/psi/impl/RakuCaptureImpl.java	582	582	19	139	c43d5654	4.1871	7.3158
java-repo	Java	src/main/java/org/raku/comma/descriptors/surrounder/RakuUnlessSurrounder.java	614	614	21	133	1230b4ed	4.6165	6.3333
java-repo	Java	src/main/java/org/raku/comma/profiler/compare/ProfileCompareProcessor.java	4191	4191	129	819	8eb171d6	5.1172	6.3488
java-repo	Java	src/main/java/org/raku/comma/psi/impl/RakuScopedDeclImpl.java	1112	1112	33	262	f244a4c3	4.2443	7.9394
java-repo	Java	src/main/java/org/raku/comma/psi/impl/RakuStartImpl.java	744	744	27	174	74382d7e	4.2759	6.4444
java-repo	Java	src/main/java/org/raku/comma/descriptors/RakuRegexNamedSurrounder.java	1103	1103	32	239	4bff58b7	4.6151	7.4688
java-repo	Java	src/main/java/org/raku/comma/profiler/compare/ProfileCompareDataProvider.java	1311	1311	36	237	04996f21	5.5316	6.5833
java-repo	Java	src/main/java/org/raku/comma/formatter/RakuCodeStylePanel.java	3222	3222	90	607	cb85cbc5	5.3081	6.7444
java-repo	Java	src/main/java/org/raku/comma/heapsnapshot/ui/HeapSnapshotBrowserTab.java	17735	17735	393	3310	fe7b9a68	5.3580	8.4224
java-repo	Java	src/main/java/org/raku/comma/pod/PodDomClassyDeclarator.java	1955	1955	51	398	1204590a	4.9121	7.8039
java-repo	Java	src/main/java/org/raku/comma/profiler/ui/RakuProfileAllocationsPanel.java	10432	10432	296	2071	25c618f1	5.0372	6.9966
java-repo	Java	src/main/java/org/raku/comma/psi/RakuRegexBuiltinCClass.java	96	96	4	24	6333138a	4.0000	6.0000
java-repo	Java	src/main/java/org/raku/comma/cro/template/parsing/CroTemplatePartStubElementType.java	1823	1823	48	404	7213b1c0	4.5124	8.4167
java-repo	Java	src/main/java/org/raku/comma/cro/template/psi/CroTemplateVariableAccess.java	155	155	6	32	48235aa7	4.8438	5.3333
java-repo	Java	src/main/java/org/raku/comma/psi/RakuStatementModLoop.java	94	94	4	22	71b64952	4.2727	5.5000
java-repo	Java	src/main/java/org/raku/comma/cro/template/psi/reference/CroTemplateApplyReference.java	1188	1188	30	255	baa81e21	4.6588	8.5000
java-repo	Java	src/main/java/org/raku/comma/psi/RakuStatementModCond.java	94	94	4	22	200b81e0	4.2727	5.5000
java-repo	Java	src/main/java/org/raku/comma/structureView/PackageDeclarationRangeHandler.java	886	886	21	177	51965cec	5.0056	8.4286
java-repo	Java	src/main/java/org/raku/comma/psi/RakuWhileStatement.java	135	135	5	33	933139a0	4.0909	6.6000
java-repo	Java	src/main/java/org/raku/comma/heapsnapshot/TocEntry.java	1832	1832	61	429	072ad99a	4.2704	7.0328
java-repo	Java	src/main/java/org/raku/comma/psi/impl/RakuLabelImpl.java	1419	1419	46	312	14bce14f	4.5481	6.7826
java-repo	Java	src/main/java/org/raku/comma/descriptors/surrounder/RakuIfSurrounder.java	595	595	21	138	4aa6be87	4.3116	6.5714
java-repo	Java	src/main/java/org/raku/comma/intention/ConvertPositionalCaptureIntoNamedIntention.java	3707	3707	85	743	a34e2683	4.9892	8.7412
java-repo	Java	src/main/java/org/raku/comma/psi/RakuASTWrapperPsiElement.java	1075	1075	27	242	0981f9ff	4.4421	8.9630
java-repo	Java	src/main/java/org/raku/comma/run/RakuCompleteRunConfigurationType.java	3239	3239	72	568	0f006de4	5.7025	7.8889
java-repo	Java	src/main/java/org/raku/comma/psi/PodConfiguration.java	90	90	4	19	91486851	4.7368	4.7500
java-repo	Java	src/main/java/org/raku/comma/profiler/RakuProfileDataManager.java	308	308	11	71	f178af62	4.3380	6.4545
java-repo	Java	src/main/java/org/raku/comma/cro/template/highlighter/CroTemplateSyntaxHighlighterFactory.java	631	631	16	117	e01dbb44	5.3932	7.3125
java-repo	Java	src/main/java/org/raku/comma/profiler/ui/RakuProfileCallGraph.java	15968	15967	418	3532	9659c97b	4.5210	8.4498
java-repo	Java	src/main/java/org/raku/comma/cro/template/findUsages/CroTemplateFindUsagesProvider.java	1771	1771	56	380	523d4977	4.6605	6.7857
java-repo	Java	src/main/java/org/raku/comma/timeline/model/Event.java	371	371	16	81	49938bb2	4.5802	5.0625
java-repo	Java	src/main/java/org/raku/comma/cro/template/psi/CroTemplateBoolLiteral.java	86	86	4	19	8a4d712f	4.5263	4.7500
java-repo	Java	src/main/java/org/raku/comma/editor/RakuStatementMover.java	11932	11932	234	2472	b6ee8efe	4.8269	10.5641
java-repo	Java	src/main/java/org/raku/comma/vfs/RakuFileSystem.java	6373	6373	203	1333	c996947f	4.7809	6.5665
java-repo	Java	src/main/java/org/raku/comma/profiler/ProfileCompareDialog.java	4974	4974	113	1004	4a65d002	4.9542	8.8850
java-repo	Java	src/main/java/org/raku/comma/psi/symbols/RakuVariantsSymbolCollector.java	2057	2057	63	450	867755cb	4.5711	7.1429
java-repo	Java	src/main/java/org/raku/comma/module/builder/RakuModuleBuilderModule.java	6205	6205	142	1129	af3e2d1e	5.4960	7.9507
java-repo	Java	src/main/java/org/raku/comma/liveTemplates/RakuSuggestVariableName.java	2492	2492	68	578	b1a7b46c	4.3114	8.5000
java-repo	Java	src/main/java/org/raku/comma/run/RakuHeapSnapshotExecutor.java	2037	2037	81	429	86a84832	4.7483	5.2963
java-repo	Java	src/main/java/org/raku/comma/intention/TernaryExpandingIntention.java	3956	3956	88	846	af34bf7b	4.6761	9.6136
java-repo	Java	src/main/java/org/raku/comma/pod/PodDomHead.java	540	540	21	110	ad7d7eff	4.9091	5.2381
java-repo	Java	src/main/java/org/raku/comma/psi/impl/RakuOpReference.java	1659	1659	45	363	ffce4394	4.5702	8.0667
java-repo	Java	src/main/java/org/raku/comma/debugger/event/RakuDebugEventBreakpointReached.java	1232	1232	38	276	9e0313da	4.4638	7.2632
java-repo	Java	src/main/java/org/raku/comma/refactoring/RakuNameSuggester.java	4566	4566	120	1157	5d1279ed	3.9464	9.6417
java-repo	Java	src/main/java/org/raku/comma/psi/PodBlockDelimited.java	101	101	4	24	a03ac869	4.2083	6.0000
java-repo	Java	src/main/java/org/raku/comma/rename/RakuModuleRenameProcessor.java	5685	5685	128	1123	435dde7d	5.0623	8.7734
java-repo	Java	src/main/java/org/raku/comma/psi/impl/RakuHyperImpl.java	362	362	12	86	eea6d917	4.2093	7.1667
java-repo	Java	src/main/java/org/raku/comma/psi/impl/RakuGivenStatementImpl.java	1005	1005	28	238	f1c596b5	4.2227	8.5000
java-repo	Java	src/main/java/org/raku/comma/cro/template/psi/CroTemplateLiteralTagAttribute.java	150	150	6	31	86d731b0	4.8387	5.1667
java-repo	Java	src/main/java/org/raku/comma/psi/RakuDeprecatable.java	190	190	10	40	9763f126	4.7500	4.0000
java-repo	Java	src/main/java/org/raku/comma/cro/template/psi/CroTemplateDerefMethod.java	86	86	4	20	d316fadd	4.3000	5.0000
java-repo	Java	src/main/java/org/raku/comma/psi/impl/RakuRoleSignatureImpl.java	394	394	12	90	ff677cf3	4.3778	7.5000
java-repo	Java	src/main/java/org/raku/comma/psi/RakuWhenStatement.java	104	104	4	25	539597aa	4.1600	6.2500
java-repo	Java	src/main/java/org/raku/comma/refactoring/introduce/IntroduceOperation.java	2955	2955	112	609	422e806e	4.8522	5.4375
java-repo	Java	src/main/java/org/raku/comma/psi/impl/RakuRegexInfixApplicationImpl.java	2129	2129	57	476	36549818	4.4727	8.3509
java-repo	Java	src/main/java/org/raku/comma/debugger/RakuXDebugProcess.java	2782	2782	93	575	19abe12e	4.8383	6.1828
java-repo	Java	src/main/java/org/raku/comma/cro/template/psi/CroTemplateDerefSmart.java	141	141	6	31	2fafdd5a	4.5484	5.1667
java-repo	Java	src/main/java/org/raku/comma/editor/RakuBraceMatcher.java	2557	2557	43	583	9a8e9c16	4.3859	13.5581
java-repo	Java	src/main/java/org/raku/comma/parsing/RakuLexer.java	4993	4993	142	961	f47b1cc7	5.1956	6.7676
java-repo	Java	src/main/java/org/raku/comma/psi/impl/RakuLoopStatementImpl.java	394	394	12	90	cf51802f	4.3778	7.5000
java-repo	Java	src/main/java/org/raku/comma/testing/RakuTestLineMarkerContributor.java	840	840	21	172	32f69143	4.8837	8.1905
java-repo	Java	src/main/java/org/raku/comma/run/RakuOutputLinkProvider.java	612	612	16	109	d8b49ef0	5.6147	6.8125
java-repo	Java	src/main/java/org/raku/comma/psi/impl/RakuVariableImpl.java	6452	6452	166	1393	abd2f901	4.6317	8.3916
java-repo	Java	src/main/java/org/raku/comma/intention/OperatorConverterIndention.java	4941	4938	107	999	adec5990	4.9459	9.3364
java-repo	Java	src/main/java/org/raku/comma/debugger/event/RakuDebugEventBreakpointBase.java	875	875	31	192	4f0394f5	4.5573	6.1935
java-repo	Java	src/main/java/org/raku/comma/psi/PodElement.java	84	84	4	19	705384fb	4.4211	4.7500
java-repo	Java	src/main/java/org/raku/comma/psi/RakuConstant.java	443	443	12	94	456f4c0a	4.7128	7.8333
java-repo	Java	src/main/java/org/raku/comma/psi/symbols/RakuMOPSymbolContributor.java	584	584	15	122	a21e07f3	4.7869	8.1333
java-repo	Java	src/main/java/org/raku/comma/psi/type/RakuDefinednessType.java	609	609	20	138	c3582e7b	4.4130	6.9000
java-repo	Java	src/main/java/org/raku/comma/sdk/RakuSettingTypeId.java	363	363	8	103	80bed7ee	3.5243	12.8750
java-repo	Java	src/main/java/org/raku/comma/cro/template/psi/impl/CroTemplateApplyImpl.java	1711	1711	43	370	fdcf20ae	4.6243	8.6047
java-repo	Java	src/main/java/org/raku/comma/cro/template/psi/CroTemplateDerefHash.java	84	84	4	20	07c869fe	4.2000	5.0000
java-repo	Java	src/main/java/org/raku/comma/services/RakuServiceConstants.java	1614	1614	56	395	e42b8230	4.0861	7.0536
java-repo	Java	src/main/java/org/raku/comma/psi/impl/RakuTrustsImpl.java	590	590	19	148	9c354010	3.9865	7.7895
java-repo	Java	src/main/java/org/raku/comma/psi/impl/RakuComplexLiteralImpl.java	780	780	26	179	0d96e215	4.3575	6.8846
java-repo	Java	src/main/java/org/raku/comma/psi/symbols/RakuExplicitSymbol.java	1281	1281	65	295	3e8df546	4.3424	4.5385
java-repo	Java	src/main/java/org/raku/comma/psi/impl/RakuControlStatementImpl.java	616	616	19	141	ef97e808	4.3688	7.4211
java-repo	Java	src/main/java/org/raku/comma/debugger/RakuValueDescriptor.java	509	509	22	101	02dfbcbe	5.0396	4.5909
java-repo	Java	src/main/java/org/raku/comma/psi/impl/RakuBlockOrHashImpl.java	4573	4573	122	983	57e2769f	4.6521	8.0574
java-repo	Java	src/main/java/org/raku/comma/cro/CroIndexKeys.java	515	515	12	128	1f8a49c4	4.0234	10.6667
java-repo	Java	src/main/java/org/raku/comma/cro/template/parsing/CroTemplateElementTypes.java	3091	3091	46	633	69b3a28d	4.8831	13.7609
java-repo	Java	src/main/java/org/raku/comma/profiler/run/RakuProfileCommandLineState.java	3231	3231	102	608	f0be25af	5.3141	5.9608
java-repo	Java	src/main/java/org/raku/comma/cro/template/psi/CroTemplatePart.java	304	304	8	70	4623d336	4.3429	8.7500
java-repo	Java	src/main/java/org/raku/comma/psi/RakuControl.java	1386	1386	37	286	08127e22	4.8462	7.7297
java-repo	Java	src/main/java/org/raku/comma/psi/RakuRegexGroup.java	93	93	4	22	f620fe7a	4.2273	5.5000
java-repo	Java	src/main/java/org/raku/comma/psi/RakuZipMetaOp.java	87	87	4	22	ca47d7cc	3.9545	5.5000
java-repo	Java	src/main/java/org/raku/comma/debugger/RakuXNamedValue.java	1224	1224	33	249	53ed7d85	4.9157	7.5455
java-repo	Java	src/main/java/org/raku/comma/psi/RakuRegexVariable.java	222	222	7	49	3892aae8	4.5306	7.0000
java-repo	Java	src/main/java/org/raku/comma/cro/template/psi/impl/CroTemplateLiteralOpenTagImpl.java	449	449	12	97	b58fcd24	4.6289	8.0833
java-repo	Java	src/main/java/org/raku/comma/psi/impl/PodBlockFinishImpl.java	382	382	12	86	8f164ec7	4.4419	7.1667
java-repo	Java	src/main/java/org/raku/comma/psi/impl/RakuStrLiteralImpl.java	1142	1142	30	265	e2d721f5	4.3094	8.8333
java-repo	Java	src/main/java/org/raku/comma/profiler/compare/ProfileCompareTab.java	937	937	26	177	d0626011	5.2938	6.8077
java-repo	Java	src/main/java/org/raku/comma/psi/RakuDo.java	110	110	4	29	2e3ffd6e	3.7931	7.2500
java-repo	Java	src/main/java/org/raku/comma/descriptors/surrounder/RakuWheneverSurrounder.java	624	624	21	134	08c9b9e2	4.6567	6.3810
java-repo	Java	src/main/java/org/raku/comma/descriptors/surrounder/RakuArrayContextSurrounder.java	665	665	21	153	b2b13c53	4.3464	7.2857
java-repo	Java	src/main/java/org/raku/comma/run/RakuProfileExecutor.java	1943	1943	78	424	bf8f46d6	4.5825	5.4359
java-repo	Java	src/main/java/org/raku/comma/psi/impl/RakuParameterVariableImpl.java	7010	7010	186	1492	e22235e7	4.6984	8.0215
java-repo	Java	src/main/java/org/raku/comma/utils/RakuErrorReportSubmitter.java	4788	4788	108	892	f2733332	5.3677	8.2593
java-repo	Java	src/main/java/org/raku/comma/descriptors/RakuExpressionSurroundDescriptor.java	2591	2591	67	603	1c31fe38	4.2968	9.0000
java-repo	Java	src/main/java/org/raku/comma/pod/PodDomSubsetDeclarator.java	1625	1625	43	325	58b0ce06	5.0000	7.5581
java-repo	Java	src/main/java/org/raku/comma/parsing/Heredoc.java	197	197	9	44	36d684f3	4.4773	4.8889
java-repo	Java	src/main/java/org/raku/comma/psi/RakuPackageDecl.java	1339	1339	32	288	467eb5e3	4.6493	9.0000
java-repo	Java	src/main/java/org/raku/comma/editor/CroTemplateTodoIndexer.java	1445	1445	36	289	7a65dd71	5.0000	8.0278
java-repo	Java	src/main/java/org/raku/comma/psi/RakuVersion.java	102	102	4	25	10141e79	4.0800	6.2500
java-repo	Java	src/main/java/org/raku/comma/psi/RakuCrossMetaOp.java	89	89	4	22	0663f8bb	4.0455	5.5000
java-repo	Java	src/main/java/org/raku/comma/psi/impl/RakuRatLiteralImpl.java	760	760	26	183	a2b53d94	4.1530	7.0385
java-repo	Java	src/main/java/org/raku/comma/psi/impl/RakuStatementListImpl.java	394	394	12	90	c7e801fb	4.3778	7.5000
java-repo	Java	src/main/java/org/raku/comma/psi/impl/RakuStatementModCondImpl.java	406	406	12	94	9748d99f	4.3191	7.8333
java-repo	Java	src/main/java/org/raku/comma/timeline/ColorGenerator.java	340	340	17	101	002fce4b	3.3663	5.9412
java-repo	Java	src/main/java/org/raku/comma/psi/RakuAssignMetaOp.java	90	90	4	22	df90dc8c	4.0909	5.5000
java-repo	Java	src/main/java/org/raku/comma/grammar/ParseResultsModel.java	4969	4969	162	997	bd9f2f67	4.9840	6.1543
java-repo	Java	src/main/java/org/raku/comma/psi/RakuDocumented.java	3968	3968	94	762	f4b1238e	5.2073	8.1064
java-repo	Java	src/main/java/org/raku/comma/refactoring/RakuRegexPartType.java	94	94	5	26	2ff857d5	3.6154	5.2000
java-repo	Java	src/main/java/org/raku/comma/cro/template/highlighter/CroTemplateHighlighter.java	5768	5768	134	1120	08bcfa9f	5.1500	8.3582
java-repo	Java	src/main/java/org/raku/comma/psi/RakuParameterDefault.java	94	94	4	21	754e6d37	4.4762	5.2500
java-repo	Java	src/main/java/org/raku/comma/psi/type/RakuUnresolvedType.java	480	480	21	105	d62e0983	4.5714	5.0000
java-repo	Java	src/main/java/org/raku/comma/timeline/TimelineTooltip.java	3643	3643	99	767	d4037e50	4.7497	7.7475
java-repo	Java	src/main/java/org/raku/comma/psi/impl/RakuPrefixImpl.java	508	508	18	117	77afbc47	4.3419	6.5000
java-repo	Java	src/main/java/org/raku/comma/timeline/model/Lane.java	2377	2377	71	473	74da5816	5.0254	6.6620
java-repo	Java	src/main/java/org/raku/comma/psi/impl/RakuPostfixApplicationImpl.java	2495	2491	75	543	06af93cb	4.5948	7.2400
java-repo	Java	src/main/java/org/raku/comma/inspection/InspectionConstants.java	12151	12151	224	2458	1830f8e9	4.9434	10.9732
java-repo	Java	src/main/java/org/raku/comma/psi/impl/RakuWhateverImpl.java	374	374	12	86	28bb48b7	4.3488	7.1667
java-repo	Java	src/main/java/org/raku/comma/cro/template/psi/CroTemplateApply.java	146	146	6	31	077944df	4.7097	5.1667
java-repo	Java	src/main/java/org/raku/comma/psi/RakuContextualizer.java	109	109	4	27	8b0175aa	4.0370	6.7500
java-repo	Java	src/main/java/org/raku/comma/readerMode/RakuDefaultReaderModeMatcher.java	1650	1650	40	316	7a8d438e	5.2215	7.9000
java-repo	Java	src/main/java/org/raku/comma/pod/PodDomParameterDeclarator.java	1016	1016	29	182	b5fdc661	5.5824	6.2759
java-repo	Java	src/main/java/org/raku/comma/psi/RakuGather.java	101	101	4	26	549fe9da	3.8846	6.5000
java-repo	Java	src/main/java/org/raku/comma/editor/RakuIndexPatternBuilder.java	1735	1735	50	385	242d7097	4.5065	7.7000
java-repo	Java	src/main/java/org/raku/comma/psi/impl/RakuHyperMetaOpImpl.java	386	386	12	94	9d489d7b	4.1064	7.8333
java-repo	Java	src/main/java/org/raku/comma/psi/impl/RakuPrefixApplicationImpl.java	1096	1092	38	237	b57e5171	4.6245	6.2368
java-repo	Java	src/main/java/org/raku/comma/psi/symbols/RakuPackageKind.java	85	85	5	23	55b9b38c	3.6957	4.6000
java-repo	Java	src/main/java/org/raku/comma/nqp/support/NqpIcons.java	222	222	9	51	c8cc51a8	4.3529	5.6667
java-repo	Java	src/main/java/org/raku/comma/cro/template/psi/impl/CroTemplateParameterImpl.java	1341	1341	34	292	7bacba96	4.5925	8.5882
java-repo	Java	src/main/java/org/raku/comma/debugger/RakuXLexicalGroup.java	1553	1553	58	350	b94be681	4.4371	6.0345
java-repo	Java	src/main/java/org/raku/comma/psi/RakuPrefix.java	84	84	4	20	44f70827	4.2000	5.0000
java-repo	Java	src/main/java/org/raku/comma/psi/impl/RakuTransliterationImpl.java	402	402	12	94	3f7a17df	4.2766	7.8333
java-repo	Java	src/main/java/org/raku/comma/timeline/client/TimelineEventListener.java	148	148	6	29	d35f5438	5.1034	4.8333
java-repo	Java	src/main/java/org/raku/comma/intention/SplitDeclarationIntention.java	3527	3527	68	726	063f23c0	4.8581	10.6765
java-repo	Java	src/main/java/org/raku/comma/coverage/CoverageStatistics.java	440	440	16	112	1e2fa2b4	3.9286	7.0000
java-repo	Java	src/main/java/org/raku/comma/psi/RakuHeredoc.java	85	85	4	22	b0a40509	3.8636	5.5000
java-repo	Java	src/main/java/org/raku/comma/psi/RakuControlStatement.java	128	128	4	32	478d1ef0	4.0000	8.0000
java-repo	Java	src/main/java/org/raku/comma/psi/RakuRoleSignature.java	91	91	4	21	e2d855f3	4.3333	5.2500
java-repo	Java	src/main/java/org/raku/comma/psi/impl/PodTextImpl.java	354	354	12	82	0a312cf3	4.3171	6.8333
java-repo	Java	src/main/java/org/raku/comma/pod/PodDomPara.java	353	353	14	75	418304df	4.7067	5.3571
java-repo	Java	src/main/java/org/raku/comma/providers/RakuLineMarkerProvider.java	2968	2968	68	605	1689bddc	4.9058	8.8971
java-repo	Java	src/main/java/org/raku/comma/psi/RakuLabel.java	182	182	6	45	5732887a	4.0444	7.5000
java-repo	Java	src/main/java/org/raku/comma/psi/impl/RakuInfixImpl.java	1016	1016	37	239	c0d83f82	4.2510	6.4595
java-repo	Java	src/main/java/org/raku/comma/RakuParameterInfoHandler.java	8890	8890	192	1614	da516c4a	5.5081	8.4063
java-repo	Java	src/main/java/org/raku/comma/psi/impl/RakuWheneverStatementImpl.java	410	410	12	90	ad76e467	4.5556	7.5000
java-repo	Java	src/main/java/org/raku/comma/vfs/RakuFileHandler.java	3756	3756	103	798	2eb433d8	4.7068	7.7476
java-repo	Java	src/main/java/org/raku/comma/cro/template/psi/CroTemplateRatLiteral.java	141	141	6	31	42509fb1	4.5484	5.1667
java-repo	Java	src/main/java/org/raku/comma/psi/RakuRegexLiteral.java	95	95	4	22	01d96d8e	4.3182	5.5000
java-repo	Java	src/main/java/org/raku/comma/testing/RakuTestRunningState.java	9956	9956	203	1770	d4698a9c	5.6249	8.7192
java-repo	Java	src/main/java/org/raku/comma/refactoring/CompleteRakuElementFactory.java	2892	2892	68	559	047ee66c	5.1735	8.2206
java-repo	Java	src/main/java/org/raku/comma/descriptors/surrounder/RakuPointyBlockSurrounder.java	684	684	26	162	4c47779d	4.2222	6.2308
java-repo	Java	src/main/java/org/raku/comma/cro/template/psi/impl/CroTemplateDerefHashLiteralImpl.java	457	457	12	101	d56c700c	4.5248	8.4167
java-repo	Java	src/main/java/org/raku/comma/psi/impl/RakuEagerImpl.java	362	362	12	90	f6c3399b	4.0222	7.5000
java-repo	Java	src/main/java/org/raku/comma/profiler/run/RakuImportRunner.java	1478	1478	48	308	b5454509	4.7987	6.4167
java-repo	Java	src/main/java/org/raku/comma/descriptors/surrounder/RakuWithoutSurrounder.java	622	622	22	133	cdbe0ca1	4.6767	6.0455
java-repo	Java	src/main/java/org/raku/comma/psi/RakuOperatorAdverb.java	92	92	4	22	a763a277	4.1818	5.5000
java-repo	Java	src/main/java/org/raku/comma/cro/template/psi/CroTemplateInfixApplication.java	147	147	6	31	de43b073	4.7419	5.1667
java-repo	Java	src/main/java/org/raku/comma/descriptors/surrounder/RakuContextualizerSurrounder.java	1175	1175	38	269	6b85ab9c	4.3680	7.0789
java-repo	Java	src/main/java/org/raku/comma/psi/impl/RakuRegexCClassElemImpl.java	402	402	12	98	57c8606f	4.1020	8.1667
java-repo	Java	src/main/java/org/raku/comma/utils/RakuConstants.java	597	597	19	143	f61247f2	4.1748	7.5263
java-repo	Java	src/main/java/org/raku/comma/refactoring/inline/call/RakuInlineRoutineProcessor.java	10938	10938	268	2144	b1d86a20	5.1017	8.0000
java-repo	Java	src/main/java/org/raku/comma/psi/impl/RakuQuotePairImpl.java	378	378	12	90	91f71dbb	4.2000	7.5000
java-repo	Java	src/main/java/org/raku/comma/psi/impl/PodFormattedImpl.java	3819	3819	91	792	a8157424	4.8220	8.7033
java-repo	Java	src/main/java/org/raku/comma/refactoring/introduce/IntroduceValidator.java	597	597	16	124	c3db51e5	4.8145	7.7500
java-repo	Java	src/main/java/org/raku/comma/intention/MakeMethodPrivateIntention.java	3955	3955	95	822	50318753	4.8114	8.6526
java-repo	Java	src/main/java/org/raku/comma/psi/RakuLazy.java	99	99	4	25	df8b06a5	3.9600	6.2500
java-repo	Java	src/main/java/org/raku/comma/psi/RakuRepeatStatement.java	110	110	4	26	a7718b3d	4.2308	6.5000
java-repo	Java	src/main/java/org/raku/comma/formatter/RakuFormatPostprocessor.java	1107	1107	27	224	a5751f16	4.9420	8.2963
java-repo	Java	src/main/java/org/raku/comma/debugger/event/RakuDebugEventBreakpointSet.java	805	805	21	166	86090cbe	4.8494	7.9048
java-repo	Java	src/main/java/org/raku/comma/psi/RakuTypeName.java	598	598	16	130	ff528320	4.6000	8.1250
java-repo	Java	src/main/java/org/raku/comma/contribution/GotoActionMethodProvider.java	2837	2837	60	537	30b65061	5.2831	8.9500
java-repo	Java	src/main/java/org/raku/comma/psi/RakuModuleName.java	624	624	22	125	c25a017c	4.9920	5.6818
java-repo	Java	src/main/java/org/raku/comma/psi/RakuBlockoid.java	86	86	4	21	a5541800	4.0952	5.2500
java-repo	Java	src/main/java/org/raku/comma/descriptors/surrounder/RakuForSurrounder.java	589	589	21	133	2ea26807	4.4286	6.3333
java-repo	Java	src/main/java/org/raku/comma/debugger/RakuStackFrame.java	3938	3938	91	720	b6ce0b88	5.4694	7.9121
java-repo	Java	src/main/java/org/raku/comma/cro/template/psi/reference/CroTemplateResolveCollector.java	834	834	29	174	6b943ab5	4.7931	6.0000
java-repo	Java	src/main/java/org/raku/comma/profiler/ui/ProfileContentBuilder.java	2082	2082	47	396	3cd4cb48	5.2576	8.4255
java-repo	Java	src/main/java/org/raku/comma/profiler/ui/RakuProfileResultsPanel.java	1796	1796	48	369	06facba3	4.8672	7.6875
java-repo	Java	src/main/java/org/raku/comma/refactoring/RakuCompleteRefactoringSupportProvider.java	1512	1512	41	308	a62d8531	4.9091	7.5122
java-repo	Java	src/main/java/org/raku/comma/psi/symbols/RakuImplicitSymbol.java	1234	1234	63	283	384e4205	4.3604	4.4921
java-repo	Java	src/main/java/org/raku/comma/module/builder/RakuModuleBuilderGeneric.java	1321	1321	40	264	8998a47a	5.0038	6.6000
java-repo	Java	src/main/java/org/raku/comma/descriptors/surrounder/RakuTryCatchDefaultSurrounder.java	469	469	19	115	3335f627	4.0783	6.0526
java-repo	Java	src/main/java/org/raku/comma/psi/RakuAlso.java	195	195	7	52	d73279c4	3.7500	7.4286
java-repo	Java	src/main/java/org/raku/comma/psi/impl/RakuUnterminatedStatementImpl.java	426	426	12	98	be720353	4.3469	8.1667
java-repo	Java	src/main/java/org/raku/comma/psi/RakuVariableSource.java	180	180	6	41	c5224c6a	4.3902	6.8333
java-repo	Java	src/main/java/org/raku/comma/cro/template/psi/stub/CroTemplateSubStubElementType.java	1921	1921	56	434	a55f1c86	4.4263	7.7500
java-repo	Java	src/main/java/org/raku/comma/psi/RakuReact.java	83	83	4	20	b759b7ee	4.1500	5.0000
java-repo	Java	src/main/java/org/raku/comma/profiler/model/RakuProfileModel.java	4917	4915	147	1013	b228ae11	4.8539	6.8912
java-repo	Java	src/main/java/org/raku/comma/timeline/RakuTimelineExecutor.java	1952	1952	80	426	2216fc00	4.5822	5.3250
java-repo	Java	src/main/java/org/raku/comma/psi/PodBlockAbbreviated.java	103	103	4	25	9cb3cb75	4.1200	6.2500
java-repo	Java	src/main/java/org/raku/comma/pod/PodDomBuildingContext.java	2251	2251	85	531	d7566e75	4.2392	6.2471
java-repo	Java	src/main/java/org/raku/comma/intention/UnicodeConvertIntention.java	628	628	19	125	172f1dea	5.0240	6.5789
java-repo	Java	src/main/java/org/raku/comma/debugger/RakuDebugRunner.java	2187	2187	49	403	e958cb71	5.4268	8.2245
java-repo	Java	src/main/java/org/raku/comma/intention/SingleQuotesToDoubleIntention.java	1522	1522	39	311	1c6f6a8f	4.8939	7.9744
java-repo	Java	src/main/java/org/raku/comma/psi/RakuValueConstraint.java	93	93	4	21	9b455da7	4.4286	5.2500
java-repo	Java	src/main/java/org/raku/comma/debugger/RakuLineBreakpointProperties.java	591	591	19	122	48be24dc	4.8443	6.4211
java-repo	Java	src/main/java/org/raku/comma/cro/template/psi/impl/CroTemplateDerefHashImpl.java	429	429	12	97	c108194c	4.4227	8.0833
java-repo	Java	src/main/java/org/raku/comma/psi/impl/RakuContextualizerImpl.java	398	398	12	94	578e4327	4.2340	7.8333
java-repo	Java	src/main/java/org/raku/comma/codeInsights/RakuVcsCodeVisionLanguageContext.java	746	746	22	157	9d9e4850	4.7516	7.1364
java-repo	Java	src/main/java/org/raku/comma/psi/RakuSemiList.java	86	86	4	22	6d547b2d	3.9091	5.5000
java-repo	Java	src/main/java/org/raku/comma/psi/RakuCodeBlockCall.java	2193	2193	58	429	cb2e73c9	5.1119	7.3966
java-repo	Java	src/main/java/org/raku/comma/cro/template/parsing/CroTemplateFileElementType.java	1091	1091	36	240	a121ecf0	4.5458	6.6667
java-repo	Java	src/main/java/org/raku/comma/psi/RakuRegexCall.java	146	146	6	34	f9b60bea	4.2941	5.6667
java-repo	Java	src/main/java/org/raku/comma/coverage/RakuCoverageDataManager.java	894	894	28	163	12eaaabb	5.4847	5.8214
java-repo	Java	src/main/java/org/raku/comma/cro/template/findUsages/CroTemplateUsageTypeProvider.java	1137	1137	27	239	19f33115	4.7573	8.8519
java-repo	Java	src/main/java/org/raku/comma/cro/template/psi/CroTemplateLiteralCloseTag.java	146	146	6	31	21f9ca7c	4.7097	5.1667
java-repo	Java	src/main/java/org/raku/comma/psi/impl/RakuStubCodeImpl.java	374	374	12	90	1437c9e7	4.1556	7.5000
java-repo	Java	src/main/java/org/raku/comma/cro/template/psi/impl/CroTemplateSeparatorImpl.java	429	429	12	89	c802ade4	4.8202	7.4167
java-repo	Java	src/main/java/org/raku/comma/psi/impl/RakuValueConstraintImpl.java	402	402	12	90	8d2700ef	4.4667	7.5000
java-repo	Java	src/main/java/org/raku/comma/psi/RakuStatementList.java	91	91	4	21	1ad8f154	4.3333	5.2500
java-repo	Java	src/main/java/org/raku/comma/psi/impl/RakuFatArrowImpl.java	798	798	30	188	e247eaef	4.2447	6.2667
java-repo	Java	src/main/java/org/raku/comma/psi/PodBlock.java	9299	9299	229	1890	39d3a7ac	4.9201	8.2533
java-repo	Java	src/main/java/org/raku/comma/cro/template/psi/impl/CroTemplateVariableAccessImpl.java	1753	1753	41	374	ad2ca23e	4.6872	9.1220
java-repo	Java	src/main/java/org/raku/comma/refactoring/inline/variable/RakuInlineVariableActionHandler.java	4548	4548	113	851	d80cf2cb	5.3443	7.5310
java-repo	Java	src/main/java/org/raku/comma/pod/PodDomRoutineDeclarator.java	2537	2537	61	500	a718c243	5.0740	8.1967
java-repo	Java	src/main/java/org/raku/comma/cro/template/psi/stub/impl/CroTemplatePartStubImpl.java	689	689	21	163	2761367f	4.2270	7.7619
java-repo	Java	src/main/java/org/raku/comma/intention/UnicodeUnconvertIntention.java	630	630	19	127	26bb5c01	4.9606	6.6842
java-repo	Java	src/main/java/org/raku/comma/psi/RakuTypeNameReference.java	2505	2505	68	513	28564f6f	4.8830	7.5441
java-repo	Java	src/main/java/org/raku/comma/psi/impl/RakuTermImpl.java	358	358	12	86	7fc69067	4.1628	7.1667
java-repo	Java	src/main/java/org/raku/comma/vfs/RakuLightVirtualFile.java	588	588	20	124	bea8e915	4.7419	6.2000
java-repo	Java	src/main/java/org/raku/comma/testing/RakuTestRunConfiguration.java	7946	7946	238	1555	f0f656f3	5.1100	6.5336
java-repo	Java	src/main/java/org/raku/comma/cro/template/annotation/MisplacedSeparatorAnnotation.java	1109	1109	26	209	6c84fed9	5.3062	8.0385
java-repo	Java	src/main/java/org/raku/comma/psi/RakuSubCallReference.java	3268	3268	79	641	2f287b5b	5.0983	8.1139
java-repo	Java	src/main/java/org/raku/comma/debugger/RakuXAggregateValue.java	408	408	15	91	33567590	4.4835	6.0667
java-repo	Java	src/main/java/org/raku/comma/refactoring/RakuParameterTableModel.java	3229	3229	110	685	69459c90	4.7139	6.2273
java-repo	Java	src/main/java/org/raku/comma/psi/impl/RakuNegationMetaOpImpl.java	398	398	12	98	e0dae507	4.0612	8.1667
java-repo	Java	src/main/java/org/raku/comma/intention/ChangePackageTypeIntention.java	6618	6618	145	1248	dd3fb78d	5.3029	8.6069
java-repo	Java	src/main/java/org/raku/comma/contribution/GotoGrammarRuleProvider.java	2820	2820	58	549	1eed25bf	5.1366	9.4655
prose-markdown	English	org/llm/traces/bumping-supported-idea-version.md	589	589	9	136	82e227ff	4.3309	15.1111
prose-markdown	English	org/llm/traces/test-harness-project-reuse.md	5217	5194	92	1261	c9ef4198	4.1372	13.7065
prose-markdown	English	org/llm/traces/inspection-redeclared-imported-symbol.md	3447	3433	76	830	708e7c78	4.1530	10.9211
prose-markdown	English	org/llm/traces/stub-building-index-queries.md	3672	3646	64	888	552f2cfc	4.1351	13.8750
prose-markdown	English	org/llm/traces/kotlin-conversion-stub-package-journey.md	12813	12727	217	3123	8ca98008	4.1028	14.3917
prose-markdown	English	org/llm/traces/highlighter-kotlin-and-fallbacks.md	5593	5569	115	1397	6eb5a787	4.0036	12.1478
prose-markdown	English	org/llm/traces/test-harness-and-environment.md	11049	11021	193	2789	c7311b8b	3.9616	14.4508
prose-markdown	English	docs/metadata-component.md	2429	2429	43	531	bed405a1	4.5744	12.3488
prose-markdown	English	docs/test-plan.md	5835	5835	117	1502	32e9f4f3	3.8848	12.8376
prose-markdown	English	docs/completion.md	3337	3337	107	731	d4c88fef	4.5650	6.8318
prose-markdown	English	org/llm/traces/parser-reduce-metaop-mislexing.md	5059	5041	96	1343	70d0de9d	3.7669	13.9896
prose-markdown	English	docs/testing.md	258	258	5	57	896c02f5	4.5263	11.4000
prose-markdown	English	org/llm/traces/kotlin-conversion-arity-matcher-plan.md	14779	14683	118	3623	588978f4	4.0792	30.7034
prose-markdown	English	org/llm/traces/README.md	5942	5892	100	1510	62e950b6	3.9351	15.1000
prose-markdown	English	org/llm/traces/kotlin-conversion-external-psi-plan.md	10258	10180	76	2682	7da85d88	3.8248	35.2895
prose-markdown	English	docs/color-principles.md	5973	5959	162	1419	b76374df	4.2093	8.7593
prose-markdown	English	org/llm/traces/kotlin-conversion-symbol-walks-plan.md	6363	6327	68	1490	a44a0544	4.2705	21.9118
prose-markdown	English	org/llm/traces/inspection-private-role-methods.md	2821	2811	61	706	6980880f	3.9958	11.5738
prose-markdown	English	org/llm/traces/parser-generated-lexer-architecture.md	7314	7292	128	1886	d5520ef9	3.8780	14.7344
