type	method	adverb	kind	provenance
AST	BUILD	past	runtime	declared
Actions	batch	elems	runtime	declared
Actions	categorize	as	runtime	declared
Actions	categorize	into	runtime	declared
Actions	classify	as	runtime	declared
Actions	classify	into	runtime	declared
Actions	first	end	runtime	declared
Actions	flatmap	label	runtime	declared
Actions	map	deep	runtime	declared
Actions	map	duck	runtime	declared
Actions	map	flat	runtime	declared
Actions	map	item	runtime	declared
Actions	map	label	runtime	declared
Actions	map	node	runtime	declared
Actions	max	by	runtime	declared
Actions	max	k	runtime	declared
Actions	max	kv	runtime	declared
Actions	max	p	runtime	declared
Actions	max	v	runtime	declared
Actions	min	by	runtime	declared
Actions	min	k	runtime	declared
Actions	min	kv	runtime	declared
Actions	min	p	runtime	declared
Actions	min	v	runtime	declared
Actions	minmax	by	runtime	declared
Actions	repeated	as	runtime	declared
Actions	repeated	with	runtime	declared
Actions	rotor	partial	runtime	declared
Actions	squish	as	runtime	declared
Actions	squish	with	runtime	declared
Actions	toggle	off	runtime	declared
Actions	unique	as	runtime	declared
Actions	unique	with	runtime	declared
AffinityWorker	batch	elems	runtime	declared
AffinityWorker	categorize	as	runtime	declared
AffinityWorker	categorize	into	runtime	declared
AffinityWorker	classify	as	runtime	declared
AffinityWorker	classify	into	runtime	declared
AffinityWorker	first	end	runtime	declared
AffinityWorker	flatmap	label	runtime	declared
AffinityWorker	map	deep	runtime	declared
AffinityWorker	map	duck	runtime	declared
AffinityWorker	map	flat	runtime	declared
AffinityWorker	map	item	runtime	declared
AffinityWorker	map	label	runtime	declared
AffinityWorker	map	node	runtime	declared
AffinityWorker	max	by	runtime	declared
AffinityWorker	max	k	runtime	declared
AffinityWorker	max	kv	runtime	declared
AffinityWorker	max	p	runtime	declared
AffinityWorker	max	v	runtime	declared
AffinityWorker	min	by	runtime	declared
AffinityWorker	min	k	runtime	declared
AffinityWorker	min	kv	runtime	declared
AffinityWorker	min	p	runtime	declared
AffinityWorker	min	v	runtime	declared
AffinityWorker	minmax	by	runtime	declared
AffinityWorker	repeated	as	runtime	declared
AffinityWorker	repeated	with	runtime	declared
AffinityWorker	rotor	partial	runtime	declared
AffinityWorker	squish	as	runtime	declared
AffinityWorker	squish	with	runtime	declared
AffinityWorker	toggle	off	runtime	declared
AffinityWorker	unique	as	runtime	declared
AffinityWorker	unique	with	runtime	declared
AllButLast	batch	elems	runtime	declared
AllButLast	categorize	as	runtime	declared
AllButLast	categorize	into	runtime	declared
AllButLast	classify	as	runtime	declared
AllButLast	classify	into	runtime	declared
AllButLast	first	end	runtime	declared
AllButLast	flatmap	label	runtime	declared
AllButLast	map	deep	runtime	declared
AllButLast	map	duck	runtime	declared
AllButLast	map	flat	runtime	declared
AllButLast	map	item	runtime	declared
AllButLast	map	label	runtime	declared
AllButLast	map	node	runtime	declared
AllButLast	max	by	runtime	declared
AllButLast	max	k	runtime	declared
AllButLast	max	kv	runtime	declared
AllButLast	max	p	runtime	declared
AllButLast	max	v	runtime	declared
AllButLast	min	by	runtime	declared
AllButLast	min	k	runtime	declared
AllButLast	min	kv	runtime	declared
AllButLast	min	p	runtime	declared
AllButLast	min	v	runtime	declared
AllButLast	minmax	by	runtime	declared
AllButLast	repeated	as	runtime	declared
AllButLast	repeated	with	runtime	declared
AllButLast	rotor	partial	runtime	declared
AllButLast	squish	as	runtime	declared
AllButLast	squish	with	runtime	declared
AllButLast	toggle	off	runtime	declared
AllButLast	unique	as	runtime	declared
AllButLast	unique	with	runtime	declared
AllButLastNValues	batch	elems	runtime	declared
AllButLastNValues	categorize	as	runtime	declared
AllButLastNValues	categorize	into	runtime	declared
AllButLastNValues	classify	as	runtime	declared
AllButLastNValues	classify	into	runtime	declared
AllButLastNValues	first	end	runtime	declared
AllButLastNValues	flatmap	label	runtime	declared
AllButLastNValues	map	deep	runtime	declared
AllButLastNValues	map	duck	runtime	declared
AllButLastNValues	map	flat	runtime	declared
AllButLastNValues	map	item	runtime	declared
AllButLastNValues	map	label	runtime	declared
AllButLastNValues	map	node	runtime	declared
AllButLastNValues	max	by	runtime	declared
AllButLastNValues	max	k	runtime	declared
AllButLastNValues	max	kv	runtime	declared
AllButLastNValues	max	p	runtime	declared
AllButLastNValues	max	v	runtime	declared
AllButLastNValues	min	by	runtime	declared
AllButLastNValues	min	k	runtime	declared
AllButLastNValues	min	kv	runtime	declared
AllButLastNValues	min	p	runtime	declared
AllButLastNValues	min	v	runtime	declared
AllButLastNValues	minmax	by	runtime	declared
AllButLastNValues	repeated	as	runtime	declared
AllButLastNValues	repeated	with	runtime	declared
AllButLastNValues	rotor	partial	runtime	declared
AllButLastNValues	squish	as	runtime	declared
AllButLastNValues	squish	with	runtime	declared
AllButLastNValues	toggle	off	runtime	declared
AllButLastNValues	unique	as	runtime	declared
AllButLastNValues	unique	with	runtime	declared
AllButLastPredictive	batch	elems	runtime	declared
AllButLastPredictive	categorize	as	runtime	declared
AllButLastPredictive	categorize	into	runtime	declared
AllButLastPredictive	classify	as	runtime	declared
AllButLastPredictive	classify	into	runtime	declared
AllButLastPredictive	first	end	runtime	declared
AllButLastPredictive	flatmap	label	runtime	declared
AllButLastPredictive	map	deep	runtime	declared
AllButLastPredictive	map	duck	runtime	declared
AllButLastPredictive	map	flat	runtime	declared
AllButLastPredictive	map	item	runtime	declared
AllButLastPredictive	map	label	runtime	declared
AllButLastPredictive	map	node	runtime	declared
AllButLastPredictive	max	by	runtime	declared
AllButLastPredictive	max	k	runtime	declared
AllButLastPredictive	max	kv	runtime	declared
AllButLastPredictive	max	p	runtime	declared
AllButLastPredictive	max	v	runtime	declared
AllButLastPredictive	min	by	runtime	declared
AllButLastPredictive	min	k	runtime	declared
AllButLastPredictive	min	kv	runtime	declared
AllButLastPredictive	min	p	runtime	declared
AllButLastPredictive	min	v	runtime	declared
AllButLastPredictive	minmax	by	runtime	declared
AllButLastPredictive	repeated	as	runtime	declared
AllButLastPredictive	repeated	with	runtime	declared
AllButLastPredictive	rotor	partial	runtime	declared
AllButLastPredictive	squish	as	runtime	declared
AllButLastPredictive	squish	with	runtime	declared
AllButLastPredictive	toggle	off	runtime	declared
AllButLastPredictive	unique	as	runtime	declared
AllButLastPredictive	unique	with	runtime	declared
AllButLastRole	batch	elems	runtime	declared
AllButLastRole	categorize	as	runtime	declared
AllButLastRole	categorize	into	runtime	declared
AllButLastRole	classify	as	runtime	declared
AllButLastRole	classify	into	runtime	declared
AllButLastRole	first	end	runtime	declared
AllButLastRole	flatmap	label	runtime	declared
AllButLastRole	map	deep	runtime	declared
AllButLastRole	map	duck	runtime	declared
AllButLastRole	map	flat	runtime	declared
AllButLastRole	map	item	runtime	declared
AllButLastRole	map	label	runtime	declared
AllButLastRole	map	node	runtime	declared
AllButLastRole	max	by	runtime	declared
AllButLastRole	max	k	runtime	declared
AllButLastRole	max	kv	runtime	declared
AllButLastRole	max	p	runtime	declared
AllButLastRole	max	v	runtime	declared
AllButLastRole	min	by	runtime	declared
AllButLastRole	min	k	runtime	declared
AllButLastRole	min	kv	runtime	declared
AllButLastRole	min	p	runtime	declared
AllButLastRole	min	v	runtime	declared
AllButLastRole	minmax	by	runtime	declared
AllButLastRole	repeated	as	runtime	declared
AllButLastRole	repeated	with	runtime	declared
AllButLastRole	rotor	partial	runtime	declared
AllButLastRole	squish	as	runtime	declared
AllButLastRole	squish	with	runtime	declared
AllButLastRole	toggle	off	runtime	declared
AllButLastRole	unique	as	runtime	declared
AllButLastRole	unique	with	runtime	declared
Allomorph	comb	match	runtime	via Allomorph.comb -> Str.comb
Allomorph	split	k	runtime	via Allomorph.split -> Str.split
Allomorph	split	kv	runtime	via Allomorph.split -> Str.split
Allomorph	split	p	runtime	via Allomorph.split -> Str.split
Allomorph	split	skip-empty	runtime	via Allomorph.split -> Str.split
Allomorph	split	v	runtime	via Allomorph.split -> Str.split
Allomorph	subst	as	runtime	via Allomorph.subst -> Str.subst -> Str.!SUBST -> Str.match
Allomorph	subst	c	runtime	via Allomorph.subst -> Str.subst -> Str.!SUBST -> Str.match
Allomorph	subst	continue	runtime	via Allomorph.subst -> Str.subst -> Str.!SUBST -> Str.match
Allomorph	subst	ex	runtime	via Allomorph.subst -> Str.subst -> Str.!SUBST -> Str.match
Allomorph	subst	exhaustive	runtime	via Allomorph.subst -> Str.subst -> Str.!SUBST -> Str.match
Allomorph	subst	g	runtime	via Allomorph.subst -> Str.subst -> Str.!SUBST -> Str.match
Allomorph	subst	global	runtime	via Allomorph.subst -> Str.subst -> Str.!SUBST -> Str.match
Allomorph	subst	nd	runtime	via Allomorph.subst -> Str.subst -> Str.!SUBST -> Str.match
Allomorph	subst	nth	runtime	via Allomorph.subst -> Str.subst -> Str.!SUBST -> Str.match
Allomorph	subst	ov	runtime	via Allomorph.subst -> Str.subst -> Str.!SUBST -> Str.match
Allomorph	subst	overlap	runtime	via Allomorph.subst -> Str.subst -> Str.!SUBST -> Str.match
Allomorph	subst	p	runtime	via Allomorph.subst -> Str.subst -> Str.!SUBST -> Str.match
Allomorph	subst	pos	runtime	via Allomorph.subst -> Str.subst -> Str.!SUBST -> Str.match
Allomorph	subst	rd	runtime	via Allomorph.subst -> Str.subst -> Str.!SUBST -> Str.match
Allomorph	subst	st	runtime	via Allomorph.subst -> Str.subst -> Str.!SUBST -> Str.match
Allomorph	subst	th	runtime	via Allomorph.subst -> Str.subst -> Str.!SUBST -> Str.match
Allomorph	subst	x	runtime	via Allomorph.subst -> Str.subst -> Str.!SUBST -> Str.match
Allomorph	subst-mutate	as	runtime	via Allomorph.subst-mutate -> Str.subst-mutate -> Str.match
Allomorph	subst-mutate	c	runtime	via Allomorph.subst-mutate -> Str.subst-mutate -> Str.match
Allomorph	subst-mutate	continue	runtime	via Allomorph.subst-mutate -> Str.subst-mutate -> Str.match
Allomorph	subst-mutate	ex	runtime	via Allomorph.subst-mutate -> Str.subst-mutate -> Str.match
Allomorph	subst-mutate	exhaustive	runtime	via Allomorph.subst-mutate -> Str.subst-mutate -> Str.match
Allomorph	subst-mutate	g	runtime	via Allomorph.subst-mutate -> Str.subst-mutate -> Str.match
Allomorph	subst-mutate	global	runtime	via Allomorph.subst-mutate -> Str.subst-mutate -> Str.match
Allomorph	subst-mutate	ii	runtime	via Allomorph.subst-mutate -> Str.subst-mutate
Allomorph	subst-mutate	mm	runtime	via Allomorph.subst-mutate -> Str.subst-mutate
Allomorph	subst-mutate	nd	runtime	via Allomorph.subst-mutate -> Str.subst-mutate -> Str.match
Allomorph	subst-mutate	nth	runtime	via Allomorph.subst-mutate -> Str.subst-mutate -> Str.match
Allomorph	subst-mutate	ov	runtime	via Allomorph.subst-mutate -> Str.subst-mutate -> Str.match
Allomorph	subst-mutate	overlap	runtime	via Allomorph.subst-mutate -> Str.subst-mutate -> Str.match
Allomorph	subst-mutate	p	runtime	via Allomorph.subst-mutate -> Str.subst-mutate -> Str.match
Allomorph	subst-mutate	pos	runtime	via Allomorph.subst-mutate -> Str.subst-mutate -> Str.match
Allomorph	subst-mutate	rd	runtime	via Allomorph.subst-mutate -> Str.subst-mutate -> Str.match
Allomorph	subst-mutate	samecase	runtime	via Allomorph.subst-mutate -> Str.subst-mutate
Allomorph	subst-mutate	samemark	runtime	via Allomorph.subst-mutate -> Str.subst-mutate
Allomorph	subst-mutate	samespace	runtime	via Allomorph.subst-mutate -> Str.subst-mutate
Allomorph	subst-mutate	ss	runtime	via Allomorph.subst-mutate -> Str.subst-mutate
Allomorph	subst-mutate	st	runtime	via Allomorph.subst-mutate -> Str.subst-mutate -> Str.match
Allomorph	subst-mutate	th	runtime	via Allomorph.subst-mutate -> Str.subst-mutate -> Str.match
Allomorph	subst-mutate	x	runtime	via Allomorph.subst-mutate -> Str.subst-mutate -> Str.match
AntiPair	batch	elems	runtime	declared
AntiPair	categorize	as	runtime	declared
AntiPair	categorize	into	runtime	declared
AntiPair	classify	as	runtime	declared
AntiPair	classify	into	runtime	declared
AntiPair	first	end	runtime	declared
AntiPair	flatmap	label	runtime	declared
AntiPair	map	deep	runtime	declared
AntiPair	map	duck	runtime	declared
AntiPair	map	flat	runtime	declared
AntiPair	map	item	runtime	declared
AntiPair	map	label	runtime	declared
AntiPair	map	node	runtime	declared
AntiPair	max	by	runtime	declared
AntiPair	max	k	runtime	declared
AntiPair	max	kv	runtime	declared
AntiPair	max	p	runtime	declared
AntiPair	max	v	runtime	declared
AntiPair	min	by	runtime	declared
AntiPair	min	k	runtime	declared
AntiPair	min	kv	runtime	declared
AntiPair	min	p	runtime	declared
AntiPair	min	v	runtime	declared
AntiPair	minmax	by	runtime	declared
AntiPair	repeated	as	runtime	declared
AntiPair	repeated	with	runtime	declared
AntiPair	rotor	partial	runtime	declared
AntiPair	squish	as	runtime	declared
AntiPair	squish	with	runtime	declared
AntiPair	toggle	off	runtime	declared
AntiPair	unique	as	runtime	declared
AntiPair	unique	with	runtime	declared
AntiPairs	batch	elems	runtime	declared
AntiPairs	categorize	as	runtime	declared
AntiPairs	categorize	into	runtime	declared
AntiPairs	classify	as	runtime	declared
AntiPairs	classify	into	runtime	declared
AntiPairs	first	end	runtime	declared
AntiPairs	flatmap	label	runtime	declared
AntiPairs	map	deep	runtime	declared
AntiPairs	map	duck	runtime	declared
AntiPairs	map	flat	runtime	declared
AntiPairs	map	item	runtime	declared
AntiPairs	map	label	runtime	declared
AntiPairs	map	node	runtime	declared
AntiPairs	max	by	runtime	declared
AntiPairs	max	k	runtime	declared
AntiPairs	max	kv	runtime	declared
AntiPairs	max	p	runtime	declared
AntiPairs	max	v	runtime	declared
AntiPairs	min	by	runtime	declared
AntiPairs	min	k	runtime	declared
AntiPairs	min	kv	runtime	declared
AntiPairs	min	p	runtime	declared
AntiPairs	min	v	runtime	declared
AntiPairs	minmax	by	runtime	declared
AntiPairs	repeated	as	runtime	declared
AntiPairs	repeated	with	runtime	declared
AntiPairs	rotor	partial	runtime	declared
AntiPairs	squish	as	runtime	declared
AntiPairs	squish	with	runtime	declared
AntiPairs	toggle	off	runtime	declared
AntiPairs	unique	as	runtime	declared
AntiPairs	unique	with	runtime	declared
Antipairs	batch	elems	runtime	declared
Antipairs	categorize	as	runtime	declared
Antipairs	categorize	into	runtime	declared
Antipairs	classify	as	runtime	declared
Antipairs	classify	into	runtime	declared
Antipairs	first	end	runtime	declared
Antipairs	flatmap	label	runtime	declared
Antipairs	map	deep	runtime	declared
Antipairs	map	duck	runtime	declared
Antipairs	map	flat	runtime	declared
Antipairs	map	item	runtime	declared
Antipairs	map	label	runtime	declared
Antipairs	map	node	runtime	declared
Antipairs	max	by	runtime	declared
Antipairs	max	k	runtime	declared
Antipairs	max	kv	runtime	declared
Antipairs	max	p	runtime	declared
Antipairs	max	v	runtime	declared
Antipairs	min	by	runtime	declared
Antipairs	min	k	runtime	declared
Antipairs	min	kv	runtime	declared
Antipairs	min	p	runtime	declared
Antipairs	min	v	runtime	declared
Antipairs	minmax	by	runtime	declared
Antipairs	repeated	as	runtime	declared
Antipairs	repeated	with	runtime	declared
Antipairs	rotor	partial	runtime	declared
Antipairs	squish	as	runtime	declared
Antipairs	squish	with	runtime	declared
Antipairs	toggle	off	runtime	declared
Antipairs	unique	as	runtime	declared
Antipairs	unique	with	runtime	declared
Any	batch	elems	runtime	declared
Any	categorize	as	runtime	declared
Any	categorize	into	runtime	declared
Any	classify	as	runtime	declared
Any	classify	into	runtime	declared
Any	first	end	runtime	declared
Any	flatmap	label	runtime	declared
Any	map	deep	runtime	declared
Any	map	duck	runtime	declared
Any	map	flat	runtime	declared
Any	map	item	runtime	declared
Any	map	label	runtime	declared
Any	map	node	runtime	declared
Any	match	P5	compilation-only	m// table
Any	match	Perl5	compilation-only	m// table
Any	match	as	runtime	via Any.match -> Str.match
Any	match	c	runtime	via Any.match -> Str.match
Any	match	continue	runtime	via Any.match -> Str.match
Any	match	ex	repeatable	via Any.match -> Str.match
Any	match	exhaustive	repeatable	via Any.match -> Str.match
Any	match	g	repeatable	via Any.match -> Str.match
Any	match	global	repeatable	via Any.match -> Str.match
Any	match	i	compilation-only	m// table
Any	match	ignorecase	compilation-only	m// table
Any	match	ignoremark	compilation-only	m// table
Any	match	m	compilation-only	m// table
Any	match	nd	runtime	via Any.match -> Str.match
Any	match	nth	runtime	via Any.match -> Str.match
Any	match	ov	repeatable	via Any.match -> Str.match
Any	match	overlap	repeatable	via Any.match -> Str.match
Any	match	p	runtime	via Any.match -> Str.match
Any	match	pos	runtime	via Any.match -> Str.match
Any	match	r	compilation-only	m// table
Any	match	ratchet	compilation-only	m// table
Any	match	rd	runtime	via Any.match -> Str.match
Any	match	s	compilation-only	m// table
Any	match	sigspace	compilation-only	m// table
Any	match	st	runtime	via Any.match -> Str.match
Any	match	th	runtime	via Any.match -> Str.match
Any	match	x	repeatable	via Any.match -> Str.match
Any	max	by	runtime	declared
Any	max	k	runtime	declared
Any	max	kv	runtime	declared
Any	max	p	runtime	declared
Any	max	v	runtime	declared
Any	min	by	runtime	declared
Any	min	k	runtime	declared
Any	min	kv	runtime	declared
Any	min	p	runtime	declared
Any	min	v	runtime	declared
Any	minmax	by	runtime	declared
Any	repeated	as	runtime	declared
Any	repeated	with	runtime	declared
Any	rotor	partial	runtime	declared
Any	sort	k	runtime	via Any.sort -> List.sort
Any	squish	as	runtime	declared
Any	squish	with	runtime	declared
Any	toggle	off	runtime	declared
Any	unique	as	runtime	declared
Any	unique	with	runtime	declared
Array	List	view	runtime	declared
Array	flat	hammer	runtime	declared
Array	new	shape	runtime	declared
Array::Element::Access::not	batch	elems	runtime	declared
Array::Element::Access::not	categorize	as	runtime	declared
Array::Element::Access::not	categorize	into	runtime	declared
Array::Element::Access::not	classify	as	runtime	declared
Array::Element::Access::not	classify	into	runtime	declared
Array::Element::Access::not	first	end	runtime	declared
Array::Element::Access::not	flatmap	label	runtime	declared
Array::Element::Access::not	map	deep	runtime	declared
Array::Element::Access::not	map	duck	runtime	declared
Array::Element::Access::not	map	flat	runtime	declared
Array::Element::Access::not	map	item	runtime	declared
Array::Element::Access::not	map	label	runtime	declared
Array::Element::Access::not	map	node	runtime	declared
Array::Element::Access::not	max	by	runtime	declared
Array::Element::Access::not	max	k	runtime	declared
Array::Element::Access::not	max	kv	runtime	declared
Array::Element::Access::not	max	p	runtime	declared
Array::Element::Access::not	max	v	runtime	declared
Array::Element::Access::not	min	by	runtime	declared
Array::Element::Access::not	min	k	runtime	declared
Array::Element::Access::not	min	kv	runtime	declared
Array::Element::Access::not	min	p	runtime	declared
Array::Element::Access::not	min	v	runtime	declared
Array::Element::Access::not	minmax	by	runtime	declared
Array::Element::Access::not	repeated	as	runtime	declared
Array::Element::Access::not	repeated	with	runtime	declared
Array::Element::Access::not	rotor	partial	runtime	declared
Array::Element::Access::not	squish	as	runtime	declared
Array::Element::Access::not	squish	with	runtime	declared
Array::Element::Access::not	toggle	off	runtime	declared
Array::Element::Access::not	unique	as	runtime	declared
Array::Element::Access::not	unique	with	runtime	declared
Array::Slice::Access::not	batch	elems	runtime	declared
Array::Slice::Access::not	categorize	as	runtime	declared
Array::Slice::Access::not	categorize	into	runtime	declared
Array::Slice::Access::not	classify	as	runtime	declared
Array::Slice::Access::not	classify	into	runtime	declared
Array::Slice::Access::not	first	end	runtime	declared
Array::Slice::Access::not	flatmap	label	runtime	declared
Array::Slice::Access::not	map	deep	runtime	declared
Array::Slice::Access::not	map	duck	runtime	declared
Array::Slice::Access::not	map	flat	runtime	declared
Array::Slice::Access::not	map	item	runtime	declared
Array::Slice::Access::not	map	label	runtime	declared
Array::Slice::Access::not	map	node	runtime	declared
Array::Slice::Access::not	max	by	runtime	declared
Array::Slice::Access::not	max	k	runtime	declared
Array::Slice::Access::not	max	kv	runtime	declared
Array::Slice::Access::not	max	p	runtime	declared
Array::Slice::Access::not	max	v	runtime	declared
Array::Slice::Access::not	min	by	runtime	declared
Array::Slice::Access::not	min	k	runtime	declared
Array::Slice::Access::not	min	kv	runtime	declared
Array::Slice::Access::not	min	p	runtime	declared
Array::Slice::Access::not	min	v	runtime	declared
Array::Slice::Access::not	minmax	by	runtime	declared
Array::Slice::Access::not	repeated	as	runtime	declared
Array::Slice::Access::not	repeated	with	runtime	declared
Array::Slice::Access::not	rotor	partial	runtime	declared
Array::Slice::Access::not	squish	as	runtime	declared
Array::Slice::Access::not	squish	with	runtime	declared
Array::Slice::Access::not	toggle	off	runtime	declared
Array::Slice::Access::not	unique	as	runtime	declared
Array::Slice::Access::not	unique	with	runtime	declared
ArrayReificationTarget	batch	elems	runtime	declared
ArrayReificationTarget	categorize	as	runtime	declared
ArrayReificationTarget	categorize	into	runtime	declared
ArrayReificationTarget	classify	as	runtime	declared
ArrayReificationTarget	classify	into	runtime	declared
ArrayReificationTarget	first	end	runtime	declared
ArrayReificationTarget	flatmap	label	runtime	declared
ArrayReificationTarget	map	deep	runtime	declared
ArrayReificationTarget	map	duck	runtime	declared
ArrayReificationTarget	map	flat	runtime	declared
ArrayReificationTarget	map	item	runtime	declared
ArrayReificationTarget	map	label	runtime	declared
ArrayReificationTarget	map	node	runtime	declared
ArrayReificationTarget	max	by	runtime	declared
ArrayReificationTarget	max	k	runtime	declared
ArrayReificationTarget	max	kv	runtime	declared
ArrayReificationTarget	max	p	runtime	declared
ArrayReificationTarget	max	v	runtime	declared
ArrayReificationTarget	min	by	runtime	declared
ArrayReificationTarget	min	k	runtime	declared
ArrayReificationTarget	min	kv	runtime	declared
ArrayReificationTarget	min	p	runtime	declared
ArrayReificationTarget	min	v	runtime	declared
ArrayReificationTarget	minmax	by	runtime	declared
ArrayReificationTarget	repeated	as	runtime	declared
ArrayReificationTarget	repeated	with	runtime	declared
ArrayReificationTarget	rotor	partial	runtime	declared
ArrayReificationTarget	squish	as	runtime	declared
ArrayReificationTarget	squish	with	runtime	declared
ArrayReificationTarget	toggle	off	runtime	declared
ArrayReificationTarget	unique	as	runtime	declared
ArrayReificationTarget	unique	with	runtime	declared
AssociativeIterableKeys	batch	elems	runtime	declared
AssociativeIterableKeys	categorize	as	runtime	declared
AssociativeIterableKeys	categorize	into	runtime	declared
AssociativeIterableKeys	classify	as	runtime	declared
AssociativeIterableKeys	classify	into	runtime	declared
AssociativeIterableKeys	first	end	runtime	declared
AssociativeIterableKeys	flatmap	label	runtime	declared
AssociativeIterableKeys	map	deep	runtime	declared
AssociativeIterableKeys	map	duck	runtime	declared
AssociativeIterableKeys	map	flat	runtime	declared
AssociativeIterableKeys	map	item	runtime	declared
AssociativeIterableKeys	map	label	runtime	declared
AssociativeIterableKeys	map	node	runtime	declared
AssociativeIterableKeys	max	by	runtime	declared
AssociativeIterableKeys	max	k	runtime	declared
AssociativeIterableKeys	max	kv	runtime	declared
AssociativeIterableKeys	max	p	runtime	declared
AssociativeIterableKeys	max	v	runtime	declared
AssociativeIterableKeys	min	by	runtime	declared
AssociativeIterableKeys	min	k	runtime	declared
AssociativeIterableKeys	min	kv	runtime	declared
AssociativeIterableKeys	min	p	runtime	declared
AssociativeIterableKeys	min	v	runtime	declared
AssociativeIterableKeys	minmax	by	runtime	declared
AssociativeIterableKeys	repeated	as	runtime	declared
AssociativeIterableKeys	repeated	with	runtime	declared
AssociativeIterableKeys	rotor	partial	runtime	declared
AssociativeIterableKeys	squish	as	runtime	declared
AssociativeIterableKeys	squish	with	runtime	declared
AssociativeIterableKeys	toggle	off	runtime	declared
AssociativeIterableKeys	unique	as	runtime	declared
AssociativeIterableKeys	unique	with	runtime	declared
Attribute	compose	compiler_services	runtime	declared
Backtrace	first	end	runtime	declared
Backtrace	map	deep	runtime	declared
Backtrace	map	duck	runtime	declared
Backtrace	map	flat	runtime	declared
Backtrace	map	item	runtime	declared
Backtrace	map	label	runtime	declared
Backtrace	map	node	runtime	declared
Backtrace	next-interesting-index	named	runtime	declared
Backtrace	next-interesting-index	noproto	runtime	declared
Backtrace	next-interesting-index	reveal	runtime	declared
Backtrace	next-interesting-index	setting	runtime	declared
Backtrace	nice	oneline	runtime	declared
Bag	STORE	INITIALIZE	runtime	declared
BagHash	Bag	view	runtime	declared
Batch	batch	elems	runtime	declared
Batch	categorize	as	runtime	declared
Batch	categorize	into	runtime	declared
Batch	classify	as	runtime	declared
Batch	classify	into	runtime	declared
Batch	first	end	runtime	declared
Batch	flatmap	label	runtime	declared
Batch	map	deep	runtime	declared
Batch	map	duck	runtime	declared
Batch	map	flat	runtime	declared
Batch	map	item	runtime	declared
Batch	map	label	runtime	declared
Batch	map	node	runtime	declared
Batch	max	by	runtime	declared
Batch	max	k	runtime	declared
Batch	max	kv	runtime	declared
Batch	max	p	runtime	declared
Batch	max	v	runtime	declared
Batch	min	by	runtime	declared
Batch	min	k	runtime	declared
Batch	min	kv	runtime	declared
Batch	min	p	runtime	declared
Batch	min	v	runtime	declared
Batch	minmax	by	runtime	declared
Batch	repeated	as	runtime	declared
Batch	repeated	with	runtime	declared
Batch	rotor	partial	runtime	declared
Batch	squish	as	runtime	declared
Batch	squish	with	runtime	declared
Batch	toggle	off	runtime	declared
Batch	unique	as	runtime	declared
Batch	unique	with	runtime	declared
BlockState	batch	elems	runtime	declared
BlockState	categorize	as	runtime	declared
BlockState	categorize	into	runtime	declared
BlockState	classify	as	runtime	declared
BlockState	classify	into	runtime	declared
BlockState	first	end	runtime	declared
BlockState	flatmap	label	runtime	declared
BlockState	map	deep	runtime	declared
BlockState	map	duck	runtime	declared
BlockState	map	flat	runtime	declared
BlockState	map	item	runtime	declared
BlockState	map	label	runtime	declared
BlockState	map	node	runtime	declared
BlockState	max	by	runtime	declared
BlockState	max	k	runtime	declared
BlockState	max	kv	runtime	declared
BlockState	max	p	runtime	declared
BlockState	max	v	runtime	declared
BlockState	min	by	runtime	declared
BlockState	min	k	runtime	declared
BlockState	min	kv	runtime	declared
BlockState	min	p	runtime	declared
BlockState	min	v	runtime	declared
BlockState	minmax	by	runtime	declared
BlockState	repeated	as	runtime	declared
BlockState	repeated	with	runtime	declared
BlockState	rotor	partial	runtime	declared
BlockState	squish	as	runtime	declared
BlockState	squish	with	runtime	declared
BlockState	toggle	off	runtime	declared
BlockState	unique	as	runtime	declared
BlockState	unique	with	runtime	declared
BlockTappable	batch	elems	runtime	declared
BlockTappable	categorize	as	runtime	declared
BlockTappable	categorize	into	runtime	declared
BlockTappable	classify	as	runtime	declared
BlockTappable	classify	into	runtime	declared
BlockTappable	first	end	runtime	declared
BlockTappable	flatmap	label	runtime	declared
BlockTappable	map	deep	runtime	declared
BlockTappable	map	duck	runtime	declared
BlockTappable	map	flat	runtime	declared
BlockTappable	map	item	runtime	declared
BlockTappable	map	label	runtime	declared
BlockTappable	map	node	runtime	declared
BlockTappable	max	by	runtime	declared
BlockTappable	max	k	runtime	declared
BlockTappable	max	kv	runtime	declared
BlockTappable	max	p	runtime	declared
BlockTappable	max	v	runtime	declared
BlockTappable	min	by	runtime	declared
BlockTappable	min	k	runtime	declared
BlockTappable	min	kv	runtime	declared
BlockTappable	min	p	runtime	declared
BlockTappable	min	v	runtime	declared
BlockTappable	minmax	by	runtime	declared
BlockTappable	repeated	as	runtime	declared
BlockTappable	repeated	with	runtime	declared
BlockTappable	rotor	partial	runtime	declared
BlockTappable	squish	as	runtime	declared
BlockTappable	squish	with	runtime	declared
BlockTappable	toggle	off	runtime	declared
BlockTappable	unique	as	runtime	declared
BlockTappable	unique	with	runtime	declared
CHANNEL_CLOSE	batch	elems	runtime	declared
CHANNEL_CLOSE	categorize	as	runtime	declared
CHANNEL_CLOSE	categorize	into	runtime	declared
CHANNEL_CLOSE	classify	as	runtime	declared
CHANNEL_CLOSE	classify	into	runtime	declared
CHANNEL_CLOSE	first	end	runtime	declared
CHANNEL_CLOSE	flatmap	label	runtime	declared
CHANNEL_CLOSE	map	deep	runtime	declared
CHANNEL_CLOSE	map	duck	runtime	declared
CHANNEL_CLOSE	map	flat	runtime	declared
CHANNEL_CLOSE	map	item	runtime	declared
CHANNEL_CLOSE	map	label	runtime	declared
CHANNEL_CLOSE	map	node	runtime	declared
CHANNEL_CLOSE	max	by	runtime	declared
CHANNEL_CLOSE	max	k	runtime	declared
CHANNEL_CLOSE	max	kv	runtime	declared
CHANNEL_CLOSE	max	p	runtime	declared
CHANNEL_CLOSE	max	v	runtime	declared
CHANNEL_CLOSE	min	by	runtime	declared
CHANNEL_CLOSE	min	k	runtime	declared
CHANNEL_CLOSE	min	kv	runtime	declared
CHANNEL_CLOSE	min	p	runtime	declared
CHANNEL_CLOSE	min	v	runtime	declared
CHANNEL_CLOSE	minmax	by	runtime	declared
CHANNEL_CLOSE	repeated	as	runtime	declared
CHANNEL_CLOSE	repeated	with	runtime	declared
CHANNEL_CLOSE	rotor	partial	runtime	declared
CHANNEL_CLOSE	squish	as	runtime	declared
CHANNEL_CLOSE	squish	with	runtime	declared
CHANNEL_CLOSE	toggle	off	runtime	declared
CHANNEL_CLOSE	unique	as	runtime	declared
CHANNEL_CLOSE	unique	with	runtime	declared
CHANNEL_FAIL	batch	elems	runtime	declared
CHANNEL_FAIL	categorize	as	runtime	declared
CHANNEL_FAIL	categorize	into	runtime	declared
CHANNEL_FAIL	classify	as	runtime	declared
CHANNEL_FAIL	classify	into	runtime	declared
CHANNEL_FAIL	first	end	runtime	declared
CHANNEL_FAIL	flatmap	label	runtime	declared
CHANNEL_FAIL	map	deep	runtime	declared
CHANNEL_FAIL	map	duck	runtime	declared
CHANNEL_FAIL	map	flat	runtime	declared
CHANNEL_FAIL	map	item	runtime	declared
CHANNEL_FAIL	map	label	runtime	declared
CHANNEL_FAIL	map	node	runtime	declared
CHANNEL_FAIL	max	by	runtime	declared
CHANNEL_FAIL	max	k	runtime	declared
CHANNEL_FAIL	max	kv	runtime	declared
CHANNEL_FAIL	max	p	runtime	declared
CHANNEL_FAIL	max	v	runtime	declared
CHANNEL_FAIL	min	by	runtime	declared
CHANNEL_FAIL	min	k	runtime	declared
CHANNEL_FAIL	min	kv	runtime	declared
CHANNEL_FAIL	min	p	runtime	declared
CHANNEL_FAIL	min	v	runtime	declared
CHANNEL_FAIL	minmax	by	runtime	declared
CHANNEL_FAIL	repeated	as	runtime	declared
CHANNEL_FAIL	repeated	with	runtime	declared
CHANNEL_FAIL	rotor	partial	runtime	declared
CHANNEL_FAIL	squish	as	runtime	declared
CHANNEL_FAIL	squish	with	runtime	declared
CHANNEL_FAIL	toggle	off	runtime	declared
CHANNEL_FAIL	unique	as	runtime	declared
CHANNEL_FAIL	unique	with	runtime	declared
CStyleLoop	batch	elems	runtime	declared
CStyleLoop	categorize	as	runtime	declared
CStyleLoop	categorize	into	runtime	declared
CStyleLoop	classify	as	runtime	declared
CStyleLoop	classify	into	runtime	declared
CStyleLoop	first	end	runtime	declared
CStyleLoop	flatmap	label	runtime	declared
CStyleLoop	map	deep	runtime	declared
CStyleLoop	map	duck	runtime	declared
CStyleLoop	map	flat	runtime	declared
CStyleLoop	map	item	runtime	declared
CStyleLoop	map	label	runtime	declared
CStyleLoop	map	node	runtime	declared
CStyleLoop	max	by	runtime	declared
CStyleLoop	max	k	runtime	declared
CStyleLoop	max	kv	runtime	declared
CStyleLoop	max	p	runtime	declared
CStyleLoop	max	v	runtime	declared
CStyleLoop	min	by	runtime	declared
CStyleLoop	min	k	runtime	declared
CStyleLoop	min	kv	runtime	declared
CStyleLoop	min	p	runtime	declared
CStyleLoop	min	v	runtime	declared
CStyleLoop	minmax	by	runtime	declared
CStyleLoop	repeated	as	runtime	declared
CStyleLoop	repeated	with	runtime	declared
CStyleLoop	rotor	partial	runtime	declared
CStyleLoop	squish	as	runtime	declared
CStyleLoop	squish	with	runtime	declared
CStyleLoop	toggle	off	runtime	declared
CStyleLoop	unique	as	runtime	declared
CStyleLoop	unique	with	runtime	declared
CURSOR	batch	elems	runtime	declared
CURSOR	categorize	as	runtime	declared
CURSOR	categorize	into	runtime	declared
CURSOR	classify	as	runtime	declared
CURSOR	classify	into	runtime	declared
CURSOR	first	end	runtime	declared
CURSOR	flatmap	label	runtime	declared
CURSOR	map	deep	runtime	declared
CURSOR	map	duck	runtime	declared
CURSOR	map	flat	runtime	declared
CURSOR	map	item	runtime	declared
CURSOR	map	label	runtime	declared
CURSOR	map	node	runtime	declared
CURSOR	max	by	runtime	declared
CURSOR	max	k	runtime	declared
CURSOR	max	kv	runtime	declared
CURSOR	max	p	runtime	declared
CURSOR	max	v	runtime	declared
CURSOR	min	by	runtime	declared
CURSOR	min	k	runtime	declared
CURSOR	min	kv	runtime	declared
CURSOR	min	p	runtime	declared
CURSOR	min	v	runtime	declared
CURSOR	minmax	by	runtime	declared
CURSOR	repeated	as	runtime	declared
CURSOR	repeated	with	runtime	declared
CURSOR	rotor	partial	runtime	declared
CURSOR	squish	as	runtime	declared
CURSOR	squish	with	runtime	declared
CURSOR	toggle	off	runtime	declared
CURSOR	unique	as	runtime	declared
CURSOR	unique	with	runtime	declared
CachedCompiledRegex	batch	elems	runtime	declared
CachedCompiledRegex	categorize	as	runtime	declared
CachedCompiledRegex	categorize	into	runtime	declared
CachedCompiledRegex	classify	as	runtime	declared
CachedCompiledRegex	classify	into	runtime	declared
CachedCompiledRegex	first	end	runtime	declared
CachedCompiledRegex	flatmap	label	runtime	declared
CachedCompiledRegex	map	deep	runtime	declared
CachedCompiledRegex	map	duck	runtime	declared
CachedCompiledRegex	map	flat	runtime	declared
CachedCompiledRegex	map	item	runtime	declared
CachedCompiledRegex	map	label	runtime	declared
CachedCompiledRegex	map	node	runtime	declared
CachedCompiledRegex	max	by	runtime	declared
CachedCompiledRegex	max	k	runtime	declared
CachedCompiledRegex	max	kv	runtime	declared
CachedCompiledRegex	max	p	runtime	declared
CachedCompiledRegex	max	v	runtime	declared
CachedCompiledRegex	min	by	runtime	declared
CachedCompiledRegex	min	k	runtime	declared
CachedCompiledRegex	min	kv	runtime	declared
CachedCompiledRegex	min	p	runtime	declared
CachedCompiledRegex	min	v	runtime	declared
CachedCompiledRegex	minmax	by	runtime	declared
CachedCompiledRegex	repeated	as	runtime	declared
CachedCompiledRegex	repeated	with	runtime	declared
CachedCompiledRegex	rotor	partial	runtime	declared
CachedCompiledRegex	squish	as	runtime	declared
CachedCompiledRegex	squish	with	runtime	declared
CachedCompiledRegex	toggle	off	runtime	declared
CachedCompiledRegex	unique	as	runtime	declared
CachedCompiledRegex	unique	with	runtime	declared
CallableEager	batch	elems	runtime	declared
CallableEager	categorize	as	runtime	declared
CallableEager	categorize	into	runtime	declared
CallableEager	classify	as	runtime	declared
CallableEager	classify	into	runtime	declared
CallableEager	first	end	runtime	declared
CallableEager	flatmap	label	runtime	declared
CallableEager	map	deep	runtime	declared
CallableEager	map	duck	runtime	declared
CallableEager	map	flat	runtime	declared
CallableEager	map	item	runtime	declared
CallableEager	map	label	runtime	declared
CallableEager	map	node	runtime	declared
CallableEager	max	by	runtime	declared
CallableEager	max	k	runtime	declared
CallableEager	max	kv	runtime	declared
CallableEager	max	p	runtime	declared
CallableEager	max	v	runtime	declared
CallableEager	min	by	runtime	declared
CallableEager	min	k	runtime	declared
CallableEager	min	kv	runtime	declared
CallableEager	min	p	runtime	declared
CallableEager	min	v	runtime	declared
CallableEager	minmax	by	runtime	declared
CallableEager	repeated	as	runtime	declared
CallableEager	repeated	with	runtime	declared
CallableEager	rotor	partial	runtime	declared
CallableEager	squish	as	runtime	declared
CallableEager	squish	with	runtime	declared
CallableEager	toggle	off	runtime	declared
CallableEager	unique	as	runtime	declared
CallableEager	unique	with	runtime	declared
CallableLazy	batch	elems	runtime	declared
CallableLazy	categorize	as	runtime	declared
CallableLazy	categorize	into	runtime	declared
CallableLazy	classify	as	runtime	declared
CallableLazy	classify	into	runtime	declared
CallableLazy	first	end	runtime	declared
CallableLazy	flatmap	label	runtime	declared
CallableLazy	map	deep	runtime	declared
CallableLazy	map	duck	runtime	declared
CallableLazy	map	flat	runtime	declared
CallableLazy	map	item	runtime	declared
CallableLazy	map	label	runtime	declared
CallableLazy	map	node	runtime	declared
CallableLazy	max	by	runtime	declared
CallableLazy	max	k	runtime	declared
CallableLazy	max	kv	runtime	declared
CallableLazy	max	p	runtime	declared
CallableLazy	max	v	runtime	declared
CallableLazy	min	by	runtime	declared
CallableLazy	min	k	runtime	declared
CallableLazy	min	kv	runtime	declared
CallableLazy	min	p	runtime	declared
CallableLazy	min	v	runtime	declared
CallableLazy	minmax	by	runtime	declared
CallableLazy	repeated	as	runtime	declared
CallableLazy	repeated	with	runtime	declared
CallableLazy	rotor	partial	runtime	declared
CallableLazy	squish	as	runtime	declared
CallableLazy	squish	with	runtime	declared
CallableLazy	toggle	off	runtime	declared
CallableLazy	unique	as	runtime	declared
CallableLazy	unique	with	runtime	declared
Cancellation	BUILD	async_handles	runtime	declared
CandidateIterator	batch	elems	runtime	declared
CandidateIterator	categorize	as	runtime	declared
CandidateIterator	categorize	into	runtime	declared
CandidateIterator	classify	as	runtime	declared
CandidateIterator	classify	into	runtime	declared
CandidateIterator	first	end	runtime	declared
CandidateIterator	flatmap	label	runtime	declared
CandidateIterator	map	deep	runtime	declared
CandidateIterator	map	duck	runtime	declared
CandidateIterator	map	flat	runtime	declared
CandidateIterator	map	item	runtime	declared
CandidateIterator	map	label	runtime	declared
CandidateIterator	map	node	runtime	declared
CandidateIterator	max	by	runtime	declared
CandidateIterator	max	k	runtime	declared
CandidateIterator	max	kv	runtime	declared
CandidateIterator	max	p	runtime	declared
CandidateIterator	max	v	runtime	declared
CandidateIterator	min	by	runtime	declared
CandidateIterator	min	k	runtime	declared
CandidateIterator	min	kv	runtime	declared
CandidateIterator	min	p	runtime	declared
CandidateIterator	min	v	runtime	declared
CandidateIterator	minmax	by	runtime	declared
CandidateIterator	repeated	as	runtime	declared
CandidateIterator	repeated	with	runtime	declared
CandidateIterator	rotor	partial	runtime	declared
CandidateIterator	squish	as	runtime	declared
CandidateIterator	squish	with	runtime	declared
CandidateIterator	toggle	off	runtime	declared
CandidateIterator	unique	as	runtime	declared
CandidateIterator	unique	with	runtime	declared
Capture	BUILD	hash	runtime	declared
Capture	BUILD	list	runtime	declared
Change	batch	elems	runtime	declared
Change	categorize	as	runtime	declared
Change	categorize	into	runtime	declared
Change	classify	as	runtime	declared
Change	classify	into	runtime	declared
Change	first	end	runtime	declared
Change	flatmap	label	runtime	declared
Change	map	deep	runtime	declared
Change	map	duck	runtime	declared
Change	map	flat	runtime	declared
Change	map	item	runtime	declared
Change	map	label	runtime	declared
Change	map	node	runtime	declared
Change	max	by	runtime	declared
Change	max	k	runtime	declared
Change	max	kv	runtime	declared
Change	max	p	runtime	declared
Change	max	v	runtime	declared
Change	min	by	runtime	declared
Change	min	k	runtime	declared
Change	min	kv	runtime	declared
Change	min	p	runtime	declared
Change	min	v	runtime	declared
Change	minmax	by	runtime	declared
Change	repeated	as	runtime	declared
Change	repeated	with	runtime	declared
Change	rotor	partial	runtime	declared
Change	squish	as	runtime	declared
Change	squish	with	runtime	declared
Change	toggle	off	runtime	declared
Change	unique	as	runtime	declared
Change	unique	with	runtime	declared
ChannelAwaitableHandle	batch	elems	runtime	declared
ChannelAwaitableHandle	categorize	as	runtime	declared
ChannelAwaitableHandle	categorize	into	runtime	declared
ChannelAwaitableHandle	classify	as	runtime	declared
ChannelAwaitableHandle	classify	into	runtime	declared
ChannelAwaitableHandle	first	end	runtime	declared
ChannelAwaitableHandle	flatmap	label	runtime	declared
ChannelAwaitableHandle	map	deep	runtime	declared
ChannelAwaitableHandle	map	duck	runtime	declared
ChannelAwaitableHandle	map	flat	runtime	declared
ChannelAwaitableHandle	map	item	runtime	declared
ChannelAwaitableHandle	map	label	runtime	declared
ChannelAwaitableHandle	map	node	runtime	declared
ChannelAwaitableHandle	max	by	runtime	declared
ChannelAwaitableHandle	max	k	runtime	declared
ChannelAwaitableHandle	max	kv	runtime	declared
ChannelAwaitableHandle	max	p	runtime	declared
ChannelAwaitableHandle	max	v	runtime	declared
ChannelAwaitableHandle	min	by	runtime	declared
ChannelAwaitableHandle	min	k	runtime	declared
ChannelAwaitableHandle	min	kv	runtime	declared
ChannelAwaitableHandle	min	p	runtime	declared
ChannelAwaitableHandle	min	v	runtime	declared
ChannelAwaitableHandle	minmax	by	runtime	declared
ChannelAwaitableHandle	repeated	as	runtime	declared
ChannelAwaitableHandle	repeated	with	runtime	declared
ChannelAwaitableHandle	rotor	partial	runtime	declared
ChannelAwaitableHandle	squish	as	runtime	declared
ChannelAwaitableHandle	squish	with	runtime	declared
ChannelAwaitableHandle	toggle	off	runtime	declared
ChannelAwaitableHandle	unique	as	runtime	declared
ChannelAwaitableHandle	unique	with	runtime	declared
CharFromTo	batch	elems	runtime	declared
CharFromTo	categorize	as	runtime	declared
CharFromTo	categorize	into	runtime	declared
CharFromTo	classify	as	runtime	declared
CharFromTo	classify	into	runtime	declared
CharFromTo	first	end	runtime	declared
CharFromTo	flatmap	label	runtime	declared
CharFromTo	map	deep	runtime	declared
CharFromTo	map	duck	runtime	declared
CharFromTo	map	flat	runtime	declared
CharFromTo	map	item	runtime	declared
CharFromTo	map	label	runtime	declared
CharFromTo	map	node	runtime	declared
CharFromTo	max	by	runtime	declared
CharFromTo	max	k	runtime	declared
CharFromTo	max	kv	runtime	declared
CharFromTo	max	p	runtime	declared
CharFromTo	max	v	runtime	declared
CharFromTo	min	by	runtime	declared
CharFromTo	min	k	runtime	declared
CharFromTo	min	kv	runtime	declared
CharFromTo	min	p	runtime	declared
CharFromTo	min	v	runtime	declared
CharFromTo	minmax	by	runtime	declared
CharFromTo	repeated	as	runtime	declared
CharFromTo	repeated	with	runtime	declared
CharFromTo	rotor	partial	runtime	declared
CharFromTo	squish	as	runtime	declared
CharFromTo	squish	with	runtime	declared
CharFromTo	toggle	off	runtime	declared
CharFromTo	unique	as	runtime	declared
CharFromTo	unique	with	runtime	declared
CharReverse	batch	elems	runtime	declared
CharReverse	categorize	as	runtime	declared
CharReverse	categorize	into	runtime	declared
CharReverse	classify	as	runtime	declared
CharReverse	classify	into	runtime	declared
CharReverse	first	end	runtime	declared
CharReverse	flatmap	label	runtime	declared
CharReverse	map	deep	runtime	declared
CharReverse	map	duck	runtime	declared
CharReverse	map	flat	runtime	declared
CharReverse	map	item	runtime	declared
CharReverse	map	label	runtime	declared
CharReverse	map	node	runtime	declared
CharReverse	max	by	runtime	declared
CharReverse	max	k	runtime	declared
CharReverse	max	kv	runtime	declared
CharReverse	max	p	runtime	declared
CharReverse	max	v	runtime	declared
CharReverse	min	by	runtime	declared
CharReverse	min	k	runtime	declared
CharReverse	min	kv	runtime	declared
CharReverse	min	p	runtime	declared
CharReverse	min	v	runtime	declared
CharReverse	minmax	by	runtime	declared
CharReverse	repeated	as	runtime	declared
CharReverse	repeated	with	runtime	declared
CharReverse	rotor	partial	runtime	declared
CharReverse	squish	as	runtime	declared
CharReverse	squish	with	runtime	declared
CharReverse	toggle	off	runtime	declared
CharReverse	unique	as	runtime	declared
CharReverse	unique	with	runtime	declared
Collation	set	primary	runtime	declared
Collation	set	quaternary	runtime	declared
Collation	set	secondary	runtime	declared
Collation	set	tertiary	runtime	declared
CombAll	batch	elems	runtime	declared
CombAll	categorize	as	runtime	declared
CombAll	categorize	into	runtime	declared
CombAll	classify	as	runtime	declared
CombAll	classify	into	runtime	declared
CombAll	first	end	runtime	declared
CombAll	flatmap	label	runtime	declared
CombAll	map	deep	runtime	declared
CombAll	map	duck	runtime	declared
CombAll	map	flat	runtime	declared
CombAll	map	item	runtime	declared
CombAll	map	label	runtime	declared
CombAll	map	node	runtime	declared
CombAll	max	by	runtime	declared
CombAll	max	k	runtime	declared
CombAll	max	kv	runtime	declared
CombAll	max	p	runtime	declared
CombAll	max	v	runtime	declared
CombAll	min	by	runtime	declared
CombAll	min	k	runtime	declared
CombAll	min	kv	runtime	declared
CombAll	min	p	runtime	declared
CombAll	min	v	runtime	declared
CombAll	minmax	by	runtime	declared
CombAll	repeated	as	runtime	declared
CombAll	repeated	with	runtime	declared
CombAll	rotor	partial	runtime	declared
CombAll	squish	as	runtime	declared
CombAll	squish	with	runtime	declared
CombAll	toggle	off	runtime	declared
CombAll	unique	as	runtime	declared
CombAll	unique	with	runtime	declared
CombPat	batch	elems	runtime	declared
CombPat	categorize	as	runtime	declared
CombPat	categorize	into	runtime	declared
CombPat	classify	as	runtime	declared
CombPat	classify	into	runtime	declared
CombPat	first	end	runtime	declared
CombPat	flatmap	label	runtime	declared
CombPat	map	deep	runtime	declared
CombPat	map	duck	runtime	declared
CombPat	map	flat	runtime	declared
CombPat	map	item	runtime	declared
CombPat	map	label	runtime	declared
CombPat	map	node	runtime	declared
CombPat	max	by	runtime	declared
CombPat	max	k	runtime	declared
CombPat	max	kv	runtime	declared
CombPat	max	p	runtime	declared
CombPat	max	v	runtime	declared
CombPat	min	by	runtime	declared
CombPat	min	k	runtime	declared
CombPat	min	kv	runtime	declared
CombPat	min	p	runtime	declared
CombPat	min	v	runtime	declared
CombPat	minmax	by	runtime	declared
CombPat	repeated	as	runtime	declared
CombPat	repeated	with	runtime	declared
CombPat	rotor	partial	runtime	declared
CombPat	squish	as	runtime	declared
CombPat	squish	with	runtime	declared
CombPat	toggle	off	runtime	declared
CombPat	unique	as	runtime	declared
CombPat	unique	with	runtime	declared
CombPatLimit	batch	elems	runtime	declared
CombPatLimit	categorize	as	runtime	declared
CombPatLimit	categorize	into	runtime	declared
CombPatLimit	classify	as	runtime	declared
CombPatLimit	classify	into	runtime	declared
CombPatLimit	first	end	runtime	declared
CombPatLimit	flatmap	label	runtime	declared
CombPatLimit	map	deep	runtime	declared
CombPatLimit	map	duck	runtime	declared
CombPatLimit	map	flat	runtime	declared
CombPatLimit	map	item	runtime	declared
CombPatLimit	map	label	runtime	declared
CombPatLimit	map	node	runtime	declared
CombPatLimit	max	by	runtime	declared
CombPatLimit	max	k	runtime	declared
CombPatLimit	max	kv	runtime	declared
CombPatLimit	max	p	runtime	declared
CombPatLimit	max	v	runtime	declared
CombPatLimit	min	by	runtime	declared
CombPatLimit	min	k	runtime	declared
CombPatLimit	min	kv	runtime	declared
CombPatLimit	min	p	runtime	declared
CombPatLimit	min	v	runtime	declared
CombPatLimit	minmax	by	runtime	declared
CombPatLimit	repeated	as	runtime	declared
CombPatLimit	repeated	with	runtime	declared
CombPatLimit	rotor	partial	runtime	declared
CombPatLimit	squish	as	runtime	declared
CombPatLimit	squish	with	runtime	declared
CombPatLimit	toggle	off	runtime	declared
CombPatLimit	unique	as	runtime	declared
CombPatLimit	unique	with	runtime	declared
Combinations	batch	elems	runtime	declared
Combinations	categorize	as	runtime	declared
Combinations	categorize	into	runtime	declared
Combinations	classify	as	runtime	declared
Combinations	classify	into	runtime	declared
Combinations	first	end	runtime	declared
Combinations	flatmap	label	runtime	declared
Combinations	map	deep	runtime	declared
Combinations	map	duck	runtime	declared
Combinations	map	flat	runtime	declared
Combinations	map	item	runtime	declared
Combinations	map	label	runtime	declared
Combinations	map	node	runtime	declared
Combinations	max	by	runtime	declared
Combinations	max	k	runtime	declared
Combinations	max	kv	runtime	declared
Combinations	max	p	runtime	declared
Combinations	max	v	runtime	declared
Combinations	min	by	runtime	declared
Combinations	min	k	runtime	declared
Combinations	min	kv	runtime	declared
Combinations	min	p	runtime	declared
Combinations	min	v	runtime	declared
Combinations	minmax	by	runtime	declared
Combinations	repeated	as	runtime	declared
Combinations	repeated	with	runtime	declared
Combinations	rotor	partial	runtime	declared
Combinations	squish	as	runtime	declared
Combinations	squish	with	runtime	declared
Combinations	toggle	off	runtime	declared
Combinations	unique	as	runtime	declared
Combinations	unique	with	runtime	declared
CompUnit::PrecompilationRepository	try-load	precomp-stores	runtime	declared
CompUnit::PrecompilationRepository	try-load	source	runtime	declared
CompUnit::PrecompilationRepository::Default	load	checksum	runtime	declared
CompUnit::PrecompilationRepository::Default	load	precomp-stores	runtime	declared
CompUnit::PrecompilationRepository::Default	load	since	runtime	declared
CompUnit::PrecompilationRepository::Default	load	source	runtime	declared
CompUnit::PrecompilationRepository::Default	precompile	force	runtime	declared
CompUnit::PrecompilationRepository::Default	precompile	precomp-stores	runtime	declared
CompUnit::PrecompilationRepository::Default	precompile	source-name	runtime	declared
CompUnit::PrecompilationRepository::Default	try-load	precomp-stores	runtime	declared
CompUnit::PrecompilationRepository::Default	try-load	source	runtime	declared
CompUnit::PrecompilationStore	store-file	extension	runtime	declared
CompUnit::PrecompilationStore	store-repo-id	repo-id	runtime	declared
CompUnit::PrecompilationStore::FileSystem	delete	extension	runtime	declared
CompUnit::PrecompilationStore::FileSystem	destination	extension	runtime	declared
CompUnit::PrecompilationStore::FileSystem	path	extension	runtime	declared
CompUnit::PrecompilationStore::FileSystem	store-file	extension	runtime	declared
CompUnit::PrecompilationStore::FileSystem	store-repo-id	repo-id	runtime	declared
CompUnit::PrecompilationUnit	is-up-to-date	check-source	runtime	declared
CompUnit::PrecompilationUnit::File	is-up-to-date	check-source	runtime	declared
CompUnit::Repository	need	precomp-stores	runtime	declared
CompUnit::Repository::FileSystem	candidates	api	runtime	declared
CompUnit::Repository::FileSystem	candidates	auth	runtime	declared
CompUnit::Repository::FileSystem	candidates	ver	runtime	declared
CompUnit::Repository::FileSystem	files	api	runtime	declared
CompUnit::Repository::FileSystem	files	auth	runtime	declared
CompUnit::Repository::FileSystem	files	name	runtime	declared
CompUnit::Repository::FileSystem	files	ver	runtime	declared
CompUnit::Repository::FileSystem	need	precomp-stores	runtime	declared
CompUnit::Repository::FileSystem	new	prefix	runtime	declared
CompUnit::Repository::FileSystemWithRecording	batch	elems	runtime	declared
CompUnit::Repository::FileSystemWithRecording	categorize	as	runtime	declared
CompUnit::Repository::FileSystemWithRecording	categorize	into	runtime	declared
CompUnit::Repository::FileSystemWithRecording	classify	as	runtime	declared
CompUnit::Repository::FileSystemWithRecording	classify	into	runtime	declared
CompUnit::Repository::FileSystemWithRecording	first	end	runtime	declared
CompUnit::Repository::FileSystemWithRecording	flatmap	label	runtime	declared
CompUnit::Repository::FileSystemWithRecording	map	deep	runtime	declared
CompUnit::Repository::FileSystemWithRecording	map	duck	runtime	declared
CompUnit::Repository::FileSystemWithRecording	map	flat	runtime	declared
CompUnit::Repository::FileSystemWithRecording	map	item	runtime	declared
CompUnit::Repository::FileSystemWithRecording	map	label	runtime	declared
CompUnit::Repository::FileSystemWithRecording	map	node	runtime	declared
CompUnit::Repository::FileSystemWithRecording	max	by	runtime	declared
CompUnit::Repository::FileSystemWithRecording	max	k	runtime	declared
CompUnit::Repository::FileSystemWithRecording	max	kv	runtime	declared
CompUnit::Repository::FileSystemWithRecording	max	p	runtime	declared
CompUnit::Repository::FileSystemWithRecording	max	v	runtime	declared
CompUnit::Repository::FileSystemWithRecording	min	by	runtime	declared
CompUnit::Repository::FileSystemWithRecording	min	k	runtime	declared
CompUnit::Repository::FileSystemWithRecording	min	kv	runtime	declared
CompUnit::Repository::FileSystemWithRecording	min	p	runtime	declared
CompUnit::Repository::FileSystemWithRecording	min	v	runtime	declared
CompUnit::Repository::FileSystemWithRecording	minmax	by	runtime	declared
CompUnit::Repository::FileSystemWithRecording	repeated	as	runtime	declared
CompUnit::Repository::FileSystemWithRecording	repeated	with	runtime	declared
CompUnit::Repository::FileSystemWithRecording	rotor	partial	runtime	declared
CompUnit::Repository::FileSystemWithRecording	squish	as	runtime	declared
CompUnit::Repository::FileSystemWithRecording	squish	with	runtime	declared
CompUnit::Repository::FileSystemWithRecording	toggle	off	runtime	declared
CompUnit::Repository::FileSystemWithRecording	unique	as	runtime	declared
CompUnit::Repository::FileSystemWithRecording	unique	with	runtime	declared
CompUnit::Repository::Installation	TWEAK	wrapper-mode	runtime	declared
CompUnit::Repository::Installation	TWEAK	wrapper-rakudo-dir	runtime	declared
CompUnit::Repository::Installation	candidates	api	runtime	declared
CompUnit::Repository::Installation	candidates	auth	runtime	declared
CompUnit::Repository::Installation	candidates	ver	runtime	declared
CompUnit::Repository::Installation	files	api	runtime	declared
CompUnit::Repository::Installation	files	auth	runtime	declared
CompUnit::Repository::Installation	files	name	runtime	declared
CompUnit::Repository::Installation	files	ver	runtime	declared
CompUnit::Repository::Installation	install	force	runtime	declared
CompUnit::Repository::Installation	install	precompile	runtime	declared
CompUnit::Repository::Installation	need	precomp-stores	runtime	declared
CompUnit::Repository::Installation	new	prefix	runtime	declared
CompUnit::Repository::Java	batch	elems	runtime	declared
CompUnit::Repository::Java	categorize	as	runtime	declared
CompUnit::Repository::Java	categorize	into	runtime	declared
CompUnit::Repository::Java	classify	as	runtime	declared
CompUnit::Repository::Java	classify	into	runtime	declared
CompUnit::Repository::Java	first	end	runtime	declared
CompUnit::Repository::Java	flatmap	label	runtime	declared
CompUnit::Repository::Java	map	deep	runtime	declared
CompUnit::Repository::Java	map	duck	runtime	declared
CompUnit::Repository::Java	map	flat	runtime	declared
CompUnit::Repository::Java	map	item	runtime	declared
CompUnit::Repository::Java	map	label	runtime	declared
CompUnit::Repository::Java	map	node	runtime	declared
CompUnit::Repository::Java	max	by	runtime	declared
CompUnit::Repository::Java	max	k	runtime	declared
CompUnit::Repository::Java	max	kv	runtime	declared
CompUnit::Repository::Java	max	p	runtime	declared
CompUnit::Repository::Java	max	v	runtime	declared
CompUnit::Repository::Java	min	by	runtime	declared
CompUnit::Repository::Java	min	k	runtime	declared
CompUnit::Repository::Java	min	kv	runtime	declared
CompUnit::Repository::Java	min	p	runtime	declared
CompUnit::Repository::Java	min	v	runtime	declared
CompUnit::Repository::Java	minmax	by	runtime	declared
CompUnit::Repository::Java	repeated	as	runtime	declared
CompUnit::Repository::Java	repeated	with	runtime	declared
CompUnit::Repository::Java	rotor	partial	runtime	declared
CompUnit::Repository::Java	squish	as	runtime	declared
CompUnit::Repository::Java	squish	with	runtime	declared
CompUnit::Repository::Java	toggle	off	runtime	declared
CompUnit::Repository::Java	unique	as	runtime	declared
CompUnit::Repository::Java	unique	with	runtime	declared
CompUnit::Repository::JavaRuntime	batch	elems	runtime	declared
CompUnit::Repository::JavaRuntime	categorize	as	runtime	declared
CompUnit::Repository::JavaRuntime	categorize	into	runtime	declared
CompUnit::Repository::JavaRuntime	classify	as	runtime	declared
CompUnit::Repository::JavaRuntime	classify	into	runtime	declared
CompUnit::Repository::JavaRuntime	first	end	runtime	declared
CompUnit::Repository::JavaRuntime	flatmap	label	runtime	declared
CompUnit::Repository::JavaRuntime	map	deep	runtime	declared
CompUnit::Repository::JavaRuntime	map	duck	runtime	declared
CompUnit::Repository::JavaRuntime	map	flat	runtime	declared
CompUnit::Repository::JavaRuntime	map	item	runtime	declared
CompUnit::Repository::JavaRuntime	map	label	runtime	declared
CompUnit::Repository::JavaRuntime	map	node	runtime	declared
CompUnit::Repository::JavaRuntime	max	by	runtime	declared
CompUnit::Repository::JavaRuntime	max	k	runtime	declared
CompUnit::Repository::JavaRuntime	max	kv	runtime	declared
CompUnit::Repository::JavaRuntime	max	p	runtime	declared
CompUnit::Repository::JavaRuntime	max	v	runtime	declared
CompUnit::Repository::JavaRuntime	min	by	runtime	declared
CompUnit::Repository::JavaRuntime	min	k	runtime	declared
CompUnit::Repository::JavaRuntime	min	kv	runtime	declared
CompUnit::Repository::JavaRuntime	min	p	runtime	declared
CompUnit::Repository::JavaRuntime	min	v	runtime	declared
CompUnit::Repository::JavaRuntime	minmax	by	runtime	declared
CompUnit::Repository::JavaRuntime	repeated	as	runtime	declared
CompUnit::Repository::JavaRuntime	repeated	with	runtime	declared
CompUnit::Repository::JavaRuntime	rotor	partial	runtime	declared
CompUnit::Repository::JavaRuntime	squish	as	runtime	declared
CompUnit::Repository::JavaRuntime	squish	with	runtime	declared
CompUnit::Repository::JavaRuntime	toggle	off	runtime	declared
CompUnit::Repository::JavaRuntime	unique	as	runtime	declared
CompUnit::Repository::JavaRuntime	unique	with	runtime	declared
CompUnit::Repository::Locally	new	prefix	runtime	declared
CompUnit::Repository::NodeJs	batch	elems	runtime	declared
CompUnit::Repository::NodeJs	categorize	as	runtime	declared
CompUnit::Repository::NodeJs	categorize	into	runtime	declared
CompUnit::Repository::NodeJs	classify	as	runtime	declared
CompUnit::Repository::NodeJs	classify	into	runtime	declared
CompUnit::Repository::NodeJs	first	end	runtime	declared
CompUnit::Repository::NodeJs	flatmap	label	runtime	declared
CompUnit::Repository::NodeJs	map	deep	runtime	declared
CompUnit::Repository::NodeJs	map	duck	runtime	declared
CompUnit::Repository::NodeJs	map	flat	runtime	declared
CompUnit::Repository::NodeJs	map	item	runtime	declared
CompUnit::Repository::NodeJs	map	label	runtime	declared
CompUnit::Repository::NodeJs	map	node	runtime	declared
CompUnit::Repository::NodeJs	max	by	runtime	declared
CompUnit::Repository::NodeJs	max	k	runtime	declared
CompUnit::Repository::NodeJs	max	kv	runtime	declared
CompUnit::Repository::NodeJs	max	p	runtime	declared
CompUnit::Repository::NodeJs	max	v	runtime	declared
CompUnit::Repository::NodeJs	min	by	runtime	declared
CompUnit::Repository::NodeJs	min	k	runtime	declared
CompUnit::Repository::NodeJs	min	kv	runtime	declared
CompUnit::Repository::NodeJs	min	p	runtime	declared
CompUnit::Repository::NodeJs	min	v	runtime	declared
CompUnit::Repository::NodeJs	minmax	by	runtime	declared
CompUnit::Repository::NodeJs	repeated	as	runtime	declared
CompUnit::Repository::NodeJs	repeated	with	runtime	declared
CompUnit::Repository::NodeJs	rotor	partial	runtime	declared
CompUnit::Repository::NodeJs	squish	as	runtime	declared
CompUnit::Repository::NodeJs	squish	with	runtime	declared
CompUnit::Repository::NodeJs	toggle	off	runtime	declared
CompUnit::Repository::NodeJs	unique	as	runtime	declared
CompUnit::Repository::NodeJs	unique	with	runtime	declared
CompUnit::Repository::Unknown	need	precomp-stores	runtime	declared
CompUnit::RepositoryRegistry	repository-for-spec	next-repo	runtime	declared
CompUnit::RepositoryRegistry	use-repository	current	runtime	declared
Compiler	verbose-config	say	runtime	declared
Completions	batch	elems	runtime	declared
Completions	categorize	as	runtime	declared
Completions	categorize	into	runtime	declared
Completions	classify	as	runtime	declared
Completions	classify	into	runtime	declared
Completions	first	end	runtime	declared
Completions	flatmap	label	runtime	declared
Completions	map	deep	runtime	declared
Completions	map	duck	runtime	declared
Completions	map	flat	runtime	declared
Completions	map	item	runtime	declared
Completions	map	label	runtime	declared
Completions	map	node	runtime	declared
Completions	max	by	runtime	declared
Completions	max	k	runtime	declared
Completions	max	kv	runtime	declared
Completions	max	p	runtime	declared
Completions	max	v	runtime	declared
Completions	min	by	runtime	declared
Completions	min	k	runtime	declared
Completions	min	kv	runtime	declared
Completions	min	p	runtime	declared
Completions	min	v	runtime	declared
Completions	minmax	by	runtime	declared
Completions	repeated	as	runtime	declared
Completions	repeated	with	runtime	declared
Completions	rotor	partial	runtime	declared
Completions	squish	as	runtime	declared
Completions	squish	with	runtime	declared
Completions	toggle	off	runtime	declared
Completions	unique	as	runtime	declared
Completions	unique	with	runtime	declared
Complex	DUMP	ctx	runtime	declared
Complex	DUMP	indent-step	runtime	declared
ComplexStr	Numeric	fail-or-nil	runtime	declared
ConcQueue	batch	elems	runtime	declared
ConcQueue	categorize	as	runtime	declared
ConcQueue	categorize	into	runtime	declared
ConcQueue	classify	as	runtime	declared
ConcQueue	classify	into	runtime	declared
ConcQueue	first	end	runtime	declared
ConcQueue	flatmap	label	runtime	declared
ConcQueue	map	deep	runtime	declared
ConcQueue	map	duck	runtime	declared
ConcQueue	map	flat	runtime	declared
ConcQueue	map	item	runtime	declared
ConcQueue	map	label	runtime	declared
ConcQueue	map	node	runtime	declared
ConcQueue	max	by	runtime	declared
ConcQueue	max	k	runtime	declared
ConcQueue	max	kv	runtime	declared
ConcQueue	max	p	runtime	declared
ConcQueue	max	v	runtime	declared
ConcQueue	min	by	runtime	declared
ConcQueue	min	k	runtime	declared
ConcQueue	min	kv	runtime	declared
ConcQueue	min	p	runtime	declared
ConcQueue	min	v	runtime	declared
ConcQueue	minmax	by	runtime	declared
ConcQueue	repeated	as	runtime	declared
ConcQueue	repeated	with	runtime	declared
ConcQueue	rotor	partial	runtime	declared
ConcQueue	squish	as	runtime	declared
ConcQueue	squish	with	runtime	declared
ConcQueue	toggle	off	runtime	declared
ConcQueue	unique	as	runtime	declared
ConcQueue	unique	with	runtime	declared
CondNode	batch	elems	runtime	declared
CondNode	categorize	as	runtime	declared
CondNode	categorize	into	runtime	declared
CondNode	classify	as	runtime	declared
CondNode	classify	into	runtime	declared
CondNode	first	end	runtime	declared
CondNode	flatmap	label	runtime	declared
CondNode	map	deep	runtime	declared
CondNode	map	duck	runtime	declared
CondNode	map	flat	runtime	declared
CondNode	map	item	runtime	declared
CondNode	map	label	runtime	declared
CondNode	map	node	runtime	declared
CondNode	max	by	runtime	declared
CondNode	max	k	runtime	declared
CondNode	max	kv	runtime	declared
CondNode	max	p	runtime	declared
CondNode	max	v	runtime	declared
CondNode	min	by	runtime	declared
CondNode	min	k	runtime	declared
CondNode	min	kv	runtime	declared
CondNode	min	p	runtime	declared
CondNode	min	v	runtime	declared
CondNode	minmax	by	runtime	declared
CondNode	repeated	as	runtime	declared
CondNode	repeated	with	runtime	declared
CondNode	rotor	partial	runtime	declared
CondNode	squish	as	runtime	declared
CondNode	squish	with	runtime	declared
CondNode	toggle	off	runtime	declared
CondNode	unique	as	runtime	declared
CondNode	unique	with	runtime	declared
ConditionVariable	batch	elems	runtime	declared
ConditionVariable	categorize	as	runtime	declared
ConditionVariable	categorize	into	runtime	declared
ConditionVariable	classify	as	runtime	declared
ConditionVariable	classify	into	runtime	declared
ConditionVariable	first	end	runtime	declared
ConditionVariable	flatmap	label	runtime	declared
ConditionVariable	map	deep	runtime	declared
ConditionVariable	map	duck	runtime	declared
ConditionVariable	map	flat	runtime	declared
ConditionVariable	map	item	runtime	declared
ConditionVariable	map	label	runtime	declared
ConditionVariable	map	node	runtime	declared
ConditionVariable	max	by	runtime	declared
ConditionVariable	max	k	runtime	declared
ConditionVariable	max	kv	runtime	declared
ConditionVariable	max	p	runtime	declared
ConditionVariable	max	v	runtime	declared
ConditionVariable	min	by	runtime	declared
ConditionVariable	min	k	runtime	declared
ConditionVariable	min	kv	runtime	declared
ConditionVariable	min	p	runtime	declared
ConditionVariable	min	v	runtime	declared
ConditionVariable	minmax	by	runtime	declared
ConditionVariable	repeated	as	runtime	declared
ConditionVariable	repeated	with	runtime	declared
ConditionVariable	rotor	partial	runtime	declared
ConditionVariable	squish	as	runtime	declared
ConditionVariable	squish	with	runtime	declared
ConditionVariable	toggle	off	runtime	declared
ConditionVariable	unique	as	runtime	declared
ConditionVariable	unique	with	runtime	declared
ContinuationWrapper	batch	elems	runtime	declared
ContinuationWrapper	categorize	as	runtime	declared
ContinuationWrapper	categorize	into	runtime	declared
ContinuationWrapper	classify	as	runtime	declared
ContinuationWrapper	classify	into	runtime	declared
ContinuationWrapper	first	end	runtime	declared
ContinuationWrapper	flatmap	label	runtime	declared
ContinuationWrapper	map	deep	runtime	declared
ContinuationWrapper	map	duck	runtime	declared
ContinuationWrapper	map	flat	runtime	declared
ContinuationWrapper	map	item	runtime	declared
ContinuationWrapper	map	label	runtime	declared
ContinuationWrapper	map	node	runtime	declared
ContinuationWrapper	max	by	runtime	declared
ContinuationWrapper	max	k	runtime	declared
ContinuationWrapper	max	kv	runtime	declared
ContinuationWrapper	max	p	runtime	declared
ContinuationWrapper	max	v	runtime	declared
ContinuationWrapper	min	by	runtime	declared
ContinuationWrapper	min	k	runtime	declared
ContinuationWrapper	min	kv	runtime	declared
ContinuationWrapper	min	p	runtime	declared
ContinuationWrapper	min	v	runtime	declared
ContinuationWrapper	minmax	by	runtime	declared
ContinuationWrapper	repeated	as	runtime	declared
ContinuationWrapper	repeated	with	runtime	declared
ContinuationWrapper	rotor	partial	runtime	declared
ContinuationWrapper	squish	as	runtime	declared
ContinuationWrapper	squish	with	runtime	declared
ContinuationWrapper	toggle	off	runtime	declared
ContinuationWrapper	unique	as	runtime	declared
ContinuationWrapper	unique	with	runtime	declared
Cool	AST	actions	runtime	declared
Cool	AST	compunit	runtime	declared
Cool	AST	expression	runtime	declared
Cool	AST	grammar	runtime	declared
Cool	comb	match	runtime	declared
Cool	contains	i	runtime	declared
Cool	contains	ignorecase	runtime	declared
Cool	contains	ignoremark	runtime	declared
Cool	contains	m	runtime	declared
Cool	encode	replacement	runtime	via Cool.encode -> Str.encode
Cool	encode	strict	runtime	via Cool.encode -> Str.encode
Cool	encode	translate-nl	runtime	via Cool.encode -> Str.encode
Cool	ends-with	i	runtime	declared
Cool	ends-with	ignorecase	runtime	declared
Cool	ends-with	ignoremark	runtime	declared
Cool	ends-with	m	runtime	declared
Cool	index	i	runtime	declared
Cool	index	ignorecase	runtime	declared
Cool	index	ignoremark	runtime	declared
Cool	index	m	runtime	declared
Cool	indices	i	runtime	declared
Cool	indices	ignorecase	runtime	declared
Cool	indices	ignoremark	runtime	declared
Cool	indices	m	runtime	declared
Cool	indices	overlap	runtime	declared
Cool	lines	count	runtime	declared
Cool	split	k	runtime	via Cool.split -> Str.split
Cool	split	kv	runtime	via Cool.split -> Str.split
Cool	split	p	runtime	via Cool.split -> Str.split
Cool	split	skip-empty	runtime	via Cool.split -> Str.split
Cool	split	v	runtime	via Cool.split -> Str.split
Cool	starts-with	i	runtime	declared
Cool	starts-with	ignorecase	runtime	declared
Cool	starts-with	ignoremark	runtime	declared
Cool	starts-with	m	runtime	declared
Cool	subst	P5	compilation-only	s/// table
Cool	subst	Perl5	compilation-only	s/// table
Cool	subst	as	runtime	via Cool.subst -> Str.subst -> Str.!SUBST -> Str.match
Cool	subst	c	runtime	via Cool.subst -> Str.subst -> Str.!SUBST -> Str.match
Cool	subst	continue	runtime	via Cool.subst -> Str.subst -> Str.!SUBST -> Str.match
Cool	subst	ex	runtime	via Cool.subst -> Str.subst -> Str.!SUBST -> Str.match
Cool	subst	exhaustive	runtime	via Cool.subst -> Str.subst -> Str.!SUBST -> Str.match
Cool	subst	g	repeatable	via Cool.subst -> Str.subst -> Str.!SUBST -> Str.match
Cool	subst	global	repeatable	via Cool.subst -> Str.subst -> Str.!SUBST -> Str.match
Cool	subst	i	compilation-only	s/// table
Cool	subst	ignorecase	compilation-only	s/// table
Cool	subst	ignoremark	compilation-only	s/// table
Cool	subst	ii	runtime	s/// table
Cool	subst	m	compilation-only	s/// table
Cool	subst	mm	runtime	s/// table
Cool	subst	nd	runtime	via Cool.subst -> Str.subst -> Str.!SUBST -> Str.match
Cool	subst	nth	runtime	via Cool.subst -> Str.subst -> Str.!SUBST -> Str.match
Cool	subst	ov	runtime	via Cool.subst -> Str.subst -> Str.!SUBST -> Str.match
Cool	subst	overlap	runtime	via Cool.subst -> Str.subst -> Str.!SUBST -> Str.match
Cool	subst	p	runtime	via Cool.subst -> Str.subst -> Str.!SUBST -> Str.match
Cool	subst	pos	runtime	via Cool.subst -> Str.subst -> Str.!SUBST -> Str.match
Cool	subst	r	compilation-only	s/// table
Cool	subst	ratchet	compilation-only	s/// table
Cool	subst	rd	runtime	via Cool.subst -> Str.subst -> Str.!SUBST -> Str.match
Cool	subst	s	compilation-only	s/// table
Cool	subst	samecase	runtime	s/// table
Cool	subst	samemark	runtime	s/// table
Cool	subst	samespace	runtime	s/// table
Cool	subst	sigspace	compilation-only	s/// table
Cool	subst	ss	runtime	s/// table
Cool	subst	st	runtime	via Cool.subst -> Str.subst -> Str.!SUBST -> Str.match
Cool	subst	th	runtime	via Cool.subst -> Str.subst -> Str.!SUBST -> Str.match
Cool	subst	x	repeatable	via Cool.subst -> Str.subst -> Str.!SUBST -> Str.match
Cool	subst-mutate	as	runtime	via Cool.subst-mutate -> Str.subst-mutate -> Str.match
Cool	subst-mutate	c	runtime	via Cool.subst-mutate -> Str.subst-mutate -> Str.match
Cool	subst-mutate	continue	runtime	via Cool.subst-mutate -> Str.subst-mutate -> Str.match
Cool	subst-mutate	ex	runtime	via Cool.subst-mutate -> Str.subst-mutate -> Str.match
Cool	subst-mutate	exhaustive	runtime	via Cool.subst-mutate -> Str.subst-mutate -> Str.match
Cool	subst-mutate	g	runtime	via Cool.subst-mutate -> Str.subst-mutate -> Str.match
Cool	subst-mutate	global	runtime	via Cool.subst-mutate -> Str.subst-mutate -> Str.match
Cool	subst-mutate	ii	runtime	via Cool.subst-mutate -> Str.subst-mutate
Cool	subst-mutate	mm	runtime	via Cool.subst-mutate -> Str.subst-mutate
Cool	subst-mutate	nd	runtime	via Cool.subst-mutate -> Str.subst-mutate -> Str.match
Cool	subst-mutate	nth	runtime	via Cool.subst-mutate -> Str.subst-mutate -> Str.match
Cool	subst-mutate	ov	runtime	via Cool.subst-mutate -> Str.subst-mutate -> Str.match
Cool	subst-mutate	overlap	runtime	via Cool.subst-mutate -> Str.subst-mutate -> Str.match
Cool	subst-mutate	p	runtime	via Cool.subst-mutate -> Str.subst-mutate -> Str.match
Cool	subst-mutate	pos	runtime	via Cool.subst-mutate -> Str.subst-mutate -> Str.match
Cool	subst-mutate	rd	runtime	via Cool.subst-mutate -> Str.subst-mutate -> Str.match
Cool	subst-mutate	samecase	runtime	via Cool.subst-mutate -> Str.subst-mutate
Cool	subst-mutate	samemark	runtime	via Cool.subst-mutate -> Str.subst-mutate
Cool	subst-mutate	samespace	runtime	via Cool.subst-mutate -> Str.subst-mutate
Cool	subst-mutate	ss	runtime	via Cool.subst-mutate -> Str.subst-mutate
Cool	subst-mutate	st	runtime	via Cool.subst-mutate -> Str.subst-mutate -> Str.match
Cool	subst-mutate	th	runtime	via Cool.subst-mutate -> Str.subst-mutate -> Str.match
Cool	subst-mutate	x	runtime	via Cool.subst-mutate -> Str.subst-mutate -> Str.match
Cool	substr-eq	i	runtime	via Cool.substr-eq -> Str.starts-with
Cool	substr-eq	ignorecase	runtime	via Cool.substr-eq -> Str.starts-with
Cool	substr-eq	ignoremark	runtime	via Cool.substr-eq -> Str.starts-with
Cool	substr-eq	m	runtime	via Cool.substr-eq -> Str.starts-with
Cool	trans	P5	compilation-only	tr/// table
Cool	trans	Perl5	compilation-only	tr/// table
Cool	trans	c	runtime	tr/// table
Cool	trans	complement	runtime	tr/// table
Cool	trans	d	runtime	tr/// table
Cool	trans	delete	runtime	tr/// table
Cool	trans	i	compilation-only	tr/// table
Cool	trans	ignorecase	compilation-only	tr/// table
Cool	trans	ignoremark	compilation-only	tr/// table
Cool	trans	m	compilation-only	tr/// table
Cool	trans	r	compilation-only	tr/// table
Cool	trans	ratchet	compilation-only	tr/// table
Cool	trans	s	compilation-only	tr/// table
Cool	trans	sigspace	compilation-only	tr/// table
Cool	trans	squash	compilation-only	tr/// table
Cool	wordcase	filter	runtime	via Cool.wordcase -> Str.wordcase
Cool	wordcase	where	runtime	via Cool.wordcase -> Str.wordcase
CowardlyRefusing	batch	elems	runtime	declared
CowardlyRefusing	categorize	as	runtime	declared
CowardlyRefusing	categorize	into	runtime	declared
CowardlyRefusing	classify	as	runtime	declared
CowardlyRefusing	classify	into	runtime	declared
CowardlyRefusing	first	end	runtime	declared
CowardlyRefusing	flatmap	label	runtime	declared
CowardlyRefusing	map	deep	runtime	declared
CowardlyRefusing	map	duck	runtime	declared
CowardlyRefusing	map	flat	runtime	declared
CowardlyRefusing	map	item	runtime	declared
CowardlyRefusing	map	label	runtime	declared
CowardlyRefusing	map	node	runtime	declared
CowardlyRefusing	max	by	runtime	declared
CowardlyRefusing	max	k	runtime	declared
CowardlyRefusing	max	kv	runtime	declared
CowardlyRefusing	max	p	runtime	declared
CowardlyRefusing	max	v	runtime	declared
CowardlyRefusing	min	by	runtime	declared
CowardlyRefusing	min	k	runtime	declared
CowardlyRefusing	min	kv	runtime	declared
CowardlyRefusing	min	p	runtime	declared
CowardlyRefusing	min	v	runtime	declared
CowardlyRefusing	minmax	by	runtime	declared
CowardlyRefusing	repeated	as	runtime	declared
CowardlyRefusing	repeated	with	runtime	declared
CowardlyRefusing	rotor	partial	runtime	declared
CowardlyRefusing	squish	as	runtime	declared
CowardlyRefusing	squish	with	runtime	declared
CowardlyRefusing	toggle	off	runtime	declared
CowardlyRefusing	unique	as	runtime	declared
CowardlyRefusing	unique	with	runtime	declared
CrossIterables	batch	elems	runtime	declared
CrossIterables	categorize	as	runtime	declared
CrossIterables	categorize	into	runtime	declared
CrossIterables	classify	as	runtime	declared
CrossIterables	classify	into	runtime	declared
CrossIterables	first	end	runtime	declared
CrossIterables	flatmap	label	runtime	declared
CrossIterables	map	deep	runtime	declared
CrossIterables	map	duck	runtime	declared
CrossIterables	map	flat	runtime	declared
CrossIterables	map	item	runtime	declared
CrossIterables	map	label	runtime	declared
CrossIterables	map	node	runtime	declared
CrossIterables	max	by	runtime	declared
CrossIterables	max	k	runtime	declared
CrossIterables	max	kv	runtime	declared
CrossIterables	max	p	runtime	declared
CrossIterables	max	v	runtime	declared
CrossIterables	min	by	runtime	declared
CrossIterables	min	k	runtime	declared
CrossIterables	min	kv	runtime	declared
CrossIterables	min	p	runtime	declared
CrossIterables	min	v	runtime	declared
CrossIterables	minmax	by	runtime	declared
CrossIterables	repeated	as	runtime	declared
CrossIterables	repeated	with	runtime	declared
CrossIterables	rotor	partial	runtime	declared
CrossIterables	squish	as	runtime	declared
CrossIterables	squish	with	runtime	declared
CrossIterables	toggle	off	runtime	declared
CrossIterables	unique	as	runtime	declared
CrossIterables	unique	with	runtime	declared
CrossIterablesMap	batch	elems	runtime	declared
CrossIterablesMap	categorize	as	runtime	declared
CrossIterablesMap	categorize	into	runtime	declared
CrossIterablesMap	classify	as	runtime	declared
CrossIterablesMap	classify	into	runtime	declared
CrossIterablesMap	first	end	runtime	declared
CrossIterablesMap	flatmap	label	runtime	declared
CrossIterablesMap	map	deep	runtime	declared
CrossIterablesMap	map	duck	runtime	declared
CrossIterablesMap	map	flat	runtime	declared
CrossIterablesMap	map	item	runtime	declared
CrossIterablesMap	map	label	runtime	declared
CrossIterablesMap	map	node	runtime	declared
CrossIterablesMap	max	by	runtime	declared
CrossIterablesMap	max	k	runtime	declared
CrossIterablesMap	max	kv	runtime	declared
CrossIterablesMap	max	p	runtime	declared
CrossIterablesMap	max	v	runtime	declared
CrossIterablesMap	min	by	runtime	declared
CrossIterablesMap	min	k	runtime	declared
CrossIterablesMap	min	kv	runtime	declared
CrossIterablesMap	min	p	runtime	declared
CrossIterablesMap	min	v	runtime	declared
CrossIterablesMap	minmax	by	runtime	declared
CrossIterablesMap	repeated	as	runtime	declared
CrossIterablesMap	repeated	with	runtime	declared
CrossIterablesMap	rotor	partial	runtime	declared
CrossIterablesMap	squish	as	runtime	declared
CrossIterablesMap	squish	with	runtime	declared
CrossIterablesMap	toggle	off	runtime	declared
CrossIterablesMap	unique	as	runtime	declared
CrossIterablesMap	unique	with	runtime	declared
CtxDynThunk	batch	elems	runtime	declared
CtxDynThunk	categorize	as	runtime	declared
CtxDynThunk	categorize	into	runtime	declared
CtxDynThunk	classify	as	runtime	declared
CtxDynThunk	classify	into	runtime	declared
CtxDynThunk	first	end	runtime	declared
CtxDynThunk	flatmap	label	runtime	declared
CtxDynThunk	map	deep	runtime	declared
CtxDynThunk	map	duck	runtime	declared
CtxDynThunk	map	flat	runtime	declared
CtxDynThunk	map	item	runtime	declared
CtxDynThunk	map	label	runtime	declared
CtxDynThunk	map	node	runtime	declared
CtxDynThunk	max	by	runtime	declared
CtxDynThunk	max	k	runtime	declared
CtxDynThunk	max	kv	runtime	declared
CtxDynThunk	max	p	runtime	declared
CtxDynThunk	max	v	runtime	declared
CtxDynThunk	min	by	runtime	declared
CtxDynThunk	min	k	runtime	declared
CtxDynThunk	min	kv	runtime	declared
CtxDynThunk	min	p	runtime	declared
CtxDynThunk	min	v	runtime	declared
CtxDynThunk	minmax	by	runtime	declared
CtxDynThunk	repeated	as	runtime	declared
CtxDynThunk	repeated	with	runtime	declared
CtxDynThunk	rotor	partial	runtime	declared
CtxDynThunk	squish	as	runtime	declared
CtxDynThunk	squish	with	runtime	declared
CtxDynThunk	toggle	off	runtime	declared
CtxDynThunk	unique	as	runtime	declared
CtxDynThunk	unique	with	runtime	declared
CtxSymIterator	batch	elems	runtime	declared
CtxSymIterator	categorize	as	runtime	declared
CtxSymIterator	categorize	into	runtime	declared
CtxSymIterator	classify	as	runtime	declared
CtxSymIterator	classify	into	runtime	declared
CtxSymIterator	first	end	runtime	declared
CtxSymIterator	flatmap	label	runtime	declared
CtxSymIterator	map	deep	runtime	declared
CtxSymIterator	map	duck	runtime	declared
CtxSymIterator	map	flat	runtime	declared
CtxSymIterator	map	item	runtime	declared
CtxSymIterator	map	label	runtime	declared
CtxSymIterator	map	node	runtime	declared
CtxSymIterator	max	by	runtime	declared
CtxSymIterator	max	k	runtime	declared
CtxSymIterator	max	kv	runtime	declared
CtxSymIterator	max	p	runtime	declared
CtxSymIterator	max	v	runtime	declared
CtxSymIterator	min	by	runtime	declared
CtxSymIterator	min	k	runtime	declared
CtxSymIterator	min	kv	runtime	declared
CtxSymIterator	min	p	runtime	declared
CtxSymIterator	min	v	runtime	declared
CtxSymIterator	minmax	by	runtime	declared
CtxSymIterator	repeated	as	runtime	declared
CtxSymIterator	repeated	with	runtime	declared
CtxSymIterator	rotor	partial	runtime	declared
CtxSymIterator	squish	as	runtime	declared
CtxSymIterator	squish	with	runtime	declared
CtxSymIterator	toggle	off	runtime	declared
CtxSymIterator	unique	as	runtime	declared
CtxSymIterator	unique	with	runtime	declared
CtxSymIterator::KV	batch	elems	runtime	declared
CtxSymIterator::KV	categorize	as	runtime	declared
CtxSymIterator::KV	categorize	into	runtime	declared
CtxSymIterator::KV	classify	as	runtime	declared
CtxSymIterator::KV	classify	into	runtime	declared
CtxSymIterator::KV	first	end	runtime	declared
CtxSymIterator::KV	flatmap	label	runtime	declared
CtxSymIterator::KV	map	deep	runtime	declared
CtxSymIterator::KV	map	duck	runtime	declared
CtxSymIterator::KV	map	flat	runtime	declared
CtxSymIterator::KV	map	item	runtime	declared
CtxSymIterator::KV	map	label	runtime	declared
CtxSymIterator::KV	map	node	runtime	declared
CtxSymIterator::KV	max	by	runtime	declared
CtxSymIterator::KV	max	k	runtime	declared
CtxSymIterator::KV	max	kv	runtime	declared
CtxSymIterator::KV	max	p	runtime	declared
CtxSymIterator::KV	max	v	runtime	declared
CtxSymIterator::KV	min	by	runtime	declared
CtxSymIterator::KV	min	k	runtime	declared
CtxSymIterator::KV	min	kv	runtime	declared
CtxSymIterator::KV	min	p	runtime	declared
CtxSymIterator::KV	min	v	runtime	declared
CtxSymIterator::KV	minmax	by	runtime	declared
CtxSymIterator::KV	repeated	as	runtime	declared
CtxSymIterator::KV	repeated	with	runtime	declared
CtxSymIterator::KV	rotor	partial	runtime	declared
CtxSymIterator::KV	squish	as	runtime	declared
CtxSymIterator::KV	squish	with	runtime	declared
CtxSymIterator::KV	toggle	off	runtime	declared
CtxSymIterator::KV	unique	as	runtime	declared
CtxSymIterator::KV	unique	with	runtime	declared
CtxSymIterator::Keys	batch	elems	runtime	declared
CtxSymIterator::Keys	categorize	as	runtime	declared
CtxSymIterator::Keys	categorize	into	runtime	declared
CtxSymIterator::Keys	classify	as	runtime	declared
CtxSymIterator::Keys	classify	into	runtime	declared
CtxSymIterator::Keys	first	end	runtime	declared
CtxSymIterator::Keys	flatmap	label	runtime	declared
CtxSymIterator::Keys	map	deep	runtime	declared
CtxSymIterator::Keys	map	duck	runtime	declared
CtxSymIterator::Keys	map	flat	runtime	declared
CtxSymIterator::Keys	map	item	runtime	declared
CtxSymIterator::Keys	map	label	runtime	declared
CtxSymIterator::Keys	map	node	runtime	declared
CtxSymIterator::Keys	max	by	runtime	declared
CtxSymIterator::Keys	max	k	runtime	declared
CtxSymIterator::Keys	max	kv	runtime	declared
CtxSymIterator::Keys	max	p	runtime	declared
CtxSymIterator::Keys	max	v	runtime	declared
CtxSymIterator::Keys	min	by	runtime	declared
CtxSymIterator::Keys	min	k	runtime	declared
CtxSymIterator::Keys	min	kv	runtime	declared
CtxSymIterator::Keys	min	p	runtime	declared
CtxSymIterator::Keys	min	v	runtime	declared
CtxSymIterator::Keys	minmax	by	runtime	declared
CtxSymIterator::Keys	repeated	as	runtime	declared
CtxSymIterator::Keys	repeated	with	runtime	declared
CtxSymIterator::Keys	rotor	partial	runtime	declared
CtxSymIterator::Keys	squish	as	runtime	declared
CtxSymIterator::Keys	squish	with	runtime	declared
CtxSymIterator::Keys	toggle	off	runtime	declared
CtxSymIterator::Keys	unique	as	runtime	declared
CtxSymIterator::Keys	unique	with	runtime	declared
CtxSymIterator::Pairs	batch	elems	runtime	declared
CtxSymIterator::Pairs	categorize	as	runtime	declared
CtxSymIterator::Pairs	categorize	into	runtime	declared
CtxSymIterator::Pairs	classify	as	runtime	declared
CtxSymIterator::Pairs	classify	into	runtime	declared
CtxSymIterator::Pairs	first	end	runtime	declared
CtxSymIterator::Pairs	flatmap	label	runtime	declared
CtxSymIterator::Pairs	map	deep	runtime	declared
CtxSymIterator::Pairs	map	duck	runtime	declared
CtxSymIterator::Pairs	map	flat	runtime	declared
CtxSymIterator::Pairs	map	item	runtime	declared
CtxSymIterator::Pairs	map	label	runtime	declared
CtxSymIterator::Pairs	map	node	runtime	declared
CtxSymIterator::Pairs	max	by	runtime	declared
CtxSymIterator::Pairs	max	k	runtime	declared
CtxSymIterator::Pairs	max	kv	runtime	declared
CtxSymIterator::Pairs	max	p	runtime	declared
CtxSymIterator::Pairs	max	v	runtime	declared
CtxSymIterator::Pairs	min	by	runtime	declared
CtxSymIterator::Pairs	min	k	runtime	declared
CtxSymIterator::Pairs	min	kv	runtime	declared
CtxSymIterator::Pairs	min	p	runtime	declared
CtxSymIterator::Pairs	min	v	runtime	declared
CtxSymIterator::Pairs	minmax	by	runtime	declared
CtxSymIterator::Pairs	repeated	as	runtime	declared
CtxSymIterator::Pairs	repeated	with	runtime	declared
CtxSymIterator::Pairs	rotor	partial	runtime	declared
CtxSymIterator::Pairs	squish	as	runtime	declared
CtxSymIterator::Pairs	squish	with	runtime	declared
CtxSymIterator::Pairs	toggle	off	runtime	declared
CtxSymIterator::Pairs	unique	as	runtime	declared
CtxSymIterator::Pairs	unique	with	runtime	declared
CtxSymIterator::Values	batch	elems	runtime	declared
CtxSymIterator::Values	categorize	as	runtime	declared
CtxSymIterator::Values	categorize	into	runtime	declared
CtxSymIterator::Values	classify	as	runtime	declared
CtxSymIterator::Values	classify	into	runtime	declared
CtxSymIterator::Values	first	end	runtime	declared
CtxSymIterator::Values	flatmap	label	runtime	declared
CtxSymIterator::Values	map	deep	runtime	declared
CtxSymIterator::Values	map	duck	runtime	declared
CtxSymIterator::Values	map	flat	runtime	declared
CtxSymIterator::Values	map	item	runtime	declared
CtxSymIterator::Values	map	label	runtime	declared
CtxSymIterator::Values	map	node	runtime	declared
CtxSymIterator::Values	max	by	runtime	declared
CtxSymIterator::Values	max	k	runtime	declared
CtxSymIterator::Values	max	kv	runtime	declared
CtxSymIterator::Values	max	p	runtime	declared
CtxSymIterator::Values	max	v	runtime	declared
CtxSymIterator::Values	min	by	runtime	declared
CtxSymIterator::Values	min	k	runtime	declared
CtxSymIterator::Values	min	kv	runtime	declared
CtxSymIterator::Values	min	p	runtime	declared
CtxSymIterator::Values	min	v	runtime	declared
CtxSymIterator::Values	minmax	by	runtime	declared
CtxSymIterator::Values	repeated	as	runtime	declared
CtxSymIterator::Values	repeated	with	runtime	declared
CtxSymIterator::Values	rotor	partial	runtime	declared
CtxSymIterator::Values	squish	as	runtime	declared
CtxSymIterator::Values	squish	with	runtime	declared
CtxSymIterator::Values	toggle	off	runtime	declared
CtxSymIterator::Values	unique	as	runtime	declared
CtxSymIterator::Values	unique	with	runtime	declared
CtxWalker	batch	elems	runtime	declared
CtxWalker	categorize	as	runtime	declared
CtxWalker	categorize	into	runtime	declared
CtxWalker	classify	as	runtime	declared
CtxWalker	classify	into	runtime	declared
CtxWalker	first	end	runtime	declared
CtxWalker	flatmap	label	runtime	declared
CtxWalker	map	deep	runtime	declared
CtxWalker	map	duck	runtime	declared
CtxWalker	map	flat	runtime	declared
CtxWalker	map	item	runtime	declared
CtxWalker	map	label	runtime	declared
CtxWalker	map	node	runtime	declared
CtxWalker	max	by	runtime	declared
CtxWalker	max	k	runtime	declared
CtxWalker	max	kv	runtime	declared
CtxWalker	max	p	runtime	declared
CtxWalker	max	v	runtime	declared
CtxWalker	min	by	runtime	declared
CtxWalker	min	k	runtime	declared
CtxWalker	min	kv	runtime	declared
CtxWalker	min	p	runtime	declared
CtxWalker	min	v	runtime	declared
CtxWalker	minmax	by	runtime	declared
CtxWalker	repeated	as	runtime	declared
CtxWalker	repeated	with	runtime	declared
CtxWalker	rotor	partial	runtime	declared
CtxWalker	squish	as	runtime	declared
CtxWalker	squish	with	runtime	declared
CtxWalker	toggle	off	runtime	declared
CtxWalker	unique	as	runtime	declared
CtxWalker	unique	with	runtime	declared
CurrentThreadScheduler	cue	at	runtime	declared
CurrentThreadScheduler	cue	catch	runtime	declared
CurrentThreadScheduler	cue	every	runtime	declared
CurrentThreadScheduler	cue	in	runtime	declared
CurrentThreadScheduler	cue	times	runtime	declared
DWIM	batch	elems	runtime	declared
DWIM	categorize	as	runtime	declared
DWIM	categorize	into	runtime	declared
DWIM	classify	as	runtime	declared
DWIM	classify	into	runtime	declared
DWIM	first	end	runtime	declared
DWIM	flatmap	label	runtime	declared
DWIM	map	deep	runtime	declared
DWIM	map	duck	runtime	declared
DWIM	map	flat	runtime	declared
DWIM	map	item	runtime	declared
DWIM	map	label	runtime	declared
DWIM	map	node	runtime	declared
DWIM	max	by	runtime	declared
DWIM	max	k	runtime	declared
DWIM	max	kv	runtime	declared
DWIM	max	p	runtime	declared
DWIM	max	v	runtime	declared
DWIM	min	by	runtime	declared
DWIM	min	k	runtime	declared
DWIM	min	kv	runtime	declared
DWIM	min	p	runtime	declared
DWIM	min	v	runtime	declared
DWIM	minmax	by	runtime	declared
DWIM	repeated	as	runtime	declared
DWIM	repeated	with	runtime	declared
DWIM	rotor	partial	runtime	declared
DWIM	squish	as	runtime	declared
DWIM	squish	with	runtime	declared
DWIM	toggle	off	runtime	declared
DWIM	unique	as	runtime	declared
DWIM	unique	with	runtime	declared
Datagram	batch	elems	runtime	declared
Datagram	categorize	as	runtime	declared
Datagram	categorize	into	runtime	declared
Datagram	classify	as	runtime	declared
Datagram	classify	into	runtime	declared
Datagram	first	end	runtime	declared
Datagram	flatmap	label	runtime	declared
Datagram	map	deep	runtime	declared
Datagram	map	duck	runtime	declared
Datagram	map	flat	runtime	declared
Datagram	map	item	runtime	declared
Datagram	map	label	runtime	declared
Datagram	map	node	runtime	declared
Datagram	max	by	runtime	declared
Datagram	max	k	runtime	declared
Datagram	max	kv	runtime	declared
Datagram	max	p	runtime	declared
Datagram	max	v	runtime	declared
Datagram	min	by	runtime	declared
Datagram	min	k	runtime	declared
Datagram	min	kv	runtime	declared
Datagram	min	p	runtime	declared
Datagram	min	v	runtime	declared
Datagram	minmax	by	runtime	declared
Datagram	repeated	as	runtime	declared
Datagram	repeated	with	runtime	declared
Datagram	rotor	partial	runtime	declared
Datagram	squish	as	runtime	declared
Datagram	squish	with	runtime	declared
Datagram	toggle	off	runtime	declared
Datagram	unique	as	runtime	declared
Datagram	unique	with	runtime	declared
Date	new	day	runtime	declared
Date	new	month	runtime	declared
Date	new	year	runtime	declared
DateTime	new	date	runtime	declared
DateTime	new	day	runtime	declared
DateTime	new	formatter	runtime	declared
DateTime	new	hour	runtime	declared
DateTime	new	minute	runtime	declared
DateTime	new	month	runtime	declared
DateTime	new	second	runtime	declared
DateTime	new	timezone	runtime	declared
DateTime	new	year	runtime	declared
DateTime	now	formatter	runtime	declared
DateTime	now	timezone	runtime	declared
DateTime	posix	real	runtime	declared
Delayed	batch	elems	runtime	declared
Delayed	categorize	as	runtime	declared
Delayed	categorize	into	runtime	declared
Delayed	classify	as	runtime	declared
Delayed	classify	into	runtime	declared
Delayed	first	end	runtime	declared
Delayed	flatmap	label	runtime	declared
Delayed	map	deep	runtime	declared
Delayed	map	duck	runtime	declared
Delayed	map	flat	runtime	declared
Delayed	map	item	runtime	declared
Delayed	map	label	runtime	declared
Delayed	map	node	runtime	declared
Delayed	max	by	runtime	declared
Delayed	max	k	runtime	declared
Delayed	max	kv	runtime	declared
Delayed	max	p	runtime	declared
Delayed	max	v	runtime	declared
Delayed	min	by	runtime	declared
Delayed	min	k	runtime	declared
Delayed	min	kv	runtime	declared
Delayed	min	p	runtime	declared
Delayed	min	v	runtime	declared
Delayed	minmax	by	runtime	declared
Delayed	repeated	as	runtime	declared
Delayed	repeated	with	runtime	declared
Delayed	rotor	partial	runtime	declared
Delayed	squish	as	runtime	declared
Delayed	squish	with	runtime	declared
Delayed	toggle	off	runtime	declared
Delayed	unique	as	runtime	declared
Delayed	unique	with	runtime	declared
Dir	batch	elems	runtime	declared
Dir	categorize	as	runtime	declared
Dir	categorize	into	runtime	declared
Dir	classify	as	runtime	declared
Dir	classify	into	runtime	declared
Dir	first	end	runtime	declared
Dir	flatmap	label	runtime	declared
Dir	map	deep	runtime	declared
Dir	map	duck	runtime	declared
Dir	map	flat	runtime	declared
Dir	map	item	runtime	declared
Dir	map	label	runtime	declared
Dir	map	node	runtime	declared
Dir	max	by	runtime	declared
Dir	max	k	runtime	declared
Dir	max	kv	runtime	declared
Dir	max	p	runtime	declared
Dir	max	v	runtime	declared
Dir	min	by	runtime	declared
Dir	min	k	runtime	declared
Dir	min	kv	runtime	declared
Dir	min	p	runtime	declared
Dir	min	v	runtime	declared
Dir	minmax	by	runtime	declared
Dir	repeated	as	runtime	declared
Dir	repeated	with	runtime	declared
Dir	rotor	partial	runtime	declared
Dir	squish	as	runtime	declared
Dir	squish	with	runtime	declared
Dir	toggle	off	runtime	declared
Dir	unique	as	runtime	declared
Dir	unique	with	runtime	declared
DirRecurse	batch	elems	runtime	declared
DirRecurse	categorize	as	runtime	declared
DirRecurse	categorize	into	runtime	declared
DirRecurse	classify	as	runtime	declared
DirRecurse	classify	into	runtime	declared
DirRecurse	first	end	runtime	declared
DirRecurse	flatmap	label	runtime	declared
DirRecurse	map	deep	runtime	declared
DirRecurse	map	duck	runtime	declared
DirRecurse	map	flat	runtime	declared
DirRecurse	map	item	runtime	declared
DirRecurse	map	label	runtime	declared
DirRecurse	map	node	runtime	declared
DirRecurse	max	by	runtime	declared
DirRecurse	max	k	runtime	declared
DirRecurse	max	kv	runtime	declared
DirRecurse	max	p	runtime	declared
DirRecurse	max	v	runtime	declared
DirRecurse	min	by	runtime	declared
DirRecurse	min	k	runtime	declared
DirRecurse	min	kv	runtime	declared
DirRecurse	min	p	runtime	declared
DirRecurse	min	v	runtime	declared
DirRecurse	minmax	by	runtime	declared
DirRecurse	repeated	as	runtime	declared
DirRecurse	repeated	with	runtime	declared
DirRecurse	rotor	partial	runtime	declared
DirRecurse	squish	as	runtime	declared
DirRecurse	squish	with	runtime	declared
DirRecurse	toggle	off	runtime	declared
DirRecurse	unique	as	runtime	declared
DirRecurse	unique	with	runtime	declared
DirTest	batch	elems	runtime	declared
DirTest	categorize	as	runtime	declared
DirTest	categorize	into	runtime	declared
DirTest	classify	as	runtime	declared
DirTest	classify	into	runtime	declared
DirTest	first	end	runtime	declared
DirTest	flatmap	label	runtime	declared
DirTest	map	deep	runtime	declared
DirTest	map	duck	runtime	declared
DirTest	map	flat	runtime	declared
DirTest	map	item	runtime	declared
DirTest	map	label	runtime	declared
DirTest	map	node	runtime	declared
DirTest	max	by	runtime	declared
DirTest	max	k	runtime	declared
DirTest	max	kv	runtime	declared
DirTest	max	p	runtime	declared
DirTest	max	v	runtime	declared
DirTest	min	by	runtime	declared
DirTest	min	k	runtime	declared
DirTest	min	kv	runtime	declared
DirTest	min	p	runtime	declared
DirTest	min	v	runtime	declared
DirTest	minmax	by	runtime	declared
DirTest	repeated	as	runtime	declared
DirTest	repeated	with	runtime	declared
DirTest	rotor	partial	runtime	declared
DirTest	squish	as	runtime	declared
DirTest	squish	with	runtime	declared
DirTest	toggle	off	runtime	declared
DirTest	unique	as	runtime	declared
DirTest	unique	with	runtime	declared
Distribution::Hash	new	prefix	runtime	declared
Distribution::Path	new	meta-file	runtime	declared
Distribution::Resource	comb	chomp	runtime	via Distribution::Resource.comb -> IO::Path.comb
Distribution::Resource	comb	close	runtime	via Distribution::Resource.comb -> IO::Path.comb -> IO::Handle.comb
Distribution::Resource	comb	enc	runtime	via Distribution::Resource.comb -> IO::Path.comb
Distribution::Resource	comb	match	runtime	via Distribution::Resource.comb -> IO::Path.comb -> IO::Handle.comb -> Str.comb
Distribution::Resource	comb	nl-in	runtime	via Distribution::Resource.comb -> IO::Path.comb
Distribution::Resource	copy	createonly	runtime	via Distribution::Resource.copy -> IO::Path.copy
Distribution::Resource	extension	joiner	runtime	via Distribution::Resource.extension -> IO::Path.extension
Distribution::Resource	extension	parts	runtime	via Distribution::Resource.extension -> IO::Path.extension
Distribution::Resource	lines	chomp	runtime	via Distribution::Resource.lines -> IO::Path.lines
Distribution::Resource	lines	close	runtime	via Distribution::Resource.lines -> IO::Path.lines -> IO::Handle.lines
Distribution::Resource	lines	enc	runtime	via Distribution::Resource.lines -> IO::Path.lines
Distribution::Resource	lines	nl-in	runtime	via Distribution::Resource.lines -> IO::Path.lines
Distribution::Resource	open	a	runtime	via Distribution::Resource.open -> IO::Path.open -> IO::Handle.open
Distribution::Resource	open	append	runtime	via Distribution::Resource.open -> IO::Path.open -> IO::Handle.open
Distribution::Resource	open	bin	runtime	via Distribution::Resource.open -> IO::Path.open -> IO::Handle.open
Distribution::Resource	open	chomp	runtime	via Distribution::Resource.open -> IO::Path.open -> IO::Handle.open
Distribution::Resource	open	create	runtime	via Distribution::Resource.open -> IO::Path.open -> IO::Handle.open
Distribution::Resource	open	enc	runtime	via Distribution::Resource.open -> IO::Path.open -> IO::Handle.open
Distribution::Resource	open	exclusive	runtime	via Distribution::Resource.open -> IO::Path.open -> IO::Handle.open
Distribution::Resource	open	mode	runtime	via Distribution::Resource.open -> IO::Path.open -> IO::Handle.open
Distribution::Resource	open	nl-in	runtime	via Distribution::Resource.open -> IO::Path.open -> IO::Handle.open
Distribution::Resource	open	nl-out	runtime	via Distribution::Resource.open -> IO::Path.open -> IO::Handle.open
Distribution::Resource	open	out-buffer	runtime	via Distribution::Resource.open -> IO::Path.open -> IO::Handle.open
Distribution::Resource	open	r	runtime	via Distribution::Resource.open -> IO::Path.open -> IO::Handle.open
Distribution::Resource	open	ra	runtime	via Distribution::Resource.open -> IO::Path.open -> IO::Handle.open
Distribution::Resource	open	rw	runtime	via Distribution::Resource.open -> IO::Path.open -> IO::Handle.open
Distribution::Resource	open	rx	runtime	via Distribution::Resource.open -> IO::Path.open -> IO::Handle.open
Distribution::Resource	open	truncate	runtime	via Distribution::Resource.open -> IO::Path.open -> IO::Handle.open
Distribution::Resource	open	update	runtime	via Distribution::Resource.open -> IO::Path.open -> IO::Handle.open
Distribution::Resource	open	w	runtime	via Distribution::Resource.open -> IO::Path.open -> IO::Handle.open
Distribution::Resource	open	x	runtime	via Distribution::Resource.open -> IO::Path.open -> IO::Handle.open
Distribution::Resource	resolve	completely	runtime	via Distribution::Resource.resolve -> IO::Path.resolve
Distribution::Resource	slurp	bin	runtime	via Distribution::Resource.slurp -> IO::Path.slurp
Distribution::Resource	slurp	enc	runtime	via Distribution::Resource.slurp -> IO::Path.slurp
Distribution::Resource	split	chomp	runtime	via Distribution::Resource.split -> IO::Path.split
Distribution::Resource	split	close	runtime	via Distribution::Resource.split -> IO::Path.split -> IO::Handle.split
Distribution::Resource	split	enc	runtime	via Distribution::Resource.split -> IO::Path.split
Distribution::Resource	split	k	runtime	via Distribution::Resource.split -> IO::Path.split -> IO::Handle.split -> Str.split
Distribution::Resource	split	kv	runtime	via Distribution::Resource.split -> IO::Path.split -> IO::Handle.split -> Str.split
Distribution::Resource	split	nl-in	runtime	via Distribution::Resource.split -> IO::Path.split
Distribution::Resource	split	p	runtime	via Distribution::Resource.split -> IO::Path.split -> IO::Handle.split -> Str.split
Distribution::Resource	split	skip-empty	runtime	via Distribution::Resource.split -> IO::Path.split -> IO::Handle.split -> Str.split
Distribution::Resource	split	v	runtime	via Distribution::Resource.split -> IO::Path.split -> IO::Handle.split -> Str.split
Distribution::Resource	words	chomp	runtime	via Distribution::Resource.words -> IO::Path.words
Distribution::Resource	words	close	runtime	via Distribution::Resource.words -> IO::Path.words -> IO::Handle.words
Distribution::Resource	words	enc	runtime	via Distribution::Resource.words -> IO::Path.words
Distribution::Resource	words	nl-in	runtime	via Distribution::Resource.words -> IO::Path.words
Distribution::Resources	BUILD	dist-id	runtime	declared
Distribution::Resources	BUILD	repo	runtime	declared
Distribution::Resources	BUILD	repo-name	runtime	declared
Dummy	batch	elems	runtime	declared
Dummy	categorize	as	runtime	declared
Dummy	categorize	into	runtime	declared
Dummy	classify	as	runtime	declared
Dummy	classify	into	runtime	declared
Dummy	first	end	runtime	declared
Dummy	flatmap	label	runtime	declared
Dummy	map	deep	runtime	declared
Dummy	map	duck	runtime	declared
Dummy	map	flat	runtime	declared
Dummy	map	item	runtime	declared
Dummy	map	label	runtime	declared
Dummy	map	node	runtime	declared
Dummy	max	by	runtime	declared
Dummy	max	k	runtime	declared
Dummy	max	kv	runtime	declared
Dummy	max	p	runtime	declared
Dummy	max	v	runtime	declared
Dummy	min	by	runtime	declared
Dummy	min	k	runtime	declared
Dummy	min	kv	runtime	declared
Dummy	min	p	runtime	declared
Dummy	min	v	runtime	declared
Dummy	minmax	by	runtime	declared
Dummy	repeated	as	runtime	declared
Dummy	repeated	with	runtime	declared
Dummy	rotor	partial	runtime	declared
Dummy	squish	as	runtime	declared
Dummy	squish	with	runtime	declared
Dummy	toggle	off	runtime	declared
Dummy	unique	as	runtime	declared
Dummy	unique	with	runtime	declared
Duration	DUMP	ctx	runtime	declared
Duration	DUMP	indent-step	runtime	declared
Empty	batch	elems	runtime	declared
Empty	first	end	runtime	declared
Empty	map	deep	runtime	declared
Empty	map	duck	runtime	declared
Empty	map	flat	runtime	declared
Empty	map	item	runtime	declared
Empty	map	label	runtime	declared
Empty	map	node	runtime	declared
Empty	repeated	as	runtime	declared
Empty	repeated	with	runtime	declared
Empty	rotor	partial	runtime	declared
Empty	sort	k	runtime	declared
Empty	squish	as	runtime	declared
Empty	squish	with	runtime	declared
Empty	toggle	off	runtime	declared
Empty	unique	as	runtime	declared
Empty	unique	with	runtime	declared
Encoding::Builtin	decoder	replacement	runtime	declared
Encoding::Builtin	decoder	strict	runtime	declared
Encoding::Builtin	decoder	translate-nl	runtime	declared
Encoding::Builtin	encoder	replacement	runtime	declared
Encoding::Builtin	encoder	strict	runtime	declared
Encoding::Builtin	encoder	translate-nl	runtime	declared
Encoding::Decoder	consume-exactly-chars	eof	runtime	declared
Encoding::Decoder	consume-line-chars	chomp	runtime	declared
Encoding::Decoder	consume-line-chars	eof	runtime	declared
Encoding::Decoder::Builtin	consume-exactly-chars	eof	runtime	declared
Encoding::Decoder::Builtin	consume-line-chars	chomp	runtime	declared
Encoding::Decoder::Builtin	consume-line-chars	eof	runtime	declared
Encoding::Decoder::Builtin	new	replacement	runtime	declared
Encoding::Decoder::Builtin	new	strict	runtime	declared
Encoding::Decoder::Builtin	new	translate-nl	runtime	declared
Encoding::Encoder::Builtin	new	replacement	runtime	declared
Encoding::Encoder::Builtin	new	strict	runtime	declared
Failure	batch	elems	runtime	declared
Failure	categorize	as	runtime	declared
Failure	categorize	into	runtime	declared
Failure	classify	as	runtime	declared
Failure	classify	into	runtime	declared
Failure	first	end	runtime	declared
Failure	flatmap	label	runtime	declared
Failure	map	deep	runtime	declared
Failure	map	duck	runtime	declared
Failure	map	flat	runtime	declared
Failure	map	item	runtime	declared
Failure	map	label	runtime	declared
Failure	map	node	runtime	declared
Failure	max	by	runtime	declared
Failure	max	k	runtime	declared
Failure	max	kv	runtime	declared
Failure	max	p	runtime	declared
Failure	max	v	runtime	declared
Failure	min	by	runtime	declared
Failure	min	k	runtime	declared
Failure	min	kv	runtime	declared
Failure	min	p	runtime	declared
Failure	min	v	runtime	declared
Failure	minmax	by	runtime	declared
Failure	repeated	as	runtime	declared
Failure	repeated	with	runtime	declared
Failure	rotor	partial	runtime	declared
Failure	squish	as	runtime	declared
Failure	squish	with	runtime	declared
Failure	toggle	off	runtime	declared
Failure	unique	as	runtime	declared
Failure	unique	with	runtime	declared
FakeSignature	batch	elems	runtime	declared
FakeSignature	categorize	as	runtime	declared
FakeSignature	categorize	into	runtime	declared
FakeSignature	classify	as	runtime	declared
FakeSignature	classify	into	runtime	declared
FakeSignature	first	end	runtime	declared
FakeSignature	flatmap	label	runtime	declared
FakeSignature	map	deep	runtime	declared
FakeSignature	map	duck	runtime	declared
FakeSignature	map	flat	runtime	declared
FakeSignature	map	item	runtime	declared
FakeSignature	map	label	runtime	declared
FakeSignature	map	node	runtime	declared
FakeSignature	max	by	runtime	declared
FakeSignature	max	k	runtime	declared
FakeSignature	max	kv	runtime	declared
FakeSignature	max	p	runtime	declared
FakeSignature	max	v	runtime	declared
FakeSignature	min	by	runtime	declared
FakeSignature	min	k	runtime	declared
FakeSignature	min	kv	runtime	declared
FakeSignature	min	p	runtime	declared
FakeSignature	min	v	runtime	declared
FakeSignature	minmax	by	runtime	declared
FakeSignature	repeated	as	runtime	declared
FakeSignature	repeated	with	runtime	declared
FakeSignature	rotor	partial	runtime	declared
FakeSignature	squish	as	runtime	declared
FakeSignature	squish	with	runtime	declared
FakeSignature	toggle	off	runtime	declared
FakeSignature	unique	as	runtime	declared
FakeSignature	unique	with	runtime	declared
FallbackBehavior	batch	elems	runtime	declared
FallbackBehavior	categorize	as	runtime	declared
FallbackBehavior	categorize	into	runtime	declared
FallbackBehavior	classify	as	runtime	declared
FallbackBehavior	classify	into	runtime	declared
FallbackBehavior	first	end	runtime	declared
FallbackBehavior	flatmap	label	runtime	declared
FallbackBehavior	map	deep	runtime	declared
FallbackBehavior	map	duck	runtime	declared
FallbackBehavior	map	flat	runtime	declared
FallbackBehavior	map	item	runtime	declared
FallbackBehavior	map	label	runtime	declared
FallbackBehavior	map	node	runtime	declared
FallbackBehavior	max	by	runtime	declared
FallbackBehavior	max	k	runtime	declared
FallbackBehavior	max	kv	runtime	declared
FallbackBehavior	max	p	runtime	declared
FallbackBehavior	max	v	runtime	declared
FallbackBehavior	min	by	runtime	declared
FallbackBehavior	min	k	runtime	declared
FallbackBehavior	min	kv	runtime	declared
FallbackBehavior	min	p	runtime	declared
FallbackBehavior	min	v	runtime	declared
FallbackBehavior	minmax	by	runtime	declared
FallbackBehavior	repeated	as	runtime	declared
FallbackBehavior	repeated	with	runtime	declared
FallbackBehavior	rotor	partial	runtime	declared
FallbackBehavior	squish	as	runtime	declared
FallbackBehavior	squish	with	runtime	declared
FallbackBehavior	toggle	off	runtime	declared
FallbackBehavior	unique	as	runtime	declared
FallbackBehavior	unique	with	runtime	declared
FatRat	DUMP	ctx	runtime	declared
FatRat	DUMP	indent-step	runtime	declared
FatRat	base	no-trailing-zeroes	runtime	declared
FileWatchCancellation	batch	elems	runtime	declared
FileWatchCancellation	categorize	as	runtime	declared
FileWatchCancellation	categorize	into	runtime	declared
FileWatchCancellation	classify	as	runtime	declared
FileWatchCancellation	classify	into	runtime	declared
FileWatchCancellation	first	end	runtime	declared
FileWatchCancellation	flatmap	label	runtime	declared
FileWatchCancellation	map	deep	runtime	declared
FileWatchCancellation	map	duck	runtime	declared
FileWatchCancellation	map	flat	runtime	declared
FileWatchCancellation	map	item	runtime	declared
FileWatchCancellation	map	label	runtime	declared
FileWatchCancellation	map	node	runtime	declared
FileWatchCancellation	max	by	runtime	declared
FileWatchCancellation	max	k	runtime	declared
FileWatchCancellation	max	kv	runtime	declared
FileWatchCancellation	max	p	runtime	declared
FileWatchCancellation	max	v	runtime	declared
FileWatchCancellation	min	by	runtime	declared
FileWatchCancellation	min	k	runtime	declared
FileWatchCancellation	min	kv	runtime	declared
FileWatchCancellation	min	p	runtime	declared
FileWatchCancellation	min	v	runtime	declared
FileWatchCancellation	minmax	by	runtime	declared
FileWatchCancellation	repeated	as	runtime	declared
FileWatchCancellation	repeated	with	runtime	declared
FileWatchCancellation	rotor	partial	runtime	declared
FileWatchCancellation	squish	as	runtime	declared
FileWatchCancellation	squish	with	runtime	declared
FileWatchCancellation	toggle	off	runtime	declared
FileWatchCancellation	unique	as	runtime	declared
FileWatchCancellation	unique	with	runtime	declared
FirstNThenSinkAllCallable	batch	elems	runtime	declared
FirstNThenSinkAllCallable	categorize	as	runtime	declared
FirstNThenSinkAllCallable	categorize	into	runtime	declared
FirstNThenSinkAllCallable	classify	as	runtime	declared
FirstNThenSinkAllCallable	classify	into	runtime	declared
FirstNThenSinkAllCallable	first	end	runtime	declared
FirstNThenSinkAllCallable	flatmap	label	runtime	declared
FirstNThenSinkAllCallable	map	deep	runtime	declared
FirstNThenSinkAllCallable	map	duck	runtime	declared
FirstNThenSinkAllCallable	map	flat	runtime	declared
FirstNThenSinkAllCallable	map	item	runtime	declared
FirstNThenSinkAllCallable	map	label	runtime	declared
FirstNThenSinkAllCallable	map	node	runtime	declared
FirstNThenSinkAllCallable	max	by	runtime	declared
FirstNThenSinkAllCallable	max	k	runtime	declared
FirstNThenSinkAllCallable	max	kv	runtime	declared
FirstNThenSinkAllCallable	max	p	runtime	declared
FirstNThenSinkAllCallable	max	v	runtime	declared
FirstNThenSinkAllCallable	min	by	runtime	declared
FirstNThenSinkAllCallable	min	k	runtime	declared
FirstNThenSinkAllCallable	min	kv	runtime	declared
FirstNThenSinkAllCallable	min	p	runtime	declared
FirstNThenSinkAllCallable	min	v	runtime	declared
FirstNThenSinkAllCallable	minmax	by	runtime	declared
FirstNThenSinkAllCallable	repeated	as	runtime	declared
FirstNThenSinkAllCallable	repeated	with	runtime	declared
FirstNThenSinkAllCallable	rotor	partial	runtime	declared
FirstNThenSinkAllCallable	squish	as	runtime	declared
FirstNThenSinkAllCallable	squish	with	runtime	declared
FirstNThenSinkAllCallable	toggle	off	runtime	declared
FirstNThenSinkAllCallable	unique	as	runtime	declared
FirstNThenSinkAllCallable	unique	with	runtime	declared
FirstNThenSinkAllN	batch	elems	runtime	declared
FirstNThenSinkAllN	categorize	as	runtime	declared
FirstNThenSinkAllN	categorize	into	runtime	declared
FirstNThenSinkAllN	classify	as	runtime	declared
FirstNThenSinkAllN	classify	into	runtime	declared
FirstNThenSinkAllN	first	end	runtime	declared
FirstNThenSinkAllN	flatmap	label	runtime	declared
FirstNThenSinkAllN	map	deep	runtime	declared
FirstNThenSinkAllN	map	duck	runtime	declared
FirstNThenSinkAllN	map	flat	runtime	declared
FirstNThenSinkAllN	map	item	runtime	declared
FirstNThenSinkAllN	map	label	runtime	declared
FirstNThenSinkAllN	map	node	runtime	declared
FirstNThenSinkAllN	max	by	runtime	declared
FirstNThenSinkAllN	max	k	runtime	declared
FirstNThenSinkAllN	max	kv	runtime	declared
FirstNThenSinkAllN	max	p	runtime	declared
FirstNThenSinkAllN	max	v	runtime	declared
FirstNThenSinkAllN	min	by	runtime	declared
FirstNThenSinkAllN	min	k	runtime	declared
FirstNThenSinkAllN	min	kv	runtime	declared
FirstNThenSinkAllN	min	p	runtime	declared
FirstNThenSinkAllN	min	v	runtime	declared
FirstNThenSinkAllN	minmax	by	runtime	declared
FirstNThenSinkAllN	repeated	as	runtime	declared
FirstNThenSinkAllN	repeated	with	runtime	declared
FirstNThenSinkAllN	rotor	partial	runtime	declared
FirstNThenSinkAllN	squish	as	runtime	declared
FirstNThenSinkAllN	squish	with	runtime	declared
FirstNThenSinkAllN	toggle	off	runtime	declared
FirstNThenSinkAllN	unique	as	runtime	declared
FirstNThenSinkAllN	unique	with	runtime	declared
Flat	batch	elems	runtime	declared
Flat	categorize	as	runtime	declared
Flat	categorize	into	runtime	declared
Flat	classify	as	runtime	declared
Flat	classify	into	runtime	declared
Flat	first	end	runtime	declared
Flat	flatmap	label	runtime	declared
Flat	map	deep	runtime	declared
Flat	map	duck	runtime	declared
Flat	map	flat	runtime	declared
Flat	map	item	runtime	declared
Flat	map	label	runtime	declared
Flat	map	node	runtime	declared
Flat	max	by	runtime	declared
Flat	max	k	runtime	declared
Flat	max	kv	runtime	declared
Flat	max	p	runtime	declared
Flat	max	v	runtime	declared
Flat	min	by	runtime	declared
Flat	min	k	runtime	declared
Flat	min	kv	runtime	declared
Flat	min	p	runtime	declared
Flat	min	v	runtime	declared
Flat	minmax	by	runtime	declared
Flat	repeated	as	runtime	declared
Flat	repeated	with	runtime	declared
Flat	rotor	partial	runtime	declared
Flat	squish	as	runtime	declared
Flat	squish	with	runtime	declared
Flat	toggle	off	runtime	declared
Flat	unique	as	runtime	declared
Flat	unique	with	runtime	declared
Format	batch	elems	runtime	declared
Format	categorize	as	runtime	declared
Format	categorize	into	runtime	declared
Format	classify	as	runtime	declared
Format	classify	into	runtime	declared
Format	first	end	runtime	declared
Format	flatmap	label	runtime	declared
Format	map	deep	runtime	declared
Format	map	duck	runtime	declared
Format	map	flat	runtime	declared
Format	map	item	runtime	declared
Format	map	label	runtime	declared
Format	map	node	runtime	declared
Format	max	by	runtime	declared
Format	max	k	runtime	declared
Format	max	kv	runtime	declared
Format	max	p	runtime	declared
Format	max	v	runtime	declared
Format	min	by	runtime	declared
Format	min	k	runtime	declared
Format	min	kv	runtime	declared
Format	min	p	runtime	declared
Format	min	v	runtime	declared
Format	minmax	by	runtime	declared
Format	repeated	as	runtime	declared
Format	repeated	with	runtime	declared
Format	rotor	partial	runtime	declared
Format	squish	as	runtime	declared
Format	squish	with	runtime	declared
Format	toggle	off	runtime	declared
Format	unique	as	runtime	declared
Format	unique	with	runtime	declared
FromIndexes	batch	elems	runtime	declared
FromIndexes	categorize	as	runtime	declared
FromIndexes	categorize	into	runtime	declared
FromIndexes	classify	as	runtime	declared
FromIndexes	classify	into	runtime	declared
FromIndexes	first	end	runtime	declared
FromIndexes	flatmap	label	runtime	declared
FromIndexes	map	deep	runtime	declared
FromIndexes	map	duck	runtime	declared
FromIndexes	map	flat	runtime	declared
FromIndexes	map	item	runtime	declared
FromIndexes	map	label	runtime	declared
FromIndexes	map	node	runtime	declared
FromIndexes	max	by	runtime	declared
FromIndexes	max	k	runtime	declared
FromIndexes	max	kv	runtime	declared
FromIndexes	max	p	runtime	declared
FromIndexes	max	v	runtime	declared
FromIndexes	min	by	runtime	declared
FromIndexes	min	k	runtime	declared
FromIndexes	min	kv	runtime	declared
FromIndexes	min	p	runtime	declared
FromIndexes	min	v	runtime	declared
FromIndexes	minmax	by	runtime	declared
FromIndexes	repeated	as	runtime	declared
FromIndexes	repeated	with	runtime	declared
FromIndexes	rotor	partial	runtime	declared
FromIndexes	squish	as	runtime	declared
FromIndexes	squish	with	runtime	declared
FromIndexes	toggle	off	runtime	declared
FromIndexes	unique	as	runtime	declared
FromIndexes	unique	with	runtime	declared
Gather	batch	elems	runtime	declared
Gather	categorize	as	runtime	declared
Gather	categorize	into	runtime	declared
Gather	classify	as	runtime	declared
Gather	classify	into	runtime	declared
Gather	first	end	runtime	declared
Gather	flatmap	label	runtime	declared
Gather	map	deep	runtime	declared
Gather	map	duck	runtime	declared
Gather	map	flat	runtime	declared
Gather	map	item	runtime	declared
Gather	map	label	runtime	declared
Gather	map	node	runtime	declared
Gather	max	by	runtime	declared
Gather	max	k	runtime	declared
Gather	max	kv	runtime	declared
Gather	max	p	runtime	declared
Gather	max	v	runtime	declared
Gather	min	by	runtime	declared
Gather	min	k	runtime	declared
Gather	min	kv	runtime	declared
Gather	min	p	runtime	declared
Gather	min	v	runtime	declared
Gather	minmax	by	runtime	declared
Gather	repeated	as	runtime	declared
Gather	repeated	with	runtime	declared
Gather	rotor	partial	runtime	declared
Gather	squish	as	runtime	declared
Gather	squish	with	runtime	declared
Gather	toggle	off	runtime	declared
Gather	unique	as	runtime	declared
Gather	unique	with	runtime	declared
GeneralWorker	batch	elems	runtime	declared
GeneralWorker	categorize	as	runtime	declared
GeneralWorker	categorize	into	runtime	declared
GeneralWorker	classify	as	runtime	declared
GeneralWorker	classify	into	runtime	declared
GeneralWorker	first	end	runtime	declared
GeneralWorker	flatmap	label	runtime	declared
GeneralWorker	map	deep	runtime	declared
GeneralWorker	map	duck	runtime	declared
GeneralWorker	map	flat	runtime	declared
GeneralWorker	map	item	runtime	declared
GeneralWorker	map	label	runtime	declared
GeneralWorker	map	node	runtime	declared
GeneralWorker	max	by	runtime	declared
GeneralWorker	max	k	runtime	declared
GeneralWorker	max	kv	runtime	declared
GeneralWorker	max	p	runtime	declared
GeneralWorker	max	v	runtime	declared
GeneralWorker	min	by	runtime	declared
GeneralWorker	min	k	runtime	declared
GeneralWorker	min	kv	runtime	declared
GeneralWorker	min	p	runtime	declared
GeneralWorker	min	v	runtime	declared
GeneralWorker	minmax	by	runtime	declared
GeneralWorker	repeated	as	runtime	declared
GeneralWorker	repeated	with	runtime	declared
GeneralWorker	rotor	partial	runtime	declared
GeneralWorker	squish	as	runtime	declared
GeneralWorker	squish	with	runtime	declared
GeneralWorker	toggle	off	runtime	declared
GeneralWorker	unique	as	runtime	declared
GeneralWorker	unique	with	runtime	declared
GetLineFast	batch	elems	runtime	declared
GetLineFast	categorize	as	runtime	declared
GetLineFast	categorize	into	runtime	declared
GetLineFast	classify	as	runtime	declared
GetLineFast	classify	into	runtime	declared
GetLineFast	first	end	runtime	declared
GetLineFast	flatmap	label	runtime	declared
GetLineFast	map	deep	runtime	declared
GetLineFast	map	duck	runtime	declared
GetLineFast	map	flat	runtime	declared
GetLineFast	map	item	runtime	declared
GetLineFast	map	label	runtime	declared
GetLineFast	map	node	runtime	declared
GetLineFast	max	by	runtime	declared
GetLineFast	max	k	runtime	declared
GetLineFast	max	kv	runtime	declared
GetLineFast	max	p	runtime	declared
GetLineFast	max	v	runtime	declared
GetLineFast	min	by	runtime	declared
GetLineFast	min	k	runtime	declared
GetLineFast	min	kv	runtime	declared
GetLineFast	min	p	runtime	declared
GetLineFast	min	v	runtime	declared
GetLineFast	minmax	by	runtime	declared
GetLineFast	repeated	as	runtime	declared
GetLineFast	repeated	with	runtime	declared
GetLineFast	rotor	partial	runtime	declared
GetLineFast	squish	as	runtime	declared
GetLineFast	squish	with	runtime	declared
GetLineFast	toggle	off	runtime	declared
GetLineFast	unique	as	runtime	declared
GetLineFast	unique	with	runtime	declared
GetLineSlow	batch	elems	runtime	declared
GetLineSlow	categorize	as	runtime	declared
GetLineSlow	categorize	into	runtime	declared
GetLineSlow	classify	as	runtime	declared
GetLineSlow	classify	into	runtime	declared
GetLineSlow	first	end	runtime	declared
GetLineSlow	flatmap	label	runtime	declared
GetLineSlow	map	deep	runtime	declared
GetLineSlow	map	duck	runtime	declared
GetLineSlow	map	flat	runtime	declared
GetLineSlow	map	item	runtime	declared
GetLineSlow	map	label	runtime	declared
GetLineSlow	map	node	runtime	declared
GetLineSlow	max	by	runtime	declared
GetLineSlow	max	k	runtime	declared
GetLineSlow	max	kv	runtime	declared
GetLineSlow	max	p	runtime	declared
GetLineSlow	max	v	runtime	declared
GetLineSlow	min	by	runtime	declared
GetLineSlow	min	k	runtime	declared
GetLineSlow	min	kv	runtime	declared
GetLineSlow	min	p	runtime	declared
GetLineSlow	min	v	runtime	declared
GetLineSlow	minmax	by	runtime	declared
GetLineSlow	repeated	as	runtime	declared
GetLineSlow	repeated	with	runtime	declared
GetLineSlow	rotor	partial	runtime	declared
GetLineSlow	squish	as	runtime	declared
GetLineSlow	squish	with	runtime	declared
GetLineSlow	toggle	off	runtime	declared
GetLineSlow	unique	as	runtime	declared
GetLineSlow	unique	with	runtime	declared
Grab	batch	elems	runtime	declared
Grab	categorize	as	runtime	declared
Grab	categorize	into	runtime	declared
Grab	classify	as	runtime	declared
Grab	classify	into	runtime	declared
Grab	first	end	runtime	declared
Grab	flatmap	label	runtime	declared
Grab	map	deep	runtime	declared
Grab	map	duck	runtime	declared
Grab	map	flat	runtime	declared
Grab	map	item	runtime	declared
Grab	map	label	runtime	declared
Grab	map	node	runtime	declared
Grab	max	by	runtime	declared
Grab	max	k	runtime	declared
Grab	max	kv	runtime	declared
Grab	max	p	runtime	declared
Grab	max	v	runtime	declared
Grab	min	by	runtime	declared
Grab	min	k	runtime	declared
Grab	min	kv	runtime	declared
Grab	min	p	runtime	declared
Grab	min	v	runtime	declared
Grab	minmax	by	runtime	declared
Grab	repeated	as	runtime	declared
Grab	repeated	with	runtime	declared
Grab	rotor	partial	runtime	declared
Grab	squish	as	runtime	declared
Grab	squish	with	runtime	declared
Grab	toggle	off	runtime	declared
Grab	unique	as	runtime	declared
Grab	unique	with	runtime	declared
GrabN	batch	elems	runtime	declared
GrabN	categorize	as	runtime	declared
GrabN	categorize	into	runtime	declared
GrabN	classify	as	runtime	declared
GrabN	classify	into	runtime	declared
GrabN	first	end	runtime	declared
GrabN	flatmap	label	runtime	declared
GrabN	map	deep	runtime	declared
GrabN	map	duck	runtime	declared
GrabN	map	flat	runtime	declared
GrabN	map	item	runtime	declared
GrabN	map	label	runtime	declared
GrabN	map	node	runtime	declared
GrabN	max	by	runtime	declared
GrabN	max	k	runtime	declared
GrabN	max	kv	runtime	declared
GrabN	max	p	runtime	declared
GrabN	max	v	runtime	declared
GrabN	min	by	runtime	declared
GrabN	min	k	runtime	declared
GrabN	min	kv	runtime	declared
GrabN	min	p	runtime	declared
GrabN	min	v	runtime	declared
GrabN	minmax	by	runtime	declared
GrabN	repeated	as	runtime	declared
GrabN	repeated	with	runtime	declared
GrabN	rotor	partial	runtime	declared
GrabN	squish	as	runtime	declared
GrabN	squish	with	runtime	declared
GrabN	toggle	off	runtime	declared
GrabN	unique	as	runtime	declared
GrabN	unique	with	runtime	declared
GrabPairs	batch	elems	runtime	declared
GrabPairs	categorize	as	runtime	declared
GrabPairs	categorize	into	runtime	declared
GrabPairs	classify	as	runtime	declared
GrabPairs	classify	into	runtime	declared
GrabPairs	first	end	runtime	declared
GrabPairs	flatmap	label	runtime	declared
GrabPairs	map	deep	runtime	declared
GrabPairs	map	duck	runtime	declared
GrabPairs	map	flat	runtime	declared
GrabPairs	map	item	runtime	declared
GrabPairs	map	label	runtime	declared
GrabPairs	map	node	runtime	declared
GrabPairs	max	by	runtime	declared
GrabPairs	max	k	runtime	declared
GrabPairs	max	kv	runtime	declared
GrabPairs	max	p	runtime	declared
GrabPairs	max	v	runtime	declared
GrabPairs	min	by	runtime	declared
GrabPairs	min	k	runtime	declared
GrabPairs	min	kv	runtime	declared
GrabPairs	min	p	runtime	declared
GrabPairs	min	v	runtime	declared
GrabPairs	minmax	by	runtime	declared
GrabPairs	repeated	as	runtime	declared
GrabPairs	repeated	with	runtime	declared
GrabPairs	rotor	partial	runtime	declared
GrabPairs	squish	as	runtime	declared
GrabPairs	squish	with	runtime	declared
GrabPairs	toggle	off	runtime	declared
GrabPairs	unique	as	runtime	declared
GrabPairs	unique	with	runtime	declared
GrabPairsN	batch	elems	runtime	declared
GrabPairsN	categorize	as	runtime	declared
GrabPairsN	categorize	into	runtime	declared
GrabPairsN	classify	as	runtime	declared
GrabPairsN	classify	into	runtime	declared
GrabPairsN	first	end	runtime	declared
GrabPairsN	flatmap	label	runtime	declared
GrabPairsN	map	deep	runtime	declared
GrabPairsN	map	duck	runtime	declared
GrabPairsN	map	flat	runtime	declared
GrabPairsN	map	item	runtime	declared
GrabPairsN	map	label	runtime	declared
GrabPairsN	map	node	runtime	declared
GrabPairsN	max	by	runtime	declared
GrabPairsN	max	k	runtime	declared
GrabPairsN	max	kv	runtime	declared
GrabPairsN	max	p	runtime	declared
GrabPairsN	max	v	runtime	declared
GrabPairsN	min	by	runtime	declared
GrabPairsN	min	k	runtime	declared
GrabPairsN	min	kv	runtime	declared
GrabPairsN	min	p	runtime	declared
GrabPairsN	min	v	runtime	declared
GrabPairsN	minmax	by	runtime	declared
GrabPairsN	repeated	as	runtime	declared
GrabPairsN	repeated	with	runtime	declared
GrabPairsN	rotor	partial	runtime	declared
GrabPairsN	squish	as	runtime	declared
GrabPairsN	squish	with	runtime	declared
GrabPairsN	toggle	off	runtime	declared
GrabPairsN	unique	as	runtime	declared
GrabPairsN	unique	with	runtime	declared
Grammar	parse	actions	runtime	declared
Grammar	parse	args	runtime	declared
Grammar	parse	rule	runtime	declared
Grammar	parsefile	actions	runtime	via Grammar.parsefile -> Grammar.parse
Grammar	parsefile	args	runtime	via Grammar.parsefile -> Grammar.parse
Grammar	parsefile	enc	runtime	declared
Grammar	parsefile	rule	runtime	via Grammar.parsefile -> Grammar.parse
Grammar	subparse	actions	runtime	declared
Grammar	subparse	args	runtime	declared
Grammar	subparse	rule	runtime	declared
Grep	batch	elems	runtime	declared
Grep	categorize	as	runtime	declared
Grep	categorize	into	runtime	declared
Grep	classify	as	runtime	declared
Grep	classify	into	runtime	declared
Grep	first	end	runtime	declared
Grep	flatmap	label	runtime	declared
Grep	map	deep	runtime	declared
Grep	map	duck	runtime	declared
Grep	map	flat	runtime	declared
Grep	map	item	runtime	declared
Grep	map	label	runtime	declared
Grep	map	node	runtime	declared
Grep	max	by	runtime	declared
Grep	max	k	runtime	declared
Grep	max	kv	runtime	declared
Grep	max	p	runtime	declared
Grep	max	v	runtime	declared
Grep	min	by	runtime	declared
Grep	min	k	runtime	declared
Grep	min	kv	runtime	declared
Grep	min	p	runtime	declared
Grep	min	v	runtime	declared
Grep	minmax	by	runtime	declared
Grep	repeated	as	runtime	declared
Grep	repeated	with	runtime	declared
Grep	rotor	partial	runtime	declared
Grep	squish	as	runtime	declared
Grep	squish	with	runtime	declared
Grep	toggle	off	runtime	declared
Grep	unique	as	runtime	declared
Grep	unique	with	runtime	declared
Grepper	batch	elems	runtime	declared
Grepper	categorize	as	runtime	declared
Grepper	categorize	into	runtime	declared
Grepper	classify	as	runtime	declared
Grepper	classify	into	runtime	declared
Grepper	first	end	runtime	declared
Grepper	flatmap	label	runtime	declared
Grepper	map	deep	runtime	declared
Grepper	map	duck	runtime	declared
Grepper	map	flat	runtime	declared
Grepper	map	item	runtime	declared
Grepper	map	label	runtime	declared
Grepper	map	node	runtime	declared
Grepper	max	by	runtime	declared
Grepper	max	k	runtime	declared
Grepper	max	kv	runtime	declared
Grepper	max	p	runtime	declared
Grepper	max	v	runtime	declared
Grepper	min	by	runtime	declared
Grepper	min	k	runtime	declared
Grepper	min	kv	runtime	declared
Grepper	min	p	runtime	declared
Grepper	min	v	runtime	declared
Grepper	minmax	by	runtime	declared
Grepper	repeated	as	runtime	declared
Grepper	repeated	with	runtime	declared
Grepper	rotor	partial	runtime	declared
Grepper	squish	as	runtime	declared
Grepper	squish	with	runtime	declared
Grepper	toggle	off	runtime	declared
Grepper	unique	as	runtime	declared
Grepper	unique	with	runtime	declared
Handles	batch	elems	runtime	declared
Handles	categorize	as	runtime	declared
Handles	categorize	into	runtime	declared
Handles	classify	as	runtime	declared
Handles	classify	into	runtime	declared
Handles	first	end	runtime	declared
Handles	flatmap	label	runtime	declared
Handles	map	deep	runtime	declared
Handles	map	duck	runtime	declared
Handles	map	flat	runtime	declared
Handles	map	item	runtime	declared
Handles	map	label	runtime	declared
Handles	map	node	runtime	declared
Handles	max	by	runtime	declared
Handles	max	k	runtime	declared
Handles	max	kv	runtime	declared
Handles	max	p	runtime	declared
Handles	max	v	runtime	declared
Handles	min	by	runtime	declared
Handles	min	k	runtime	declared
Handles	min	kv	runtime	declared
Handles	min	p	runtime	declared
Handles	min	v	runtime	declared
Handles	minmax	by	runtime	declared
Handles	repeated	as	runtime	declared
Handles	repeated	with	runtime	declared
Handles	rotor	partial	runtime	declared
Handles	squish	as	runtime	declared
Handles	squish	with	runtime	declared
Handles	toggle	off	runtime	declared
Handles	unique	as	runtime	declared
Handles	unique	with	runtime	declared
Hash	DUMP	ctx	runtime	declared
Hash	DUMP	indent-step	runtime	declared
Hash	Map	view	runtime	declared
Hash	categorize-list	as	runtime	declared
Hash	classify-list	as	runtime	declared
Hashray	flat	hammer	runtime	declared
Hashray	hyper	batch	runtime	declared
Hashray	hyper	degree	runtime	declared
Hashray	race	batch	runtime	declared
Hashray	race	degree	runtime	declared
Holder	batch	elems	runtime	declared
Holder	categorize	as	runtime	declared
Holder	categorize	into	runtime	declared
Holder	classify	as	runtime	declared
Holder	classify	into	runtime	declared
Holder	first	end	runtime	declared
Holder	flatmap	label	runtime	declared
Holder	map	deep	runtime	declared
Holder	map	duck	runtime	declared
Holder	map	flat	runtime	declared
Holder	map	item	runtime	declared
Holder	map	label	runtime	declared
Holder	map	node	runtime	declared
Holder	max	by	runtime	declared
Holder	max	k	runtime	declared
Holder	max	kv	runtime	declared
Holder	max	p	runtime	declared
Holder	max	v	runtime	declared
Holder	min	by	runtime	declared
Holder	min	k	runtime	declared
Holder	min	kv	runtime	declared
Holder	min	p	runtime	declared
Holder	min	v	runtime	declared
Holder	minmax	by	runtime	declared
Holder	repeated	as	runtime	declared
Holder	repeated	with	runtime	declared
Holder	rotor	partial	runtime	declared
Holder	squish	as	runtime	declared
Holder	squish	with	runtime	declared
Holder	toggle	off	runtime	declared
Holder	unique	as	runtime	declared
Holder	unique	with	runtime	declared
Hyper	new	dwim-left	runtime	declared
Hyper	new	dwim-right	runtime	declared
HyperConfiguration	TWEAK	method	runtime	declared
HyperSeq	BUILD	configuration	runtime	declared
HyperSeq	BUILD	work-stage-head	runtime	declared
HyperSeq	flat	hammer	runtime	declared
HyperWorkBatchIterator	batch	elems	runtime	declared
HyperWorkBatchIterator	categorize	as	runtime	declared
HyperWorkBatchIterator	categorize	into	runtime	declared
HyperWorkBatchIterator	classify	as	runtime	declared
HyperWorkBatchIterator	classify	into	runtime	declared
HyperWorkBatchIterator	first	end	runtime	declared
HyperWorkBatchIterator	flatmap	label	runtime	declared
HyperWorkBatchIterator	map	deep	runtime	declared
HyperWorkBatchIterator	map	duck	runtime	declared
HyperWorkBatchIterator	map	flat	runtime	declared
HyperWorkBatchIterator	map	item	runtime	declared
HyperWorkBatchIterator	map	label	runtime	declared
HyperWorkBatchIterator	map	node	runtime	declared
HyperWorkBatchIterator	max	by	runtime	declared
HyperWorkBatchIterator	max	k	runtime	declared
HyperWorkBatchIterator	max	kv	runtime	declared
HyperWorkBatchIterator	max	p	runtime	declared
HyperWorkBatchIterator	max	v	runtime	declared
HyperWorkBatchIterator	min	by	runtime	declared
HyperWorkBatchIterator	min	k	runtime	declared
HyperWorkBatchIterator	min	kv	runtime	declared
HyperWorkBatchIterator	min	p	runtime	declared
HyperWorkBatchIterator	min	v	runtime	declared
HyperWorkBatchIterator	minmax	by	runtime	declared
HyperWorkBatchIterator	repeated	as	runtime	declared
HyperWorkBatchIterator	repeated	with	runtime	declared
HyperWorkBatchIterator	rotor	partial	runtime	declared
HyperWorkBatchIterator	squish	as	runtime	declared
HyperWorkBatchIterator	squish	with	runtime	declared
HyperWorkBatchIterator	toggle	off	runtime	declared
HyperWorkBatchIterator	unique	as	runtime	declared
HyperWorkBatchIterator	unique	with	runtime	declared
IO::CatHandle	Supply	size	runtime	declared
IO::CatHandle	TWEAK	bin	runtime	declared
IO::CatHandle	comb	match	runtime	via IO::CatHandle.comb -> Str.comb
IO::CatHandle	lines	chomp	runtime	declared
IO::CatHandle	lines	close	runtime	declared
IO::CatHandle	lock	non-blocking	runtime	via IO::CatHandle.lock -> IO::Handle.lock
IO::CatHandle	lock	shared	runtime	via IO::CatHandle.lock -> IO::Handle.lock
IO::CatHandle	slurp	bin	runtime	declared
IO::CatHandle	split	k	runtime	via IO::CatHandle.split -> Str.split
IO::CatHandle	split	kv	runtime	via IO::CatHandle.split -> Str.split
IO::CatHandle	split	p	runtime	via IO::CatHandle.split -> Str.split
IO::CatHandle	split	skip-empty	runtime	via IO::CatHandle.split -> Str.split
IO::CatHandle	split	v	runtime	via IO::CatHandle.split -> Str.split
IO::CatHandle	words	close	runtime	declared
IO::Handle	Supply	size	runtime	declared
IO::Handle	TWEAK	bin	runtime	declared
IO::Handle	TWEAK	encoding	runtime	declared
IO::Handle	TWEAK	no-dash-check	runtime	declared
IO::Handle	TWEAK	path	runtime	declared
IO::Handle	comb	close	runtime	declared
IO::Handle	comb	match	runtime	via IO::Handle.comb -> Str.comb
IO::Handle	encoding	replacement	runtime	declared
IO::Handle	encoding	strict	runtime	declared
IO::Handle	encoding	translate-nl	runtime	declared
IO::Handle	lines	chomp	runtime	declared
IO::Handle	lines	close	runtime	declared
IO::Handle	lock	non-blocking	runtime	declared
IO::Handle	lock	shared	runtime	declared
IO::Handle	open	a	runtime	declared
IO::Handle	open	append	runtime	declared
IO::Handle	open	bin	runtime	declared
IO::Handle	open	chomp	runtime	declared
IO::Handle	open	create	runtime	declared
IO::Handle	open	enc	runtime	declared
IO::Handle	open	exclusive	runtime	declared
IO::Handle	open	mode	runtime	declared
IO::Handle	open	nl-in	runtime	declared
IO::Handle	open	nl-out	runtime	declared
IO::Handle	open	out-buffer	runtime	declared
IO::Handle	open	r	runtime	declared
IO::Handle	open	ra	runtime	declared
IO::Handle	open	rw	runtime	declared
IO::Handle	open	rx	runtime	declared
IO::Handle	open	truncate	runtime	declared
IO::Handle	open	update	runtime	declared
IO::Handle	open	w	runtime	declared
IO::Handle	open	x	runtime	declared
IO::Handle	slurp	bin	runtime	declared
IO::Handle	slurp	close	runtime	declared
IO::Handle	slurp-rest	bin	runtime	declared
IO::Handle	slurp-rest	close	runtime	declared
IO::Handle	slurp-rest	enc	runtime	declared
IO::Handle	split	close	runtime	declared
IO::Handle	split	k	runtime	via IO::Handle.split -> Str.split
IO::Handle	split	kv	runtime	via IO::Handle.split -> Str.split
IO::Handle	split	p	runtime	via IO::Handle.split -> Str.split
IO::Handle	split	skip-empty	runtime	via IO::Handle.split -> Str.split
IO::Handle	split	v	runtime	via IO::Handle.split -> Str.split
IO::Handle	spurt	close	runtime	declared
IO::Handle	words	close	runtime	declared
IO::Notification	watch-path	scheduler	runtime	declared
IO::Path	chdir	d	runtime	declared
IO::Path	chdir	r	runtime	declared
IO::Path	chdir	w	runtime	declared
IO::Path	chdir	x	runtime	declared
IO::Path	chown	gid	runtime	declared
IO::Path	chown	uid	runtime	declared
IO::Path	comb	chomp	runtime	declared
IO::Path	comb	close	runtime	via IO::Path.comb -> IO::Handle.comb
IO::Path	comb	enc	runtime	declared
IO::Path	comb	match	runtime	via IO::Path.comb -> IO::Handle.comb -> Str.comb
IO::Path	comb	nl-in	runtime	declared
IO::Path	copy	createonly	runtime	declared
IO::Path	dir	test	runtime	declared
IO::Path	dir-with-entries	test	runtime	declared
IO::Path	extension	joiner	runtime	declared
IO::Path	extension	parts	runtime	declared
IO::Path	lines	chomp	runtime	declared
IO::Path	lines	close	runtime	via IO::Path.lines -> IO::Handle.lines
IO::Path	lines	enc	runtime	declared
IO::Path	lines	nl-in	runtime	declared
IO::Path	move	createonly	runtime	via IO::Path.move -> IO::Path.copy
IO::Path	new	CWD	runtime	declared
IO::Path	new	SPEC	runtime	declared
IO::Path	new	basename	runtime	declared
IO::Path	new	dirname	runtime	declared
IO::Path	new	volume	runtime	declared
IO::Path	open	a	runtime	via IO::Path.open -> IO::Handle.open
IO::Path	open	append	runtime	via IO::Path.open -> IO::Handle.open
IO::Path	open	bin	runtime	via IO::Path.open -> IO::Handle.open
IO::Path	open	chomp	runtime	via IO::Path.open -> IO::Handle.open
IO::Path	open	create	runtime	via IO::Path.open -> IO::Handle.open
IO::Path	open	enc	runtime	via IO::Path.open -> IO::Handle.open
IO::Path	open	exclusive	runtime	via IO::Path.open -> IO::Handle.open
IO::Path	open	mode	runtime	via IO::Path.open -> IO::Handle.open
IO::Path	open	nl-in	runtime	via IO::Path.open -> IO::Handle.open
IO::Path	open	nl-out	runtime	via IO::Path.open -> IO::Handle.open
IO::Path	open	out-buffer	runtime	via IO::Path.open -> IO::Handle.open
IO::Path	open	r	runtime	via IO::Path.open -> IO::Handle.open
IO::Path	open	ra	runtime	via IO::Path.open -> IO::Handle.open
IO::Path	open	rw	runtime	via IO::Path.open -> IO::Handle.open
IO::Path	open	rx	runtime	via IO::Path.open -> IO::Handle.open
IO::Path	open	truncate	runtime	via IO::Path.open -> IO::Handle.open
IO::Path	open	update	runtime	via IO::Path.open -> IO::Handle.open
IO::Path	open	w	runtime	via IO::Path.open -> IO::Handle.open
IO::Path	open	x	runtime	via IO::Path.open -> IO::Handle.open
IO::Path	rename	createonly	runtime	declared
IO::Path	resolve	completely	runtime	declared
IO::Path	slurp	bin	runtime	declared
IO::Path	slurp	enc	runtime	declared
IO::Path	split	chomp	runtime	declared
IO::Path	split	close	runtime	via IO::Path.split -> IO::Handle.split
IO::Path	split	enc	runtime	declared
IO::Path	split	k	runtime	via IO::Path.split -> IO::Handle.split -> Str.split
IO::Path	split	kv	runtime	via IO::Path.split -> IO::Handle.split -> Str.split
IO::Path	split	nl-in	runtime	declared
IO::Path	split	p	runtime	via IO::Path.split -> IO::Handle.split -> Str.split
IO::Path	split	skip-empty	runtime	via IO::Path.split -> IO::Handle.split -> Str.split
IO::Path	split	v	runtime	via IO::Path.split -> IO::Handle.split -> Str.split
IO::Path	spurt	append	runtime	declared
IO::Path	spurt	createonly	runtime	declared
IO::Path	spurt	enc	runtime	declared
IO::Path	symlink	absolute	runtime	declared
IO::Path	words	chomp	runtime	declared
IO::Path	words	close	runtime	via IO::Path.words -> IO::Handle.words
IO::Path	words	enc	runtime	declared
IO::Path	words	nl-in	runtime	declared
IO::Path::Parts	flat	hammer	runtime	declared
IO::Path::Parts	hyper	batch	runtime	declared
IO::Path::Parts	hyper	degree	runtime	declared
IO::Path::Parts	race	batch	runtime	declared
IO::Path::Parts	race	degree	runtime	declared
IO::Path::Spec	new	CWD	runtime	via IO::Path::Spec.new -> IO::Path.new
IO::Path::Spec	new	SPEC	runtime	via IO::Path::Spec.new -> IO::Path.new
IO::Path::Spec	new	basename	runtime	via IO::Path::Spec.new -> IO::Path.new
IO::Path::Spec	new	dirname	runtime	via IO::Path::Spec.new -> IO::Path.new
IO::Path::Spec	new	volume	runtime	via IO::Path::Spec.new -> IO::Path.new
IO::Pipe	TWEAK	bin	runtime	declared
IO::Pipe	TWEAK	enc	runtime	declared
IO::Pipe	TWEAK	on-close	runtime	declared
IO::Pipe	TWEAK	on-native-descriptor	runtime	declared
IO::Pipe	TWEAK	on-read	runtime	declared
IO::Pipe	TWEAK	on-write	runtime	declared
IO::Socket	recv	bin	runtime	declared
IO::Socket::Async	Supply	bin	runtime	declared
IO::Socket::Async	Supply	buf	runtime	declared
IO::Socket::Async	Supply	datagram	runtime	declared
IO::Socket::Async	Supply	enc	runtime	declared
IO::Socket::Async	Supply	scheduler	runtime	declared
IO::Socket::Async	bind-udp	broadcast	runtime	declared
IO::Socket::Async	bind-udp	enc	runtime	declared
IO::Socket::Async	bind-udp	scheduler	runtime	declared
IO::Socket::Async	connect	enc	runtime	declared
IO::Socket::Async	connect	scheduler	runtime	declared
IO::Socket::Async	connect-path	enc	runtime	declared
IO::Socket::Async	connect-path	scheduler	runtime	declared
IO::Socket::Async	listen	enc	runtime	declared
IO::Socket::Async	listen	scheduler	runtime	declared
IO::Socket::Async	listen-path	enc	runtime	declared
IO::Socket::Async	listen-path	scheduler	runtime	declared
IO::Socket::Async	print	scheduler	runtime	declared
IO::Socket::Async	print-to	scheduler	runtime	declared
IO::Socket::Async	udp	broadcast	runtime	declared
IO::Socket::Async	udp	enc	runtime	declared
IO::Socket::Async	udp	scheduler	runtime	declared
IO::Socket::Async	write	scheduler	runtime	declared
IO::Socket::Async	write-to	scheduler	runtime	declared
IO::Socket::Async::Datagram	encode	replacement	runtime	via IO::Socket::Async::Datagram.encode -> Str.encode
IO::Socket::Async::Datagram	encode	strict	runtime	via IO::Socket::Async::Datagram.encode -> Str.encode
IO::Socket::Async::Datagram	encode	translate-nl	runtime	via IO::Socket::Async::Datagram.encode -> Str.encode
IO::Socket::INET	connect	family	runtime	declared
IO::Socket::INET	listen	family	runtime	declared
IO::Socket::INET	new	family	runtime	declared
IO::Socket::INET	new	host	runtime	declared
IO::Socket::INET	new	listen	runtime	declared
IO::Socket::INET	new	localhost	runtime	declared
IO::Socket::INET	new	localport	runtime	declared
IO::Socket::INET	new	port	runtime	declared
IO::Socket::INET	recv	bin	runtime	declared
IO::Spec::Cygwin	canonpath	parent	runtime	declared
IO::Spec::Cygwin	rel2abs	omit-volume	runtime	via IO::Spec::Cygwin.rel2abs -> IO::Spec::Win32.rel2abs
IO::Spec::Cygwin	splitpath	nofile	runtime	via IO::Spec::Cygwin.splitpath -> IO::Spec::Win32.splitpath
IO::Spec::QNX	canonpath	parent	runtime	declared
IO::Spec::Unix	canonpath	parent	runtime	declared
IO::Spec::Unix	splitpath	nofile	runtime	declared
IO::Spec::Win32	canonpath	parent	runtime	declared
IO::Spec::Win32	rel2abs	omit-volume	runtime	declared
IO::Spec::Win32	splitpath	nofile	runtime	declared
ITERCPY	batch	elems	runtime	declared
ITERCPY	categorize	as	runtime	declared
ITERCPY	categorize	into	runtime	declared
ITERCPY	classify	as	runtime	declared
ITERCPY	classify	into	runtime	declared
ITERCPY	first	end	runtime	declared
ITERCPY	flatmap	label	runtime	declared
ITERCPY	map	deep	runtime	declared
ITERCPY	map	duck	runtime	declared
ITERCPY	map	flat	runtime	declared
ITERCPY	map	item	runtime	declared
ITERCPY	map	label	runtime	declared
ITERCPY	map	node	runtime	declared
ITERCPY	max	by	runtime	declared
ITERCPY	max	k	runtime	declared
ITERCPY	max	kv	runtime	declared
ITERCPY	max	p	runtime	declared
ITERCPY	max	v	runtime	declared
ITERCPY	min	by	runtime	declared
ITERCPY	min	k	runtime	declared
ITERCPY	min	kv	runtime	declared
ITERCPY	min	p	runtime	declared
ITERCPY	min	v	runtime	declared
ITERCPY	minmax	by	runtime	declared
ITERCPY	repeated	as	runtime	declared
ITERCPY	repeated	with	runtime	declared
ITERCPY	rotor	partial	runtime	declared
ITERCPY	squish	as	runtime	declared
ITERCPY	squish	with	runtime	declared
ITERCPY	toggle	off	runtime	declared
ITERCPY	unique	as	runtime	declared
ITERCPY	unique	with	runtime	declared
InfReverse	batch	elems	runtime	declared
InfReverse	categorize	as	runtime	declared
InfReverse	categorize	into	runtime	declared
InfReverse	classify	as	runtime	declared
InfReverse	classify	into	runtime	declared
InfReverse	first	end	runtime	declared
InfReverse	flatmap	label	runtime	declared
InfReverse	map	deep	runtime	declared
InfReverse	map	duck	runtime	declared
InfReverse	map	flat	runtime	declared
InfReverse	map	item	runtime	declared
InfReverse	map	label	runtime	declared
InfReverse	map	node	runtime	declared
InfReverse	max	by	runtime	declared
InfReverse	max	k	runtime	declared
InfReverse	max	kv	runtime	declared
InfReverse	max	p	runtime	declared
InfReverse	max	v	runtime	declared
InfReverse	min	by	runtime	declared
InfReverse	min	k	runtime	declared
InfReverse	min	kv	runtime	declared
InfReverse	min	p	runtime	declared
InfReverse	min	v	runtime	declared
InfReverse	minmax	by	runtime	declared
InfReverse	repeated	as	runtime	declared
InfReverse	repeated	with	runtime	declared
InfReverse	rotor	partial	runtime	declared
InfReverse	squish	as	runtime	declared
InfReverse	squish	with	runtime	declared
InfReverse	toggle	off	runtime	declared
InfReverse	unique	as	runtime	declared
InfReverse	unique	with	runtime	declared
InstalledDistribution	batch	elems	runtime	declared
InstalledDistribution	categorize	as	runtime	declared
InstalledDistribution	categorize	into	runtime	declared
InstalledDistribution	classify	as	runtime	declared
InstalledDistribution	classify	into	runtime	declared
InstalledDistribution	first	end	runtime	declared
InstalledDistribution	flatmap	label	runtime	declared
InstalledDistribution	map	deep	runtime	declared
InstalledDistribution	map	duck	runtime	declared
InstalledDistribution	map	flat	runtime	declared
InstalledDistribution	map	item	runtime	declared
InstalledDistribution	map	label	runtime	declared
InstalledDistribution	map	node	runtime	declared
InstalledDistribution	max	by	runtime	declared
InstalledDistribution	max	k	runtime	declared
InstalledDistribution	max	kv	runtime	declared
InstalledDistribution	max	p	runtime	declared
InstalledDistribution	max	v	runtime	declared
InstalledDistribution	min	by	runtime	declared
InstalledDistribution	min	k	runtime	declared
InstalledDistribution	min	kv	runtime	declared
InstalledDistribution	min	p	runtime	declared
InstalledDistribution	min	v	runtime	declared
InstalledDistribution	minmax	by	runtime	declared
InstalledDistribution	repeated	as	runtime	declared
InstalledDistribution	repeated	with	runtime	declared
InstalledDistribution	rotor	partial	runtime	declared
InstalledDistribution	squish	as	runtime	declared
InstalledDistribution	squish	with	runtime	declared
InstalledDistribution	toggle	off	runtime	declared
InstalledDistribution	unique	as	runtime	declared
InstalledDistribution	unique	with	runtime	declared
Instant	DUMP	ctx	runtime	declared
Instant	DUMP	indent-step	runtime	declared
Int	DUMP	ctx	runtime	declared
Int	DUMP	indent-step	runtime	declared
Int	Str	subscript	runtime	declared
Int	Str	superscript	runtime	declared
IntCopy	batch	elems	runtime	declared
IntCopy	categorize	as	runtime	declared
IntCopy	categorize	into	runtime	declared
IntCopy	classify	as	runtime	declared
IntCopy	classify	into	runtime	declared
IntCopy	first	end	runtime	declared
IntCopy	flatmap	label	runtime	declared
IntCopy	map	deep	runtime	declared
IntCopy	map	duck	runtime	declared
IntCopy	map	flat	runtime	declared
IntCopy	map	item	runtime	declared
IntCopy	map	label	runtime	declared
IntCopy	map	node	runtime	declared
IntCopy	max	by	runtime	declared
IntCopy	max	k	runtime	declared
IntCopy	max	kv	runtime	declared
IntCopy	max	p	runtime	declared
IntCopy	max	v	runtime	declared
IntCopy	min	by	runtime	declared
IntCopy	min	k	runtime	declared
IntCopy	min	kv	runtime	declared
IntCopy	min	p	runtime	declared
IntCopy	min	v	runtime	declared
IntCopy	minmax	by	runtime	declared
IntCopy	repeated	as	runtime	declared
IntCopy	repeated	with	runtime	declared
IntCopy	rotor	partial	runtime	declared
IntCopy	squish	as	runtime	declared
IntCopy	squish	with	runtime	declared
IntCopy	toggle	off	runtime	declared
IntCopy	unique	as	runtime	declared
IntCopy	unique	with	runtime	declared
IntPolymod	batch	elems	runtime	declared
IntPolymod	categorize	as	runtime	declared
IntPolymod	categorize	into	runtime	declared
IntPolymod	classify	as	runtime	declared
IntPolymod	classify	into	runtime	declared
IntPolymod	first	end	runtime	declared
IntPolymod	flatmap	label	runtime	declared
IntPolymod	map	deep	runtime	declared
IntPolymod	map	duck	runtime	declared
IntPolymod	map	flat	runtime	declared
IntPolymod	map	item	runtime	declared
IntPolymod	map	label	runtime	declared
IntPolymod	map	node	runtime	declared
IntPolymod	max	by	runtime	declared
IntPolymod	max	k	runtime	declared
IntPolymod	max	kv	runtime	declared
IntPolymod	max	p	runtime	declared
IntPolymod	max	v	runtime	declared
IntPolymod	min	by	runtime	declared
IntPolymod	min	k	runtime	declared
IntPolymod	min	kv	runtime	declared
IntPolymod	min	p	runtime	declared
IntPolymod	min	v	runtime	declared
IntPolymod	minmax	by	runtime	declared
IntPolymod	repeated	as	runtime	declared
IntPolymod	repeated	with	runtime	declared
IntPolymod	rotor	partial	runtime	declared
IntPolymod	squish	as	runtime	declared
IntPolymod	squish	with	runtime	declared
IntPolymod	toggle	off	runtime	declared
IntPolymod	unique	as	runtime	declared
IntPolymod	unique	with	runtime	declared
IntRange	batch	elems	runtime	declared
IntRange	categorize	as	runtime	declared
IntRange	categorize	into	runtime	declared
IntRange	classify	as	runtime	declared
IntRange	classify	into	runtime	declared
IntRange	first	end	runtime	declared
IntRange	flatmap	label	runtime	declared
IntRange	map	deep	runtime	declared
IntRange	map	duck	runtime	declared
IntRange	map	flat	runtime	declared
IntRange	map	item	runtime	declared
IntRange	map	label	runtime	declared
IntRange	map	node	runtime	declared
IntRange	max	by	runtime	declared
IntRange	max	k	runtime	declared
IntRange	max	kv	runtime	declared
IntRange	max	p	runtime	declared
IntRange	max	v	runtime	declared
IntRange	min	by	runtime	declared
IntRange	min	k	runtime	declared
IntRange	min	kv	runtime	declared
IntRange	min	p	runtime	declared
IntRange	min	v	runtime	declared
IntRange	minmax	by	runtime	declared
IntRange	repeated	as	runtime	declared
IntRange	repeated	with	runtime	declared
IntRange	rotor	partial	runtime	declared
IntRange	squish	as	runtime	declared
IntRange	squish	with	runtime	declared
IntRange	toggle	off	runtime	declared
IntRange	unique	as	runtime	declared
IntRange	unique	with	runtime	declared
IntRangeUnending	batch	elems	runtime	declared
IntRangeUnending	categorize	as	runtime	declared
IntRangeUnending	categorize	into	runtime	declared
IntRangeUnending	classify	as	runtime	declared
IntRangeUnending	classify	into	runtime	declared
IntRangeUnending	first	end	runtime	declared
IntRangeUnending	flatmap	label	runtime	declared
IntRangeUnending	map	deep	runtime	declared
IntRangeUnending	map	duck	runtime	declared
IntRangeUnending	map	flat	runtime	declared
IntRangeUnending	map	item	runtime	declared
IntRangeUnending	map	label	runtime	declared
IntRangeUnending	map	node	runtime	declared
IntRangeUnending	max	by	runtime	declared
IntRangeUnending	max	k	runtime	declared
IntRangeUnending	max	kv	runtime	declared
IntRangeUnending	max	p	runtime	declared
IntRangeUnending	max	v	runtime	declared
IntRangeUnending	min	by	runtime	declared
IntRangeUnending	min	k	runtime	declared
IntRangeUnending	min	kv	runtime	declared
IntRangeUnending	min	p	runtime	declared
IntRangeUnending	min	v	runtime	declared
IntRangeUnending	minmax	by	runtime	declared
IntRangeUnending	repeated	as	runtime	declared
IntRangeUnending	repeated	with	runtime	declared
IntRangeUnending	rotor	partial	runtime	declared
IntRangeUnending	squish	as	runtime	declared
IntRangeUnending	squish	with	runtime	declared
IntRangeUnending	toggle	off	runtime	declared
IntRangeUnending	unique	as	runtime	declared
IntRangeUnending	unique	with	runtime	declared
IntStr	Numeric	fail-or-nil	runtime	declared
Interval	batch	elems	runtime	declared
Interval	categorize	as	runtime	declared
Interval	categorize	into	runtime	declared
Interval	classify	as	runtime	declared
Interval	classify	into	runtime	declared
Interval	first	end	runtime	declared
Interval	flatmap	label	runtime	declared
Interval	map	deep	runtime	declared
Interval	map	duck	runtime	declared
Interval	map	flat	runtime	declared
Interval	map	item	runtime	declared
Interval	map	label	runtime	declared
Interval	map	node	runtime	declared
Interval	max	by	runtime	declared
Interval	max	k	runtime	declared
Interval	max	kv	runtime	declared
Interval	max	p	runtime	declared
Interval	max	v	runtime	declared
Interval	min	by	runtime	declared
Interval	min	k	runtime	declared
Interval	min	kv	runtime	declared
Interval	min	p	runtime	declared
Interval	min	v	runtime	declared
Interval	minmax	by	runtime	declared
Interval	repeated	as	runtime	declared
Interval	repeated	with	runtime	declared
Interval	rotor	partial	runtime	declared
Interval	squish	as	runtime	declared
Interval	squish	with	runtime	declared
Interval	toggle	off	runtime	declared
Interval	unique	as	runtime	declared
Interval	unique	with	runtime	declared
Invert	batch	elems	runtime	declared
Invert	categorize	as	runtime	declared
Invert	categorize	into	runtime	declared
Invert	classify	as	runtime	declared
Invert	classify	into	runtime	declared
Invert	first	end	runtime	declared
Invert	flatmap	label	runtime	declared
Invert	map	deep	runtime	declared
Invert	map	duck	runtime	declared
Invert	map	flat	runtime	declared
Invert	map	item	runtime	declared
Invert	map	label	runtime	declared
Invert	map	node	runtime	declared
Invert	max	by	runtime	declared
Invert	max	k	runtime	declared
Invert	max	kv	runtime	declared
Invert	max	p	runtime	declared
Invert	max	v	runtime	declared
Invert	min	by	runtime	declared
Invert	min	k	runtime	declared
Invert	min	kv	runtime	declared
Invert	min	p	runtime	declared
Invert	min	v	runtime	declared
Invert	minmax	by	runtime	declared
Invert	repeated	as	runtime	declared
Invert	repeated	with	runtime	declared
Invert	rotor	partial	runtime	declared
Invert	squish	as	runtime	declared
Invert	squish	with	runtime	declared
Invert	toggle	off	runtime	declared
Invert	unique	as	runtime	declared
Invert	unique	with	runtime	declared
Iterable	flat	hammer	runtime	declared
Iterable	hyper	batch	runtime	declared
Iterable	hyper	degree	runtime	declared
Iterable	race	batch	runtime	declared
Iterable	race	degree	runtime	declared
Iterate	batch	elems	runtime	declared
Iterate	categorize	as	runtime	declared
Iterate	categorize	into	runtime	declared
Iterate	classify	as	runtime	declared
Iterate	classify	into	runtime	declared
Iterate	first	end	runtime	declared
Iterate	flatmap	label	runtime	declared
Iterate	map	deep	runtime	declared
Iterate	map	duck	runtime	declared
Iterate	map	flat	runtime	declared
Iterate	map	item	runtime	declared
Iterate	map	label	runtime	declared
Iterate	map	node	runtime	declared
Iterate	max	by	runtime	declared
Iterate	max	k	runtime	declared
Iterate	max	kv	runtime	declared
Iterate	max	p	runtime	declared
Iterate	max	v	runtime	declared
Iterate	min	by	runtime	declared
Iterate	min	k	runtime	declared
Iterate	min	kv	runtime	declared
Iterate	min	p	runtime	declared
Iterate	min	v	runtime	declared
Iterate	minmax	by	runtime	declared
Iterate	repeated	as	runtime	declared
Iterate	repeated	with	runtime	declared
Iterate	rotor	partial	runtime	declared
Iterate	squish	as	runtime	declared
Iterate	squish	with	runtime	declared
Iterate	toggle	off	runtime	declared
Iterate	unique	as	runtime	declared
Iterate	unique	with	runtime	declared
JavaScriptScheduler	batch	elems	runtime	declared
JavaScriptScheduler	categorize	as	runtime	declared
JavaScriptScheduler	categorize	into	runtime	declared
JavaScriptScheduler	classify	as	runtime	declared
JavaScriptScheduler	classify	into	runtime	declared
JavaScriptScheduler	first	end	runtime	declared
JavaScriptScheduler	flatmap	label	runtime	declared
JavaScriptScheduler	map	deep	runtime	declared
JavaScriptScheduler	map	duck	runtime	declared
JavaScriptScheduler	map	flat	runtime	declared
JavaScriptScheduler	map	item	runtime	declared
JavaScriptScheduler	map	label	runtime	declared
JavaScriptScheduler	map	node	runtime	declared
JavaScriptScheduler	max	by	runtime	declared
JavaScriptScheduler	max	k	runtime	declared
JavaScriptScheduler	max	kv	runtime	declared
JavaScriptScheduler	max	p	runtime	declared
JavaScriptScheduler	max	v	runtime	declared
JavaScriptScheduler	min	by	runtime	declared
JavaScriptScheduler	min	k	runtime	declared
JavaScriptScheduler	min	kv	runtime	declared
JavaScriptScheduler	min	p	runtime	declared
JavaScriptScheduler	min	v	runtime	declared
JavaScriptScheduler	minmax	by	runtime	declared
JavaScriptScheduler	repeated	as	runtime	declared
JavaScriptScheduler	repeated	with	runtime	declared
JavaScriptScheduler	rotor	partial	runtime	declared
JavaScriptScheduler	squish	as	runtime	declared
JavaScriptScheduler	squish	with	runtime	declared
JavaScriptScheduler	toggle	off	runtime	declared
JavaScriptScheduler	unique	as	runtime	declared
JavaScriptScheduler	unique	with	runtime	declared
Junction	map	item	runtime	declared
Junction	map	label	runtime	declared
Junction	new	type	runtime	declared
KV	batch	elems	runtime	declared
KV	categorize	as	runtime	declared
KV	categorize	into	runtime	declared
KV	classify	as	runtime	declared
KV	classify	into	runtime	declared
KV	first	end	runtime	declared
KV	flatmap	label	runtime	declared
KV	map	deep	runtime	declared
KV	map	duck	runtime	declared
KV	map	flat	runtime	declared
KV	map	item	runtime	declared
KV	map	label	runtime	declared
KV	map	node	runtime	declared
KV	max	by	runtime	declared
KV	max	k	runtime	declared
KV	max	kv	runtime	declared
KV	max	p	runtime	declared
KV	max	v	runtime	declared
KV	min	by	runtime	declared
KV	min	k	runtime	declared
KV	min	kv	runtime	declared
KV	min	p	runtime	declared
KV	min	v	runtime	declared
KV	minmax	by	runtime	declared
KV	repeated	as	runtime	declared
KV	repeated	with	runtime	declared
KV	rotor	partial	runtime	declared
KV	squish	as	runtime	declared
KV	squish	with	runtime	declared
KV	toggle	off	runtime	declared
KV	unique	as	runtime	declared
KV	unique	with	runtime	declared
KeyValue	batch	elems	runtime	declared
KeyValue	categorize	as	runtime	declared
KeyValue	categorize	into	runtime	declared
KeyValue	classify	as	runtime	declared
KeyValue	classify	into	runtime	declared
KeyValue	first	end	runtime	declared
KeyValue	flatmap	label	runtime	declared
KeyValue	map	deep	runtime	declared
KeyValue	map	duck	runtime	declared
KeyValue	map	flat	runtime	declared
KeyValue	map	item	runtime	declared
KeyValue	map	label	runtime	declared
KeyValue	map	node	runtime	declared
KeyValue	max	by	runtime	declared
KeyValue	max	k	runtime	declared
KeyValue	max	kv	runtime	declared
KeyValue	max	p	runtime	declared
KeyValue	max	v	runtime	declared
KeyValue	min	by	runtime	declared
KeyValue	min	k	runtime	declared
KeyValue	min	kv	runtime	declared
KeyValue	min	p	runtime	declared
KeyValue	min	v	runtime	declared
KeyValue	minmax	by	runtime	declared
KeyValue	repeated	as	runtime	declared
KeyValue	repeated	with	runtime	declared
KeyValue	rotor	partial	runtime	declared
KeyValue	squish	as	runtime	declared
KeyValue	squish	with	runtime	declared
KeyValue	toggle	off	runtime	declared
KeyValue	unique	as	runtime	declared
KeyValue	unique	with	runtime	declared
Keys	batch	elems	runtime	declared
Keys	categorize	as	runtime	declared
Keys	categorize	into	runtime	declared
Keys	classify	as	runtime	declared
Keys	classify	into	runtime	declared
Keys	first	end	runtime	declared
Keys	flatmap	label	runtime	declared
Keys	map	deep	runtime	declared
Keys	map	duck	runtime	declared
Keys	map	flat	runtime	declared
Keys	map	item	runtime	declared
Keys	map	label	runtime	declared
Keys	map	node	runtime	declared
Keys	max	by	runtime	declared
Keys	max	k	runtime	declared
Keys	max	kv	runtime	declared
Keys	max	p	runtime	declared
Keys	max	v	runtime	declared
Keys	min	by	runtime	declared
Keys	min	k	runtime	declared
Keys	min	kv	runtime	declared
Keys	min	p	runtime	declared
Keys	min	v	runtime	declared
Keys	minmax	by	runtime	declared
Keys	repeated	as	runtime	declared
Keys	repeated	with	runtime	declared
Keys	rotor	partial	runtime	declared
Keys	squish	as	runtime	declared
Keys	squish	with	runtime	declared
Keys	toggle	off	runtime	declared
Keys	unique	as	runtime	declared
Keys	unique	with	runtime	declared
KxxV	batch	elems	runtime	declared
KxxV	categorize	as	runtime	declared
KxxV	categorize	into	runtime	declared
KxxV	classify	as	runtime	declared
KxxV	classify	into	runtime	declared
KxxV	first	end	runtime	declared
KxxV	flatmap	label	runtime	declared
KxxV	map	deep	runtime	declared
KxxV	map	duck	runtime	declared
KxxV	map	flat	runtime	declared
KxxV	map	item	runtime	declared
KxxV	map	label	runtime	declared
KxxV	map	node	runtime	declared
KxxV	max	by	runtime	declared
KxxV	max	k	runtime	declared
KxxV	max	kv	runtime	declared
KxxV	max	p	runtime	declared
KxxV	max	v	runtime	declared
KxxV	min	by	runtime	declared
KxxV	min	k	runtime	declared
KxxV	min	kv	runtime	declared
KxxV	min	p	runtime	declared
KxxV	min	v	runtime	declared
KxxV	minmax	by	runtime	declared
KxxV	repeated	as	runtime	declared
KxxV	repeated	with	runtime	declared
KxxV	rotor	partial	runtime	declared
KxxV	squish	as	runtime	declared
KxxV	squish	with	runtime	declared
KxxV	toggle	off	runtime	declared
KxxV	unique	as	runtime	declared
KxxV	unique	with	runtime	declared
LTHandle	batch	elems	runtime	declared
LTHandle	categorize	as	runtime	declared
LTHandle	categorize	into	runtime	declared
LTHandle	classify	as	runtime	declared
LTHandle	classify	into	runtime	declared
LTHandle	first	end	runtime	declared
LTHandle	flatmap	label	runtime	declared
LTHandle	map	deep	runtime	declared
LTHandle	map	duck	runtime	declared
LTHandle	map	flat	runtime	declared
LTHandle	map	item	runtime	declared
LTHandle	map	label	runtime	declared
LTHandle	map	node	runtime	declared
LTHandle	max	by	runtime	declared
LTHandle	max	k	runtime	declared
LTHandle	max	kv	runtime	declared
LTHandle	max	p	runtime	declared
LTHandle	max	v	runtime	declared
LTHandle	min	by	runtime	declared
LTHandle	min	k	runtime	declared
LTHandle	min	kv	runtime	declared
LTHandle	min	p	runtime	declared
LTHandle	min	v	runtime	declared
LTHandle	minmax	by	runtime	declared
LTHandle	repeated	as	runtime	declared
LTHandle	repeated	with	runtime	declared
LTHandle	rotor	partial	runtime	declared
LTHandle	squish	as	runtime	declared
LTHandle	squish	with	runtime	declared
LTHandle	toggle	off	runtime	declared
LTHandle	unique	as	runtime	declared
LTHandle	unique	with	runtime	declared
Label	new	line	runtime	declared
Label	new	name	runtime	declared
Label	new	postmatch	runtime	declared
Label	new	prematch	runtime	declared
LanguageRevision	batch	elems	runtime	declared
LanguageRevision	categorize	as	runtime	declared
LanguageRevision	categorize	into	runtime	declared
LanguageRevision	classify	as	runtime	declared
LanguageRevision	classify	into	runtime	declared
LanguageRevision	first	end	runtime	declared
LanguageRevision	flatmap	label	runtime	declared
LanguageRevision	map	deep	runtime	declared
LanguageRevision	map	duck	runtime	declared
LanguageRevision	map	flat	runtime	declared
LanguageRevision	map	item	runtime	declared
LanguageRevision	map	label	runtime	declared
LanguageRevision	map	node	runtime	declared
LanguageRevision	max	by	runtime	declared
LanguageRevision	max	k	runtime	declared
LanguageRevision	max	kv	runtime	declared
LanguageRevision	max	p	runtime	declared
LanguageRevision	max	v	runtime	declared
LanguageRevision	min	by	runtime	declared
LanguageRevision	min	k	runtime	declared
LanguageRevision	min	kv	runtime	declared
LanguageRevision	min	p	runtime	declared
LanguageRevision	min	v	runtime	declared
LanguageRevision	minmax	by	runtime	declared
LanguageRevision	repeated	as	runtime	declared
LanguageRevision	repeated	with	runtime	declared
LanguageRevision	rotor	partial	runtime	declared
LanguageRevision	squish	as	runtime	declared
LanguageRevision	squish	with	runtime	declared
LanguageRevision	toggle	off	runtime	declared
LanguageRevision	unique	as	runtime	declared
LanguageRevision	unique	with	runtime	declared
LastNValues	batch	elems	runtime	declared
LastNValues	categorize	as	runtime	declared
LastNValues	categorize	into	runtime	declared
LastNValues	classify	as	runtime	declared
LastNValues	classify	into	runtime	declared
LastNValues	first	end	runtime	declared
LastNValues	flatmap	label	runtime	declared
LastNValues	map	deep	runtime	declared
LastNValues	map	duck	runtime	declared
LastNValues	map	flat	runtime	declared
LastNValues	map	item	runtime	declared
LastNValues	map	label	runtime	declared
LastNValues	map	node	runtime	declared
LastNValues	max	by	runtime	declared
LastNValues	max	k	runtime	declared
LastNValues	max	kv	runtime	declared
LastNValues	max	p	runtime	declared
LastNValues	max	v	runtime	declared
LastNValues	min	by	runtime	declared
LastNValues	min	k	runtime	declared
LastNValues	min	kv	runtime	declared
LastNValues	min	p	runtime	declared
LastNValues	min	v	runtime	declared
LastNValues	minmax	by	runtime	declared
LastNValues	repeated	as	runtime	declared
LastNValues	repeated	with	runtime	declared
LastNValues	rotor	partial	runtime	declared
LastNValues	squish	as	runtime	declared
LastNValues	squish	with	runtime	declared
LastNValues	toggle	off	runtime	declared
LastNValues	unique	as	runtime	declared
LastNValues	unique	with	runtime	declared
Lazy	batch	elems	runtime	declared
Lazy	categorize	as	runtime	declared
Lazy	categorize	into	runtime	declared
Lazy	classify	as	runtime	declared
Lazy	classify	into	runtime	declared
Lazy	first	end	runtime	declared
Lazy	flatmap	label	runtime	declared
Lazy	map	deep	runtime	declared
Lazy	map	duck	runtime	declared
Lazy	map	flat	runtime	declared
Lazy	map	item	runtime	declared
Lazy	map	label	runtime	declared
Lazy	map	node	runtime	declared
Lazy	max	by	runtime	declared
Lazy	max	k	runtime	declared
Lazy	max	kv	runtime	declared
Lazy	max	p	runtime	declared
Lazy	max	v	runtime	declared
Lazy	min	by	runtime	declared
Lazy	min	k	runtime	declared
Lazy	min	kv	runtime	declared
Lazy	min	p	runtime	declared
Lazy	min	v	runtime	declared
Lazy	minmax	by	runtime	declared
Lazy	repeated	as	runtime	declared
Lazy	repeated	with	runtime	declared
Lazy	rotor	partial	runtime	declared
Lazy	squish	as	runtime	declared
Lazy	squish	with	runtime	declared
Lazy	toggle	off	runtime	declared
Lazy	unique	as	runtime	declared
Lazy	unique	with	runtime	declared
LazyDistribution	batch	elems	runtime	declared
LazyDistribution	categorize	as	runtime	declared
LazyDistribution	categorize	into	runtime	declared
LazyDistribution	classify	as	runtime	declared
LazyDistribution	classify	into	runtime	declared
LazyDistribution	first	end	runtime	declared
LazyDistribution	flatmap	label	runtime	declared
LazyDistribution	map	deep	runtime	declared
LazyDistribution	map	duck	runtime	declared
LazyDistribution	map	flat	runtime	declared
LazyDistribution	map	item	runtime	declared
LazyDistribution	map	label	runtime	declared
LazyDistribution	map	node	runtime	declared
LazyDistribution	max	by	runtime	declared
LazyDistribution	max	k	runtime	declared
LazyDistribution	max	kv	runtime	declared
LazyDistribution	max	p	runtime	declared
LazyDistribution	max	v	runtime	declared
LazyDistribution	min	by	runtime	declared
LazyDistribution	min	k	runtime	declared
LazyDistribution	min	kv	runtime	declared
LazyDistribution	min	p	runtime	declared
LazyDistribution	min	v	runtime	declared
LazyDistribution	minmax	by	runtime	declared
LazyDistribution	repeated	as	runtime	declared
LazyDistribution	repeated	with	runtime	declared
LazyDistribution	rotor	partial	runtime	declared
LazyDistribution	squish	as	runtime	declared
LazyDistribution	squish	with	runtime	declared
LazyDistribution	toggle	off	runtime	declared
LazyDistribution	unique	as	runtime	declared
LazyDistribution	unique	with	runtime	declared
LazyMetaReader	batch	elems	runtime	declared
LazyMetaReader	categorize	as	runtime	declared
LazyMetaReader	categorize	into	runtime	declared
LazyMetaReader	classify	as	runtime	declared
LazyMetaReader	classify	into	runtime	declared
LazyMetaReader	first	end	runtime	declared
LazyMetaReader	flatmap	label	runtime	declared
LazyMetaReader	map	deep	runtime	declared
LazyMetaReader	map	duck	runtime	declared
LazyMetaReader	map	flat	runtime	declared
LazyMetaReader	map	item	runtime	declared
LazyMetaReader	map	label	runtime	declared
LazyMetaReader	map	node	runtime	declared
LazyMetaReader	max	by	runtime	declared
LazyMetaReader	max	k	runtime	declared
LazyMetaReader	max	kv	runtime	declared
LazyMetaReader	max	p	runtime	declared
LazyMetaReader	max	v	runtime	declared
LazyMetaReader	min	by	runtime	declared
LazyMetaReader	min	k	runtime	declared
LazyMetaReader	min	kv	runtime	declared
LazyMetaReader	min	p	runtime	declared
LazyMetaReader	min	v	runtime	declared
LazyMetaReader	minmax	by	runtime	declared
LazyMetaReader	repeated	as	runtime	declared
LazyMetaReader	repeated	with	runtime	declared
LazyMetaReader	rotor	partial	runtime	declared
LazyMetaReader	squish	as	runtime	declared
LazyMetaReader	squish	with	runtime	declared
LazyMetaReader	toggle	off	runtime	declared
LazyMetaReader	unique	as	runtime	declared
LazyMetaReader	unique	with	runtime	declared
LinenoiseBehavior	batch	elems	runtime	declared
LinenoiseBehavior	categorize	as	runtime	declared
LinenoiseBehavior	categorize	into	runtime	declared
LinenoiseBehavior	classify	as	runtime	declared
LinenoiseBehavior	classify	into	runtime	declared
LinenoiseBehavior	first	end	runtime	declared
LinenoiseBehavior	flatmap	label	runtime	declared
LinenoiseBehavior	map	deep	runtime	declared
LinenoiseBehavior	map	duck	runtime	declared
LinenoiseBehavior	map	flat	runtime	declared
LinenoiseBehavior	map	item	runtime	declared
LinenoiseBehavior	map	label	runtime	declared
LinenoiseBehavior	map	node	runtime	declared
LinenoiseBehavior	max	by	runtime	declared
LinenoiseBehavior	max	k	runtime	declared
LinenoiseBehavior	max	kv	runtime	declared
LinenoiseBehavior	max	p	runtime	declared
LinenoiseBehavior	max	v	runtime	declared
LinenoiseBehavior	min	by	runtime	declared
LinenoiseBehavior	min	k	runtime	declared
LinenoiseBehavior	min	kv	runtime	declared
LinenoiseBehavior	min	p	runtime	declared
LinenoiseBehavior	min	v	runtime	declared
LinenoiseBehavior	minmax	by	runtime	declared
LinenoiseBehavior	repeated	as	runtime	declared
LinenoiseBehavior	repeated	with	runtime	declared
LinenoiseBehavior	rotor	partial	runtime	declared
LinenoiseBehavior	squish	as	runtime	declared
LinenoiseBehavior	squish	with	runtime	declared
LinenoiseBehavior	toggle	off	runtime	declared
LinenoiseBehavior	unique	as	runtime	declared
LinenoiseBehavior	unique	with	runtime	declared
Lines	batch	elems	runtime	declared
Lines	categorize	as	runtime	declared
Lines	categorize	into	runtime	declared
Lines	classify	as	runtime	declared
Lines	classify	into	runtime	declared
Lines	first	end	runtime	declared
Lines	flatmap	label	runtime	declared
Lines	map	deep	runtime	declared
Lines	map	duck	runtime	declared
Lines	map	flat	runtime	declared
Lines	map	item	runtime	declared
Lines	map	label	runtime	declared
Lines	map	node	runtime	declared
Lines	max	by	runtime	declared
Lines	max	k	runtime	declared
Lines	max	kv	runtime	declared
Lines	max	p	runtime	declared
Lines	max	v	runtime	declared
Lines	min	by	runtime	declared
Lines	min	k	runtime	declared
Lines	min	kv	runtime	declared
Lines	min	p	runtime	declared
Lines	min	v	runtime	declared
Lines	minmax	by	runtime	declared
Lines	repeated	as	runtime	declared
Lines	repeated	with	runtime	declared
Lines	rotor	partial	runtime	declared
Lines	squish	as	runtime	declared
Lines	squish	with	runtime	declared
Lines	toggle	off	runtime	declared
Lines	unique	as	runtime	declared
Lines	unique	with	runtime	declared
LinesKeepNL	batch	elems	runtime	declared
LinesKeepNL	categorize	as	runtime	declared
LinesKeepNL	categorize	into	runtime	declared
LinesKeepNL	classify	as	runtime	declared
LinesKeepNL	classify	into	runtime	declared
LinesKeepNL	first	end	runtime	declared
LinesKeepNL	flatmap	label	runtime	declared
LinesKeepNL	map	deep	runtime	declared
LinesKeepNL	map	duck	runtime	declared
LinesKeepNL	map	flat	runtime	declared
LinesKeepNL	map	item	runtime	declared
LinesKeepNL	map	label	runtime	declared
LinesKeepNL	map	node	runtime	declared
LinesKeepNL	max	by	runtime	declared
LinesKeepNL	max	k	runtime	declared
LinesKeepNL	max	kv	runtime	declared
LinesKeepNL	max	p	runtime	declared
LinesKeepNL	max	v	runtime	declared
LinesKeepNL	min	by	runtime	declared
LinesKeepNL	min	k	runtime	declared
LinesKeepNL	min	kv	runtime	declared
LinesKeepNL	min	p	runtime	declared
LinesKeepNL	min	v	runtime	declared
LinesKeepNL	minmax	by	runtime	declared
LinesKeepNL	repeated	as	runtime	declared
LinesKeepNL	repeated	with	runtime	declared
LinesKeepNL	rotor	partial	runtime	declared
LinesKeepNL	squish	as	runtime	declared
LinesKeepNL	squish	with	runtime	declared
LinesKeepNL	toggle	off	runtime	declared
LinesKeepNL	unique	as	runtime	declared
LinesKeepNL	unique	with	runtime	declared
List	STORE	INITIALIZE	runtime	declared
List	flat	hammer	runtime	declared
List	hyper	batch	runtime	declared
List	hyper	degree	runtime	declared
List	race	batch	runtime	declared
List	race	degree	runtime	declared
List	sort	k	runtime	declared
ListIndex	batch	elems	runtime	declared
ListIndex	categorize	as	runtime	declared
ListIndex	categorize	into	runtime	declared
ListIndex	classify	as	runtime	declared
ListIndex	classify	into	runtime	declared
ListIndex	first	end	runtime	declared
ListIndex	flatmap	label	runtime	declared
ListIndex	map	deep	runtime	declared
ListIndex	map	duck	runtime	declared
ListIndex	map	flat	runtime	declared
ListIndex	map	item	runtime	declared
ListIndex	map	label	runtime	declared
ListIndex	map	node	runtime	declared
ListIndex	max	by	runtime	declared
ListIndex	max	k	runtime	declared
ListIndex	max	kv	runtime	declared
ListIndex	max	p	runtime	declared
ListIndex	max	v	runtime	declared
ListIndex	min	by	runtime	declared
ListIndex	min	k	runtime	declared
ListIndex	min	kv	runtime	declared
ListIndex	min	p	runtime	declared
ListIndex	min	v	runtime	declared
ListIndex	minmax	by	runtime	declared
ListIndex	repeated	as	runtime	declared
ListIndex	repeated	with	runtime	declared
ListIndex	rotor	partial	runtime	declared
ListIndex	squish	as	runtime	declared
ListIndex	squish	with	runtime	declared
ListIndex	toggle	off	runtime	declared
ListIndex	unique	as	runtime	declared
ListIndex	unique	with	runtime	declared
ListIndexes	batch	elems	runtime	declared
ListIndexes	categorize	as	runtime	declared
ListIndexes	categorize	into	runtime	declared
ListIndexes	classify	as	runtime	declared
ListIndexes	classify	into	runtime	declared
ListIndexes	first	end	runtime	declared
ListIndexes	flatmap	label	runtime	declared
ListIndexes	map	deep	runtime	declared
ListIndexes	map	duck	runtime	declared
ListIndexes	map	flat	runtime	declared
ListIndexes	map	item	runtime	declared
ListIndexes	map	label	runtime	declared
ListIndexes	map	node	runtime	declared
ListIndexes	max	by	runtime	declared
ListIndexes	max	k	runtime	declared
ListIndexes	max	kv	runtime	declared
ListIndexes	max	p	runtime	declared
ListIndexes	max	v	runtime	declared
ListIndexes	min	by	runtime	declared
ListIndexes	min	k	runtime	declared
ListIndexes	min	kv	runtime	declared
ListIndexes	min	p	runtime	declared
ListIndexes	min	v	runtime	declared
ListIndexes	minmax	by	runtime	declared
ListIndexes	repeated	as	runtime	declared
ListIndexes	repeated	with	runtime	declared
ListIndexes	rotor	partial	runtime	declared
ListIndexes	squish	as	runtime	declared
ListIndexes	squish	with	runtime	declared
ListIndexes	toggle	off	runtime	declared
ListIndexes	unique	as	runtime	declared
ListIndexes	unique	with	runtime	declared
ListPredictiveIndexes	batch	elems	runtime	declared
ListPredictiveIndexes	categorize	as	runtime	declared
ListPredictiveIndexes	categorize	into	runtime	declared
ListPredictiveIndexes	classify	as	runtime	declared
ListPredictiveIndexes	classify	into	runtime	declared
ListPredictiveIndexes	first	end	runtime	declared
ListPredictiveIndexes	flatmap	label	runtime	declared
ListPredictiveIndexes	map	deep	runtime	declared
ListPredictiveIndexes	map	duck	runtime	declared
ListPredictiveIndexes	map	flat	runtime	declared
ListPredictiveIndexes	map	item	runtime	declared
ListPredictiveIndexes	map	label	runtime	declared
ListPredictiveIndexes	map	node	runtime	declared
ListPredictiveIndexes	max	by	runtime	declared
ListPredictiveIndexes	max	k	runtime	declared
ListPredictiveIndexes	max	kv	runtime	declared
ListPredictiveIndexes	max	p	runtime	declared
ListPredictiveIndexes	max	v	runtime	declared
ListPredictiveIndexes	min	by	runtime	declared
ListPredictiveIndexes	min	k	runtime	declared
ListPredictiveIndexes	min	kv	runtime	declared
ListPredictiveIndexes	min	p	runtime	declared
ListPredictiveIndexes	min	v	runtime	declared
ListPredictiveIndexes	minmax	by	runtime	declared
ListPredictiveIndexes	repeated	as	runtime	declared
ListPredictiveIndexes	repeated	with	runtime	declared
ListPredictiveIndexes	rotor	partial	runtime	declared
ListPredictiveIndexes	squish	as	runtime	declared
ListPredictiveIndexes	squish	with	runtime	declared
ListPredictiveIndexes	toggle	off	runtime	declared
ListPredictiveIndexes	unique	as	runtime	declared
ListPredictiveIndexes	unique	with	runtime	declared
ListReificationTarget	batch	elems	runtime	declared
ListReificationTarget	categorize	as	runtime	declared
ListReificationTarget	categorize	into	runtime	declared
ListReificationTarget	classify	as	runtime	declared
ListReificationTarget	classify	into	runtime	declared
ListReificationTarget	first	end	runtime	declared
ListReificationTarget	flatmap	label	runtime	declared
ListReificationTarget	map	deep	runtime	declared
ListReificationTarget	map	duck	runtime	declared
ListReificationTarget	map	flat	runtime	declared
ListReificationTarget	map	item	runtime	declared
ListReificationTarget	map	label	runtime	declared
ListReificationTarget	map	node	runtime	declared
ListReificationTarget	max	by	runtime	declared
ListReificationTarget	max	k	runtime	declared
ListReificationTarget	max	kv	runtime	declared
ListReificationTarget	max	p	runtime	declared
ListReificationTarget	max	v	runtime	declared
ListReificationTarget	min	by	runtime	declared
ListReificationTarget	min	k	runtime	declared
ListReificationTarget	min	kv	runtime	declared
ListReificationTarget	min	p	runtime	declared
ListReificationTarget	min	v	runtime	declared
ListReificationTarget	minmax	by	runtime	declared
ListReificationTarget	repeated	as	runtime	declared
ListReificationTarget	repeated	with	runtime	declared
ListReificationTarget	rotor	partial	runtime	declared
ListReificationTarget	squish	as	runtime	declared
ListReificationTarget	squish	with	runtime	declared
ListReificationTarget	toggle	off	runtime	declared
ListReificationTarget	unique	as	runtime	declared
ListReificationTarget	unique	with	runtime	declared
ListenSocket	batch	elems	runtime	declared
ListenSocket	categorize	as	runtime	declared
ListenSocket	categorize	into	runtime	declared
ListenSocket	classify	as	runtime	declared
ListenSocket	classify	into	runtime	declared
ListenSocket	first	end	runtime	declared
ListenSocket	flatmap	label	runtime	declared
ListenSocket	map	deep	runtime	declared
ListenSocket	map	duck	runtime	declared
ListenSocket	map	flat	runtime	declared
ListenSocket	map	item	runtime	declared
ListenSocket	map	label	runtime	declared
ListenSocket	map	node	runtime	declared
ListenSocket	max	by	runtime	declared
ListenSocket	max	k	runtime	declared
ListenSocket	max	kv	runtime	declared
ListenSocket	max	p	runtime	declared
ListenSocket	max	v	runtime	declared
ListenSocket	min	by	runtime	declared
ListenSocket	min	k	runtime	declared
ListenSocket	min	kv	runtime	declared
ListenSocket	min	p	runtime	declared
ListenSocket	min	v	runtime	declared
ListenSocket	minmax	by	runtime	declared
ListenSocket	repeated	as	runtime	declared
ListenSocket	repeated	with	runtime	declared
ListenSocket	rotor	partial	runtime	declared
ListenSocket	squish	as	runtime	declared
ListenSocket	squish	with	runtime	declared
ListenSocket	toggle	off	runtime	declared
ListenSocket	unique	as	runtime	declared
ListenSocket	unique	with	runtime	declared
Loop	batch	elems	runtime	declared
Loop	categorize	as	runtime	declared
Loop	categorize	into	runtime	declared
Loop	classify	as	runtime	declared
Loop	classify	into	runtime	declared
Loop	first	end	runtime	declared
Loop	flatmap	label	runtime	declared
Loop	map	deep	runtime	declared
Loop	map	duck	runtime	declared
Loop	map	flat	runtime	declared
Loop	map	item	runtime	declared
Loop	map	label	runtime	declared
Loop	map	node	runtime	declared
Loop	max	by	runtime	declared
Loop	max	k	runtime	declared
Loop	max	kv	runtime	declared
Loop	max	p	runtime	declared
Loop	max	v	runtime	declared
Loop	min	by	runtime	declared
Loop	min	k	runtime	declared
Loop	min	kv	runtime	declared
Loop	min	p	runtime	declared
Loop	min	v	runtime	declared
Loop	minmax	by	runtime	declared
Loop	repeated	as	runtime	declared
Loop	repeated	with	runtime	declared
Loop	rotor	partial	runtime	declared
Loop	squish	as	runtime	declared
Loop	squish	with	runtime	declared
Loop	toggle	off	runtime	declared
Loop	unique	as	runtime	declared
Loop	unique	with	runtime	declared
LoweredAwayLexical	batch	elems	runtime	declared
LoweredAwayLexical	categorize	as	runtime	declared
LoweredAwayLexical	categorize	into	runtime	declared
LoweredAwayLexical	classify	as	runtime	declared
LoweredAwayLexical	classify	into	runtime	declared
LoweredAwayLexical	first	end	runtime	declared
LoweredAwayLexical	flatmap	label	runtime	declared
LoweredAwayLexical	map	deep	runtime	declared
LoweredAwayLexical	map	duck	runtime	declared
LoweredAwayLexical	map	flat	runtime	declared
LoweredAwayLexical	map	item	runtime	declared
LoweredAwayLexical	map	label	runtime	declared
LoweredAwayLexical	map	node	runtime	declared
LoweredAwayLexical	max	by	runtime	declared
LoweredAwayLexical	max	k	runtime	declared
LoweredAwayLexical	max	kv	runtime	declared
LoweredAwayLexical	max	p	runtime	declared
LoweredAwayLexical	max	v	runtime	declared
LoweredAwayLexical	min	by	runtime	declared
LoweredAwayLexical	min	k	runtime	declared
LoweredAwayLexical	min	kv	runtime	declared
LoweredAwayLexical	min	p	runtime	declared
LoweredAwayLexical	min	v	runtime	declared
LoweredAwayLexical	minmax	by	runtime	declared
LoweredAwayLexical	repeated	as	runtime	declared
LoweredAwayLexical	repeated	with	runtime	declared
LoweredAwayLexical	rotor	partial	runtime	declared
LoweredAwayLexical	squish	as	runtime	declared
LoweredAwayLexical	squish	with	runtime	declared
LoweredAwayLexical	toggle	off	runtime	declared
LoweredAwayLexical	unique	as	runtime	declared
LoweredAwayLexical	unique	with	runtime	declared
Map	STORE	DECONT	runtime	declared
Map	STORE	INITIALIZE	runtime	declared
Map	contains	i	runtime	declared
Map	contains	ignorecase	runtime	declared
Map	contains	ignoremark	runtime	declared
Map	contains	m	runtime	declared
Map	flat	hammer	runtime	declared
Map	hyper	batch	runtime	declared
Map	hyper	degree	runtime	declared
Map	index	i	runtime	declared
Map	index	ignorecase	runtime	declared
Map	index	ignoremark	runtime	declared
Map	index	m	runtime	declared
Map	race	batch	runtime	declared
Map	race	degree	runtime	declared
MapSupply	batch	elems	runtime	declared
MapSupply	categorize	as	runtime	declared
MapSupply	categorize	into	runtime	declared
MapSupply	classify	as	runtime	declared
MapSupply	classify	into	runtime	declared
MapSupply	first	end	runtime	declared
MapSupply	flatmap	label	runtime	declared
MapSupply	map	deep	runtime	declared
MapSupply	map	duck	runtime	declared
MapSupply	map	flat	runtime	declared
MapSupply	map	item	runtime	declared
MapSupply	map	label	runtime	declared
MapSupply	map	node	runtime	declared
MapSupply	max	by	runtime	declared
MapSupply	max	k	runtime	declared
MapSupply	max	kv	runtime	declared
MapSupply	max	p	runtime	declared
MapSupply	max	v	runtime	declared
MapSupply	min	by	runtime	declared
MapSupply	min	k	runtime	declared
MapSupply	min	kv	runtime	declared
MapSupply	min	p	runtime	declared
MapSupply	min	v	runtime	declared
MapSupply	minmax	by	runtime	declared
MapSupply	repeated	as	runtime	declared
MapSupply	repeated	with	runtime	declared
MapSupply	rotor	partial	runtime	declared
MapSupply	squish	as	runtime	declared
MapSupply	squish	with	runtime	declared
MapSupply	toggle	off	runtime	declared
MapSupply	unique	as	runtime	declared
MapSupply	unique	with	runtime	declared
Mapper	batch	elems	runtime	declared
Mapper	categorize	as	runtime	declared
Mapper	categorize	into	runtime	declared
Mapper	classify	as	runtime	declared
Mapper	classify	into	runtime	declared
Mapper	first	end	runtime	declared
Mapper	flatmap	label	runtime	declared
Mapper	map	deep	runtime	declared
Mapper	map	duck	runtime	declared
Mapper	map	flat	runtime	declared
Mapper	map	item	runtime	declared
Mapper	map	label	runtime	declared
Mapper	map	node	runtime	declared
Mapper	max	by	runtime	declared
Mapper	max	k	runtime	declared
Mapper	max	kv	runtime	declared
Mapper	max	p	runtime	declared
Mapper	max	v	runtime	declared
Mapper	min	by	runtime	declared
Mapper	min	k	runtime	declared
Mapper	min	kv	runtime	declared
Mapper	min	p	runtime	declared
Mapper	min	v	runtime	declared
Mapper	minmax	by	runtime	declared
Mapper	repeated	as	runtime	declared
Mapper	repeated	with	runtime	declared
Mapper	rotor	partial	runtime	declared
Mapper	squish	as	runtime	declared
Mapper	squish	with	runtime	declared
Mapper	toggle	off	runtime	declared
Mapper	unique	as	runtime	declared
Mapper	unique	with	runtime	declared
Mappy	batch	elems	runtime	declared
Mappy	categorize	as	runtime	declared
Mappy	categorize	into	runtime	declared
Mappy	classify	as	runtime	declared
Mappy	classify	into	runtime	declared
Mappy	first	end	runtime	declared
Mappy	flatmap	label	runtime	declared
Mappy	map	deep	runtime	declared
Mappy	map	duck	runtime	declared
Mappy	map	flat	runtime	declared
Mappy	map	item	runtime	declared
Mappy	map	label	runtime	declared
Mappy	map	node	runtime	declared
Mappy	max	by	runtime	declared
Mappy	max	k	runtime	declared
Mappy	max	kv	runtime	declared
Mappy	max	p	runtime	declared
Mappy	max	v	runtime	declared
Mappy	min	by	runtime	declared
Mappy	min	k	runtime	declared
Mappy	min	kv	runtime	declared
Mappy	min	p	runtime	declared
Mappy	min	v	runtime	declared
Mappy	minmax	by	runtime	declared
Mappy	repeated	as	runtime	declared
Mappy	repeated	with	runtime	declared
Mappy	rotor	partial	runtime	declared
Mappy	squish	as	runtime	declared
Mappy	squish	with	runtime	declared
Mappy	toggle	off	runtime	declared
Mappy	unique	as	runtime	declared
Mappy	unique	with	runtime	declared
Match	BUILD	ast	runtime	declared
Match	BUILD	braid	runtime	declared
Match	BUILD	from	runtime	declared
Match	BUILD	hash	runtime	declared
Match	BUILD	list	runtime	declared
Match	BUILD	made	runtime	declared
Match	BUILD	orig	runtime	declared
Match	BUILD	pos	runtime	declared
Match	BUILD	shared	runtime	declared
Match	BUILD	to	runtime	declared
MatchCursor	batch	elems	runtime	declared
MatchCursor	categorize	as	runtime	declared
MatchCursor	categorize	into	runtime	declared
MatchCursor	classify	as	runtime	declared
MatchCursor	classify	into	runtime	declared
MatchCursor	first	end	runtime	declared
MatchCursor	flatmap	label	runtime	declared
MatchCursor	map	deep	runtime	declared
MatchCursor	map	duck	runtime	declared
MatchCursor	map	flat	runtime	declared
MatchCursor	map	item	runtime	declared
MatchCursor	map	label	runtime	declared
MatchCursor	map	node	runtime	declared
MatchCursor	max	by	runtime	declared
MatchCursor	max	k	runtime	declared
MatchCursor	max	kv	runtime	declared
MatchCursor	max	p	runtime	declared
MatchCursor	max	v	runtime	declared
MatchCursor	min	by	runtime	declared
MatchCursor	min	k	runtime	declared
MatchCursor	min	kv	runtime	declared
MatchCursor	min	p	runtime	declared
MatchCursor	min	v	runtime	declared
MatchCursor	minmax	by	runtime	declared
MatchCursor	repeated	as	runtime	declared
MatchCursor	repeated	with	runtime	declared
MatchCursor	rotor	partial	runtime	declared
MatchCursor	squish	as	runtime	declared
MatchCursor	squish	with	runtime	declared
MatchCursor	toggle	off	runtime	declared
MatchCursor	unique	as	runtime	declared
MatchCursor	unique	with	runtime	declared
MatchCursorLimit	batch	elems	runtime	declared
MatchCursorLimit	categorize	as	runtime	declared
MatchCursorLimit	categorize	into	runtime	declared
MatchCursorLimit	classify	as	runtime	declared
MatchCursorLimit	classify	into	runtime	declared
MatchCursorLimit	first	end	runtime	declared
MatchCursorLimit	flatmap	label	runtime	declared
MatchCursorLimit	map	deep	runtime	declared
MatchCursorLimit	map	duck	runtime	declared
MatchCursorLimit	map	flat	runtime	declared
MatchCursorLimit	map	item	runtime	declared
MatchCursorLimit	map	label	runtime	declared
MatchCursorLimit	map	node	runtime	declared
MatchCursorLimit	max	by	runtime	declared
MatchCursorLimit	max	k	runtime	declared
MatchCursorLimit	max	kv	runtime	declared
MatchCursorLimit	max	p	runtime	declared
MatchCursorLimit	max	v	runtime	declared
MatchCursorLimit	min	by	runtime	declared
MatchCursorLimit	min	k	runtime	declared
MatchCursorLimit	min	kv	runtime	declared
MatchCursorLimit	min	p	runtime	declared
MatchCursorLimit	min	v	runtime	declared
MatchCursorLimit	minmax	by	runtime	declared
MatchCursorLimit	repeated	as	runtime	declared
MatchCursorLimit	repeated	with	runtime	declared
MatchCursorLimit	rotor	partial	runtime	declared
MatchCursorLimit	squish	as	runtime	declared
MatchCursorLimit	squish	with	runtime	declared
MatchCursorLimit	toggle	off	runtime	declared
MatchCursorLimit	unique	as	runtime	declared
MatchCursorLimit	unique	with	runtime	declared
MatchMatch	batch	elems	runtime	declared
MatchMatch	categorize	as	runtime	declared
MatchMatch	categorize	into	runtime	declared
MatchMatch	classify	as	runtime	declared
MatchMatch	classify	into	runtime	declared
MatchMatch	first	end	runtime	declared
MatchMatch	flatmap	label	runtime	declared
MatchMatch	map	deep	runtime	declared
MatchMatch	map	duck	runtime	declared
MatchMatch	map	flat	runtime	declared
MatchMatch	map	item	runtime	declared
MatchMatch	map	label	runtime	declared
MatchMatch	map	node	runtime	declared
MatchMatch	max	by	runtime	declared
MatchMatch	max	k	runtime	declared
MatchMatch	max	kv	runtime	declared
MatchMatch	max	p	runtime	declared
MatchMatch	max	v	runtime	declared
MatchMatch	min	by	runtime	declared
MatchMatch	min	k	runtime	declared
MatchMatch	min	kv	runtime	declared
MatchMatch	min	p	runtime	declared
MatchMatch	min	v	runtime	declared
MatchMatch	minmax	by	runtime	declared
MatchMatch	repeated	as	runtime	declared
MatchMatch	repeated	with	runtime	declared
MatchMatch	rotor	partial	runtime	declared
MatchMatch	squish	as	runtime	declared
MatchMatch	squish	with	runtime	declared
MatchMatch	toggle	off	runtime	declared
MatchMatch	unique	as	runtime	declared
MatchMatch	unique	with	runtime	declared
MatchSplit	batch	elems	runtime	declared
MatchSplit	categorize	as	runtime	declared
MatchSplit	categorize	into	runtime	declared
MatchSplit	classify	as	runtime	declared
MatchSplit	classify	into	runtime	declared
MatchSplit	first	end	runtime	declared
MatchSplit	flatmap	label	runtime	declared
MatchSplit	map	deep	runtime	declared
MatchSplit	map	duck	runtime	declared
MatchSplit	map	flat	runtime	declared
MatchSplit	map	item	runtime	declared
MatchSplit	map	label	runtime	declared
MatchSplit	map	node	runtime	declared
MatchSplit	max	by	runtime	declared
MatchSplit	max	k	runtime	declared
MatchSplit	max	kv	runtime	declared
MatchSplit	max	p	runtime	declared
MatchSplit	max	v	runtime	declared
MatchSplit	min	by	runtime	declared
MatchSplit	min	k	runtime	declared
MatchSplit	min	kv	runtime	declared
MatchSplit	min	p	runtime	declared
MatchSplit	min	v	runtime	declared
MatchSplit	minmax	by	runtime	declared
MatchSplit	repeated	as	runtime	declared
MatchSplit	repeated	with	runtime	declared
MatchSplit	rotor	partial	runtime	declared
MatchSplit	squish	as	runtime	declared
MatchSplit	squish	with	runtime	declared
MatchSplit	toggle	off	runtime	declared
MatchSplit	unique	as	runtime	declared
MatchSplit	unique	with	runtime	declared
MatchSplitMap	batch	elems	runtime	declared
MatchSplitMap	categorize	as	runtime	declared
MatchSplitMap	categorize	into	runtime	declared
MatchSplitMap	classify	as	runtime	declared
MatchSplitMap	classify	into	runtime	declared
MatchSplitMap	first	end	runtime	declared
MatchSplitMap	flatmap	label	runtime	declared
MatchSplitMap	map	deep	runtime	declared
MatchSplitMap	map	duck	runtime	declared
MatchSplitMap	map	flat	runtime	declared
MatchSplitMap	map	item	runtime	declared
MatchSplitMap	map	label	runtime	declared
MatchSplitMap	map	node	runtime	declared
MatchSplitMap	max	by	runtime	declared
MatchSplitMap	max	k	runtime	declared
MatchSplitMap	max	kv	runtime	declared
MatchSplitMap	max	p	runtime	declared
MatchSplitMap	max	v	runtime	declared
MatchSplitMap	min	by	runtime	declared
MatchSplitMap	min	k	runtime	declared
MatchSplitMap	min	kv	runtime	declared
MatchSplitMap	min	p	runtime	declared
MatchSplitMap	min	v	runtime	declared
MatchSplitMap	minmax	by	runtime	declared
MatchSplitMap	repeated	as	runtime	declared
MatchSplitMap	repeated	with	runtime	declared
MatchSplitMap	rotor	partial	runtime	declared
MatchSplitMap	squish	as	runtime	declared
MatchSplitMap	squish	with	runtime	declared
MatchSplitMap	toggle	off	runtime	declared
MatchSplitMap	unique	as	runtime	declared
MatchSplitMap	unique	with	runtime	declared
MatchStr	batch	elems	runtime	declared
MatchStr	categorize	as	runtime	declared
MatchStr	categorize	into	runtime	declared
MatchStr	classify	as	runtime	declared
MatchStr	classify	into	runtime	declared
MatchStr	first	end	runtime	declared
MatchStr	flatmap	label	runtime	declared
MatchStr	map	deep	runtime	declared
MatchStr	map	duck	runtime	declared
MatchStr	map	flat	runtime	declared
MatchStr	map	item	runtime	declared
MatchStr	map	label	runtime	declared
MatchStr	map	node	runtime	declared
MatchStr	max	by	runtime	declared
MatchStr	max	k	runtime	declared
MatchStr	max	kv	runtime	declared
MatchStr	max	p	runtime	declared
MatchStr	max	v	runtime	declared
MatchStr	min	by	runtime	declared
MatchStr	min	k	runtime	declared
MatchStr	min	kv	runtime	declared
MatchStr	min	p	runtime	declared
MatchStr	min	v	runtime	declared
MatchStr	minmax	by	runtime	declared
MatchStr	repeated	as	runtime	declared
MatchStr	repeated	with	runtime	declared
MatchStr	rotor	partial	runtime	declared
MatchStr	squish	as	runtime	declared
MatchStr	squish	with	runtime	declared
MatchStr	toggle	off	runtime	declared
MatchStr	unique	as	runtime	declared
MatchStr	unique	with	runtime	declared
MemCopy	batch	elems	runtime	declared
MemCopy	categorize	as	runtime	declared
MemCopy	categorize	into	runtime	declared
MemCopy	classify	as	runtime	declared
MemCopy	classify	into	runtime	declared
MemCopy	first	end	runtime	declared
MemCopy	flatmap	label	runtime	declared
MemCopy	map	deep	runtime	declared
MemCopy	map	duck	runtime	declared
MemCopy	map	flat	runtime	declared
MemCopy	map	item	runtime	declared
MemCopy	map	label	runtime	declared
MemCopy	map	node	runtime	declared
MemCopy	max	by	runtime	declared
MemCopy	max	k	runtime	declared
MemCopy	max	kv	runtime	declared
MemCopy	max	p	runtime	declared
MemCopy	max	v	runtime	declared
MemCopy	min	by	runtime	declared
MemCopy	min	k	runtime	declared
MemCopy	min	kv	runtime	declared
MemCopy	min	p	runtime	declared
MemCopy	min	v	runtime	declared
MemCopy	minmax	by	runtime	declared
MemCopy	repeated	as	runtime	declared
MemCopy	repeated	with	runtime	declared
MemCopy	rotor	partial	runtime	declared
MemCopy	squish	as	runtime	declared
MemCopy	squish	with	runtime	declared
MemCopy	toggle	off	runtime	declared
MemCopy	unique	as	runtime	declared
MemCopy	unique	with	runtime	declared
MetaAssigner	batch	elems	runtime	declared
MetaAssigner	categorize	as	runtime	declared
MetaAssigner	categorize	into	runtime	declared
MetaAssigner	classify	as	runtime	declared
MetaAssigner	classify	into	runtime	declared
MetaAssigner	first	end	runtime	declared
MetaAssigner	flatmap	label	runtime	declared
MetaAssigner	map	deep	runtime	declared
MetaAssigner	map	duck	runtime	declared
MetaAssigner	map	flat	runtime	declared
MetaAssigner	map	item	runtime	declared
MetaAssigner	map	label	runtime	declared
MetaAssigner	map	node	runtime	declared
MetaAssigner	max	by	runtime	declared
MetaAssigner	max	k	runtime	declared
MetaAssigner	max	kv	runtime	declared
MetaAssigner	max	p	runtime	declared
MetaAssigner	max	v	runtime	declared
MetaAssigner	min	by	runtime	declared
MetaAssigner	min	k	runtime	declared
MetaAssigner	min	kv	runtime	declared
MetaAssigner	min	p	runtime	declared
MetaAssigner	min	v	runtime	declared
MetaAssigner	minmax	by	runtime	declared
MetaAssigner	repeated	as	runtime	declared
MetaAssigner	repeated	with	runtime	declared
MetaAssigner	rotor	partial	runtime	declared
MetaAssigner	squish	as	runtime	declared
MetaAssigner	squish	with	runtime	declared
MetaAssigner	toggle	off	runtime	declared
MetaAssigner	unique	as	runtime	declared
MetaAssigner	unique	with	runtime	declared
Metamodel::Primitives	configure_type_checking	authoritative	runtime	declared
Metamodel::Primitives	configure_type_checking	call_accepts	runtime	declared
Metamodel::Primitives	create_type	mixin	runtime	declared
Metamodel::Primitives	install_method_cache	authoritative	runtime	declared
Metamodel::v6e::GrammarHOW	batch	elems	runtime	declared
Metamodel::v6e::GrammarHOW	categorize	as	runtime	declared
Metamodel::v6e::GrammarHOW	categorize	into	runtime	declared
Metamodel::v6e::GrammarHOW	classify	as	runtime	declared
Metamodel::v6e::GrammarHOW	classify	into	runtime	declared
Metamodel::v6e::GrammarHOW	first	end	runtime	declared
Metamodel::v6e::GrammarHOW	flatmap	label	runtime	declared
Metamodel::v6e::GrammarHOW	map	deep	runtime	declared
Metamodel::v6e::GrammarHOW	map	duck	runtime	declared
Metamodel::v6e::GrammarHOW	map	flat	runtime	declared
Metamodel::v6e::GrammarHOW	map	item	runtime	declared
Metamodel::v6e::GrammarHOW	map	label	runtime	declared
Metamodel::v6e::GrammarHOW	map	node	runtime	declared
Metamodel::v6e::GrammarHOW	max	by	runtime	declared
Metamodel::v6e::GrammarHOW	max	k	runtime	declared
Metamodel::v6e::GrammarHOW	max	kv	runtime	declared
Metamodel::v6e::GrammarHOW	max	p	runtime	declared
Metamodel::v6e::GrammarHOW	max	v	runtime	declared
Metamodel::v6e::GrammarHOW	min	by	runtime	declared
Metamodel::v6e::GrammarHOW	min	k	runtime	declared
Metamodel::v6e::GrammarHOW	min	kv	runtime	declared
Metamodel::v6e::GrammarHOW	min	p	runtime	declared
Metamodel::v6e::GrammarHOW	min	v	runtime	declared
Metamodel::v6e::GrammarHOW	minmax	by	runtime	declared
Metamodel::v6e::GrammarHOW	repeated	as	runtime	declared
Metamodel::v6e::GrammarHOW	repeated	with	runtime	declared
Metamodel::v6e::GrammarHOW	rotor	partial	runtime	declared
Metamodel::v6e::GrammarHOW	squish	as	runtime	declared
Metamodel::v6e::GrammarHOW	squish	with	runtime	declared
Metamodel::v6e::GrammarHOW	toggle	off	runtime	declared
Metamodel::v6e::GrammarHOW	unique	as	runtime	declared
Metamodel::v6e::GrammarHOW	unique	with	runtime	declared
Mix	STORE	INITIALIZE	runtime	declared
MixHash	Mix	view	runtime	declared
Mkvp	batch	elems	runtime	declared
Mkvp	categorize	as	runtime	declared
Mkvp	categorize	into	runtime	declared
Mkvp	classify	as	runtime	declared
Mkvp	classify	into	runtime	declared
Mkvp	first	end	runtime	declared
Mkvp	flatmap	label	runtime	declared
Mkvp	map	deep	runtime	declared
Mkvp	map	duck	runtime	declared
Mkvp	map	flat	runtime	declared
Mkvp	map	item	runtime	declared
Mkvp	map	label	runtime	declared
Mkvp	map	node	runtime	declared
Mkvp	max	by	runtime	declared
Mkvp	max	k	runtime	declared
Mkvp	max	kv	runtime	declared
Mkvp	max	p	runtime	declared
Mkvp	max	v	runtime	declared
Mkvp	min	by	runtime	declared
Mkvp	min	k	runtime	declared
Mkvp	min	kv	runtime	declared
Mkvp	min	p	runtime	declared
Mkvp	min	v	runtime	declared
Mkvp	minmax	by	runtime	declared
Mkvp	repeated	as	runtime	declared
Mkvp	repeated	with	runtime	declared
Mkvp	rotor	partial	runtime	declared
Mkvp	squish	as	runtime	declared
Mkvp	squish	with	runtime	declared
Mkvp	toggle	off	runtime	declared
Mkvp	unique	as	runtime	declared
Mkvp	unique	with	runtime	declared
MonotonicIndexes	batch	elems	runtime	declared
MonotonicIndexes	categorize	as	runtime	declared
MonotonicIndexes	categorize	into	runtime	declared
MonotonicIndexes	classify	as	runtime	declared
MonotonicIndexes	classify	into	runtime	declared
MonotonicIndexes	first	end	runtime	declared
MonotonicIndexes	flatmap	label	runtime	declared
MonotonicIndexes	map	deep	runtime	declared
MonotonicIndexes	map	duck	runtime	declared
MonotonicIndexes	map	flat	runtime	declared
MonotonicIndexes	map	item	runtime	declared
MonotonicIndexes	map	label	runtime	declared
MonotonicIndexes	map	node	runtime	declared
MonotonicIndexes	max	by	runtime	declared
MonotonicIndexes	max	k	runtime	declared
MonotonicIndexes	max	kv	runtime	declared
MonotonicIndexes	max	p	runtime	declared
MonotonicIndexes	max	v	runtime	declared
MonotonicIndexes	min	by	runtime	declared
MonotonicIndexes	min	k	runtime	declared
MonotonicIndexes	min	kv	runtime	declared
MonotonicIndexes	min	p	runtime	declared
MonotonicIndexes	min	v	runtime	declared
MonotonicIndexes	minmax	by	runtime	declared
MonotonicIndexes	repeated	as	runtime	declared
MonotonicIndexes	repeated	with	runtime	declared
MonotonicIndexes	rotor	partial	runtime	declared
MonotonicIndexes	squish	as	runtime	declared
MonotonicIndexes	squish	with	runtime	declared
MonotonicIndexes	toggle	off	runtime	declared
MonotonicIndexes	unique	as	runtime	declared
MonotonicIndexes	unique	with	runtime	declared
Mu	DUMP	ctx	runtime	declared
Mu	DUMP	indent-step	runtime	declared
Mu	DUMP-PIECES	indent	runtime	declared
Mu	DUMP-PIECES	indent-step	runtime	declared
Mu	WALK	ascendant	runtime	declared
Mu	WALK	breadth	runtime	declared
Mu	WALK	canonical	runtime	declared
Mu	WALK	descendant	runtime	declared
Mu	WALK	include	runtime	declared
Mu	WALK	methods	runtime	declared
Mu	WALK	name	runtime	declared
Mu	WALK	omit	runtime	declared
Mu	WALK	preorder	runtime	declared
Mu	WALK	roles	runtime	declared
Mu	WALK	submethods	runtime	declared
Mu	WALK	super	runtime	declared
NATCPY	batch	elems	runtime	declared
NATCPY	categorize	as	runtime	declared
NATCPY	categorize	into	runtime	declared
NATCPY	classify	as	runtime	declared
NATCPY	classify	into	runtime	declared
NATCPY	first	end	runtime	declared
NATCPY	flatmap	label	runtime	declared
NATCPY	map	deep	runtime	declared
NATCPY	map	duck	runtime	declared
NATCPY	map	flat	runtime	declared
NATCPY	map	item	runtime	declared
NATCPY	map	label	runtime	declared
NATCPY	map	node	runtime	declared
NATCPY	max	by	runtime	declared
NATCPY	max	k	runtime	declared
NATCPY	max	kv	runtime	declared
NATCPY	max	p	runtime	declared
NATCPY	max	v	runtime	declared
NATCPY	min	by	runtime	declared
NATCPY	min	k	runtime	declared
NATCPY	min	kv	runtime	declared
NATCPY	min	p	runtime	declared
NATCPY	min	v	runtime	declared
NATCPY	minmax	by	runtime	declared
NATCPY	repeated	as	runtime	declared
NATCPY	repeated	with	runtime	declared
NATCPY	rotor	partial	runtime	declared
NATCPY	squish	as	runtime	declared
NATCPY	squish	with	runtime	declared
NATCPY	toggle	off	runtime	declared
NATCPY	unique	as	runtime	declared
NATCPY	unique	with	runtime	declared
NGrams	batch	elems	runtime	declared
NGrams	categorize	as	runtime	declared
NGrams	categorize	into	runtime	declared
NGrams	classify	as	runtime	declared
NGrams	classify	into	runtime	declared
NGrams	first	end	runtime	declared
NGrams	flatmap	label	runtime	declared
NGrams	map	deep	runtime	declared
NGrams	map	duck	runtime	declared
NGrams	map	flat	runtime	declared
NGrams	map	item	runtime	declared
NGrams	map	label	runtime	declared
NGrams	map	node	runtime	declared
NGrams	max	by	runtime	declared
NGrams	max	k	runtime	declared
NGrams	max	kv	runtime	declared
NGrams	max	p	runtime	declared
NGrams	max	v	runtime	declared
NGrams	min	by	runtime	declared
NGrams	min	k	runtime	declared
NGrams	min	kv	runtime	declared
NGrams	min	p	runtime	declared
NGrams	min	v	runtime	declared
NGrams	minmax	by	runtime	declared
NGrams	repeated	as	runtime	declared
NGrams	repeated	with	runtime	declared
NGrams	rotor	partial	runtime	declared
NGrams	squish	as	runtime	declared
NGrams	squish	with	runtime	declared
NGrams	toggle	off	runtime	declared
NGrams	unique	as	runtime	declared
NGrams	unique	with	runtime	declared
NOK	batch	elems	runtime	declared
NOK	categorize	as	runtime	declared
NOK	categorize	into	runtime	declared
NOK	classify	as	runtime	declared
NOK	classify	into	runtime	declared
NOK	first	end	runtime	declared
NOK	flatmap	label	runtime	declared
NOK	map	deep	runtime	declared
NOK	map	duck	runtime	declared
NOK	map	flat	runtime	declared
NOK	map	item	runtime	declared
NOK	map	label	runtime	declared
NOK	map	node	runtime	declared
NOK	max	by	runtime	declared
NOK	max	k	runtime	declared
NOK	max	kv	runtime	declared
NOK	max	p	runtime	declared
NOK	max	v	runtime	declared
NOK	min	by	runtime	declared
NOK	min	k	runtime	declared
NOK	min	kv	runtime	declared
NOK	min	p	runtime	declared
NOK	min	v	runtime	declared
NOK	minmax	by	runtime	declared
NOK	repeated	as	runtime	declared
NOK	repeated	with	runtime	declared
NOK	rotor	partial	runtime	declared
NOK	squish	as	runtime	declared
NOK	squish	with	runtime	declared
NOK	toggle	off	runtime	declared
NOK	unique	as	runtime	declared
NOK	unique	with	runtime	declared
NativeIntReverse	batch	elems	runtime	declared
NativeIntReverse	categorize	as	runtime	declared
NativeIntReverse	categorize	into	runtime	declared
NativeIntReverse	classify	as	runtime	declared
NativeIntReverse	classify	into	runtime	declared
NativeIntReverse	first	end	runtime	declared
NativeIntReverse	flatmap	label	runtime	declared
NativeIntReverse	map	deep	runtime	declared
NativeIntReverse	map	duck	runtime	declared
NativeIntReverse	map	flat	runtime	declared
NativeIntReverse	map	item	runtime	declared
NativeIntReverse	map	label	runtime	declared
NativeIntReverse	map	node	runtime	declared
NativeIntReverse	max	by	runtime	declared
NativeIntReverse	max	k	runtime	declared
NativeIntReverse	max	kv	runtime	declared
NativeIntReverse	max	p	runtime	declared
NativeIntReverse	max	v	runtime	declared
NativeIntReverse	min	by	runtime	declared
NativeIntReverse	min	k	runtime	declared
NativeIntReverse	min	kv	runtime	declared
NativeIntReverse	min	p	runtime	declared
NativeIntReverse	min	v	runtime	declared
NativeIntReverse	minmax	by	runtime	declared
NativeIntReverse	repeated	as	runtime	declared
NativeIntReverse	repeated	with	runtime	declared
NativeIntReverse	rotor	partial	runtime	declared
NativeIntReverse	squish	as	runtime	declared
NativeIntReverse	squish	with	runtime	declared
NativeIntReverse	toggle	off	runtime	declared
NativeIntReverse	unique	as	runtime	declared
NativeIntReverse	unique	with	runtime	declared
NegativeInf	batch	elems	runtime	declared
NegativeInf	categorize	as	runtime	declared
NegativeInf	categorize	into	runtime	declared
NegativeInf	classify	as	runtime	declared
NegativeInf	classify	into	runtime	declared
NegativeInf	first	end	runtime	declared
NegativeInf	flatmap	label	runtime	declared
NegativeInf	map	deep	runtime	declared
NegativeInf	map	duck	runtime	declared
NegativeInf	map	flat	runtime	declared
NegativeInf	map	item	runtime	declared
NegativeInf	map	label	runtime	declared
NegativeInf	map	node	runtime	declared
NegativeInf	max	by	runtime	declared
NegativeInf	max	k	runtime	declared
NegativeInf	max	kv	runtime	declared
NegativeInf	max	p	runtime	declared
NegativeInf	max	v	runtime	declared
NegativeInf	min	by	runtime	declared
NegativeInf	min	k	runtime	declared
NegativeInf	min	kv	runtime	declared
NegativeInf	min	p	runtime	declared
NegativeInf	min	v	runtime	declared
NegativeInf	minmax	by	runtime	declared
NegativeInf	repeated	as	runtime	declared
NegativeInf	repeated	with	runtime	declared
NegativeInf	rotor	partial	runtime	declared
NegativeInf	squish	as	runtime	declared
NegativeInf	squish	with	runtime	declared
NegativeInf	toggle	off	runtime	declared
NegativeInf	unique	as	runtime	declared
NegativeInf	unique	with	runtime	declared
NextNValues	batch	elems	runtime	declared
NextNValues	categorize	as	runtime	declared
NextNValues	categorize	into	runtime	declared
NextNValues	classify	as	runtime	declared
NextNValues	classify	into	runtime	declared
NextNValues	first	end	runtime	declared
NextNValues	flatmap	label	runtime	declared
NextNValues	map	deep	runtime	declared
NextNValues	map	duck	runtime	declared
NextNValues	map	flat	runtime	declared
NextNValues	map	item	runtime	declared
NextNValues	map	label	runtime	declared
NextNValues	map	node	runtime	declared
NextNValues	max	by	runtime	declared
NextNValues	max	k	runtime	declared
NextNValues	max	kv	runtime	declared
NextNValues	max	p	runtime	declared
NextNValues	max	v	runtime	declared
NextNValues	min	by	runtime	declared
NextNValues	min	k	runtime	declared
NextNValues	min	kv	runtime	declared
NextNValues	min	p	runtime	declared
NextNValues	min	v	runtime	declared
NextNValues	minmax	by	runtime	declared
NextNValues	repeated	as	runtime	declared
NextNValues	repeated	with	runtime	declared
NextNValues	rotor	partial	runtime	declared
NextNValues	squish	as	runtime	declared
NextNValues	squish	with	runtime	declared
NextNValues	toggle	off	runtime	declared
NextNValues	unique	as	runtime	declared
NextNValues	unique	with	runtime	declared
Nil	batch	elems	runtime	declared
Nil	categorize	as	runtime	declared
Nil	categorize	into	runtime	declared
Nil	classify	as	runtime	declared
Nil	classify	into	runtime	declared
Nil	first	end	runtime	declared
Nil	flatmap	label	runtime	declared
Nil	map	deep	runtime	declared
Nil	map	duck	runtime	declared
Nil	map	flat	runtime	declared
Nil	map	item	runtime	declared
Nil	map	label	runtime	declared
Nil	map	node	runtime	declared
Nil	max	by	runtime	declared
Nil	max	k	runtime	declared
Nil	max	kv	runtime	declared
Nil	max	p	runtime	declared
Nil	max	v	runtime	declared
Nil	min	by	runtime	declared
Nil	min	k	runtime	declared
Nil	min	kv	runtime	declared
Nil	min	p	runtime	declared
Nil	min	v	runtime	declared
Nil	minmax	by	runtime	declared
Nil	repeated	as	runtime	declared
Nil	repeated	with	runtime	declared
Nil	rotor	partial	runtime	declared
Nil	squish	as	runtime	declared
Nil	squish	with	runtime	declared
Nil	toggle	off	runtime	declared
Nil	unique	as	runtime	declared
Nil	unique	with	runtime	declared
Node	batch	elems	runtime	declared
Node	categorize	as	runtime	declared
Node	categorize	into	runtime	declared
Node	classify	as	runtime	declared
Node	classify	into	runtime	declared
Node	first	end	runtime	declared
Node	flatmap	label	runtime	declared
Node	map	deep	runtime	declared
Node	map	duck	runtime	declared
Node	map	flat	runtime	declared
Node	map	item	runtime	declared
Node	map	label	runtime	declared
Node	map	node	runtime	declared
Node	max	by	runtime	declared
Node	max	k	runtime	declared
Node	max	kv	runtime	declared
Node	max	p	runtime	declared
Node	max	v	runtime	declared
Node	min	by	runtime	declared
Node	min	k	runtime	declared
Node	min	kv	runtime	declared
Node	min	p	runtime	declared
Node	min	v	runtime	declared
Node	minmax	by	runtime	declared
Node	repeated	as	runtime	declared
Node	repeated	with	runtime	declared
Node	rotor	partial	runtime	declared
Node	squish	as	runtime	declared
Node	squish	with	runtime	declared
Node	toggle	off	runtime	declared
Node	unique	as	runtime	declared
Node	unique	with	runtime	declared
NotEQV	batch	elems	runtime	declared
NotEQV	categorize	as	runtime	declared
NotEQV	categorize	into	runtime	declared
NotEQV	classify	as	runtime	declared
NotEQV	classify	into	runtime	declared
NotEQV	first	end	runtime	declared
NotEQV	flatmap	label	runtime	declared
NotEQV	map	deep	runtime	declared
NotEQV	map	duck	runtime	declared
NotEQV	map	flat	runtime	declared
NotEQV	map	item	runtime	declared
NotEQV	map	label	runtime	declared
NotEQV	map	node	runtime	declared
NotEQV	max	by	runtime	declared
NotEQV	max	k	runtime	declared
NotEQV	max	kv	runtime	declared
NotEQV	max	p	runtime	declared
NotEQV	max	v	runtime	declared
NotEQV	min	by	runtime	declared
NotEQV	min	k	runtime	declared
NotEQV	min	kv	runtime	declared
NotEQV	min	p	runtime	declared
NotEQV	min	v	runtime	declared
NotEQV	minmax	by	runtime	declared
NotEQV	repeated	as	runtime	declared
NotEQV	repeated	with	runtime	declared
NotEQV	rotor	partial	runtime	declared
NotEQV	squish	as	runtime	declared
NotEQV	squish	with	runtime	declared
NotEQV	toggle	off	runtime	declared
NotEQV	unique	as	runtime	declared
NotEQV	unique	with	runtime	declared
Num	DUMP	ctx	runtime	declared
Num	DUMP	indent-step	runtime	declared
NumCopy	batch	elems	runtime	declared
NumCopy	categorize	as	runtime	declared
NumCopy	categorize	into	runtime	declared
NumCopy	classify	as	runtime	declared
NumCopy	classify	into	runtime	declared
NumCopy	first	end	runtime	declared
NumCopy	flatmap	label	runtime	declared
NumCopy	map	deep	runtime	declared
NumCopy	map	duck	runtime	declared
NumCopy	map	flat	runtime	declared
NumCopy	map	item	runtime	declared
NumCopy	map	label	runtime	declared
NumCopy	map	node	runtime	declared
NumCopy	max	by	runtime	declared
NumCopy	max	k	runtime	declared
NumCopy	max	kv	runtime	declared
NumCopy	max	p	runtime	declared
NumCopy	max	v	runtime	declared
NumCopy	min	by	runtime	declared
NumCopy	min	k	runtime	declared
NumCopy	min	kv	runtime	declared
NumCopy	min	p	runtime	declared
NumCopy	min	v	runtime	declared
NumCopy	minmax	by	runtime	declared
NumCopy	repeated	as	runtime	declared
NumCopy	repeated	with	runtime	declared
NumCopy	rotor	partial	runtime	declared
NumCopy	squish	as	runtime	declared
NumCopy	squish	with	runtime	declared
NumCopy	toggle	off	runtime	declared
NumCopy	unique	as	runtime	declared
NumCopy	unique	with	runtime	declared
NumFromInf	batch	elems	runtime	declared
NumFromInf	categorize	as	runtime	declared
NumFromInf	categorize	into	runtime	declared
NumFromInf	classify	as	runtime	declared
NumFromInf	classify	into	runtime	declared
NumFromInf	first	end	runtime	declared
NumFromInf	flatmap	label	runtime	declared
NumFromInf	map	deep	runtime	declared
NumFromInf	map	duck	runtime	declared
NumFromInf	map	flat	runtime	declared
NumFromInf	map	item	runtime	declared
NumFromInf	map	label	runtime	declared
NumFromInf	map	node	runtime	declared
NumFromInf	max	by	runtime	declared
NumFromInf	max	k	runtime	declared
NumFromInf	max	kv	runtime	declared
NumFromInf	max	p	runtime	declared
NumFromInf	max	v	runtime	declared
NumFromInf	min	by	runtime	declared
NumFromInf	min	k	runtime	declared
NumFromInf	min	kv	runtime	declared
NumFromInf	min	p	runtime	declared
NumFromInf	min	v	runtime	declared
NumFromInf	minmax	by	runtime	declared
NumFromInf	repeated	as	runtime	declared
NumFromInf	repeated	with	runtime	declared
NumFromInf	rotor	partial	runtime	declared
NumFromInf	squish	as	runtime	declared
NumFromInf	squish	with	runtime	declared
NumFromInf	toggle	off	runtime	declared
NumFromInf	unique	as	runtime	declared
NumFromInf	unique	with	runtime	declared
NumReverse	batch	elems	runtime	declared
NumReverse	categorize	as	runtime	declared
NumReverse	categorize	into	runtime	declared
NumReverse	classify	as	runtime	declared
NumReverse	classify	into	runtime	declared
NumReverse	first	end	runtime	declared
NumReverse	flatmap	label	runtime	declared
NumReverse	map	deep	runtime	declared
NumReverse	map	duck	runtime	declared
NumReverse	map	flat	runtime	declared
NumReverse	map	item	runtime	declared
NumReverse	map	label	runtime	declared
NumReverse	map	node	runtime	declared
NumReverse	max	by	runtime	declared
NumReverse	max	k	runtime	declared
NumReverse	max	kv	runtime	declared
NumReverse	max	p	runtime	declared
NumReverse	max	v	runtime	declared
NumReverse	min	by	runtime	declared
NumReverse	min	k	runtime	declared
NumReverse	min	kv	runtime	declared
NumReverse	min	p	runtime	declared
NumReverse	min	v	runtime	declared
NumReverse	minmax	by	runtime	declared
NumReverse	repeated	as	runtime	declared
NumReverse	repeated	with	runtime	declared
NumReverse	rotor	partial	runtime	declared
NumReverse	squish	as	runtime	declared
NumReverse	squish	with	runtime	declared
NumReverse	toggle	off	runtime	declared
NumReverse	unique	as	runtime	declared
NumReverse	unique	with	runtime	declared
NumStr	Numeric	fail-or-nil	runtime	declared
OBJCPY	batch	elems	runtime	declared
OBJCPY	categorize	as	runtime	declared
OBJCPY	categorize	into	runtime	declared
OBJCPY	classify	as	runtime	declared
OBJCPY	classify	into	runtime	declared
OBJCPY	first	end	runtime	declared
OBJCPY	flatmap	label	runtime	declared
OBJCPY	map	deep	runtime	declared
OBJCPY	map	duck	runtime	declared
OBJCPY	map	flat	runtime	declared
OBJCPY	map	item	runtime	declared
OBJCPY	map	label	runtime	declared
OBJCPY	map	node	runtime	declared
OBJCPY	max	by	runtime	declared
OBJCPY	max	k	runtime	declared
OBJCPY	max	kv	runtime	declared
OBJCPY	max	p	runtime	declared
OBJCPY	max	v	runtime	declared
OBJCPY	min	by	runtime	declared
OBJCPY	min	k	runtime	declared
OBJCPY	min	kv	runtime	declared
OBJCPY	min	p	runtime	declared
OBJCPY	min	v	runtime	declared
OBJCPY	minmax	by	runtime	declared
OBJCPY	repeated	as	runtime	declared
OBJCPY	repeated	with	runtime	declared
OBJCPY	rotor	partial	runtime	declared
OBJCPY	squish	as	runtime	declared
OBJCPY	squish	with	runtime	declared
OBJCPY	toggle	off	runtime	declared
OBJCPY	unique	as	runtime	declared
OBJCPY	unique	with	runtime	declared
OK	batch	elems	runtime	declared
OK	categorize	as	runtime	declared
OK	categorize	into	runtime	declared
OK	classify	as	runtime	declared
OK	classify	into	runtime	declared
OK	first	end	runtime	declared
OK	flatmap	label	runtime	declared
OK	map	deep	runtime	declared
OK	map	duck	runtime	declared
OK	map	flat	runtime	declared
OK	map	item	runtime	declared
OK	map	label	runtime	declared
OK	map	node	runtime	declared
OK	max	by	runtime	declared
OK	max	k	runtime	declared
OK	max	kv	runtime	declared
OK	max	p	runtime	declared
OK	max	v	runtime	declared
OK	min	by	runtime	declared
OK	min	k	runtime	declared
OK	min	kv	runtime	declared
OK	min	p	runtime	declared
OK	min	v	runtime	declared
OK	minmax	by	runtime	declared
OK	repeated	as	runtime	declared
OK	repeated	with	runtime	declared
OK	rotor	partial	runtime	declared
OK	squish	as	runtime	declared
OK	squish	with	runtime	declared
OK	toggle	off	runtime	declared
OK	unique	as	runtime	declared
OK	unique	with	runtime	declared
OnClose	batch	elems	runtime	declared
OnClose	categorize	as	runtime	declared
OnClose	categorize	into	runtime	declared
OnClose	classify	as	runtime	declared
OnClose	classify	into	runtime	declared
OnClose	first	end	runtime	declared
OnClose	flatmap	label	runtime	declared
OnClose	map	deep	runtime	declared
OnClose	map	duck	runtime	declared
OnClose	map	flat	runtime	declared
OnClose	map	item	runtime	declared
OnClose	map	label	runtime	declared
OnClose	map	node	runtime	declared
OnClose	max	by	runtime	declared
OnClose	max	k	runtime	declared
OnClose	max	kv	runtime	declared
OnClose	max	p	runtime	declared
OnClose	max	v	runtime	declared
OnClose	min	by	runtime	declared
OnClose	min	k	runtime	declared
OnClose	min	kv	runtime	declared
OnClose	min	p	runtime	declared
OnClose	min	v	runtime	declared
OnClose	minmax	by	runtime	declared
OnClose	repeated	as	runtime	declared
OnClose	repeated	with	runtime	declared
OnClose	rotor	partial	runtime	declared
OnClose	squish	as	runtime	declared
OnClose	squish	with	runtime	declared
OnClose	toggle	off	runtime	declared
OnClose	unique	as	runtime	declared
OnClose	unique	with	runtime	declared
OnDemand	batch	elems	runtime	declared
OnDemand	categorize	as	runtime	declared
OnDemand	categorize	into	runtime	declared
OnDemand	classify	as	runtime	declared
OnDemand	classify	into	runtime	declared
OnDemand	first	end	runtime	declared
OnDemand	flatmap	label	runtime	declared
OnDemand	map	deep	runtime	declared
OnDemand	map	duck	runtime	declared
OnDemand	map	flat	runtime	declared
OnDemand	map	item	runtime	declared
OnDemand	map	label	runtime	declared
OnDemand	map	node	runtime	declared
OnDemand	max	by	runtime	declared
OnDemand	max	k	runtime	declared
OnDemand	max	kv	runtime	declared
OnDemand	max	p	runtime	declared
OnDemand	max	v	runtime	declared
OnDemand	min	by	runtime	declared
OnDemand	min	k	runtime	declared
OnDemand	min	kv	runtime	declared
OnDemand	min	p	runtime	declared
OnDemand	min	v	runtime	declared
OnDemand	minmax	by	runtime	declared
OnDemand	repeated	as	runtime	declared
OnDemand	repeated	with	runtime	declared
OnDemand	rotor	partial	runtime	declared
OnDemand	squish	as	runtime	declared
OnDemand	squish	with	runtime	declared
OnDemand	toggle	off	runtime	declared
OnDemand	unique	as	runtime	declared
OnDemand	unique	with	runtime	declared
OneEmitTappable	batch	elems	runtime	declared
OneEmitTappable	categorize	as	runtime	declared
OneEmitTappable	categorize	into	runtime	declared
OneEmitTappable	classify	as	runtime	declared
OneEmitTappable	classify	into	runtime	declared
OneEmitTappable	first	end	runtime	declared
OneEmitTappable	flatmap	label	runtime	declared
OneEmitTappable	map	deep	runtime	declared
OneEmitTappable	map	duck	runtime	declared
OneEmitTappable	map	flat	runtime	declared
OneEmitTappable	map	item	runtime	declared
OneEmitTappable	map	label	runtime	declared
OneEmitTappable	map	node	runtime	declared
OneEmitTappable	max	by	runtime	declared
OneEmitTappable	max	k	runtime	declared
OneEmitTappable	max	kv	runtime	declared
OneEmitTappable	max	p	runtime	declared
OneEmitTappable	max	v	runtime	declared
OneEmitTappable	min	by	runtime	declared
OneEmitTappable	min	k	runtime	declared
OneEmitTappable	min	kv	runtime	declared
OneEmitTappable	min	p	runtime	declared
OneEmitTappable	min	v	runtime	declared
OneEmitTappable	minmax	by	runtime	declared
OneEmitTappable	repeated	as	runtime	declared
OneEmitTappable	repeated	with	runtime	declared
OneEmitTappable	rotor	partial	runtime	declared
OneEmitTappable	squish	as	runtime	declared
OneEmitTappable	squish	with	runtime	declared
OneEmitTappable	toggle	off	runtime	declared
OneEmitTappable	unique	as	runtime	declared
OneEmitTappable	unique	with	runtime	declared
OneValue	batch	elems	runtime	declared
OneValue	categorize	as	runtime	declared
OneValue	categorize	into	runtime	declared
OneValue	classify	as	runtime	declared
OneValue	classify	into	runtime	declared
OneValue	first	end	runtime	declared
OneValue	flatmap	label	runtime	declared
OneValue	map	deep	runtime	declared
OneValue	map	duck	runtime	declared
OneValue	map	flat	runtime	declared
OneValue	map	item	runtime	declared
OneValue	map	label	runtime	declared
OneValue	map	node	runtime	declared
OneValue	max	by	runtime	declared
OneValue	max	k	runtime	declared
OneValue	max	kv	runtime	declared
OneValue	max	p	runtime	declared
OneValue	max	v	runtime	declared
OneValue	min	by	runtime	declared
OneValue	min	k	runtime	declared
OneValue	min	kv	runtime	declared
OneValue	min	p	runtime	declared
OneValue	min	v	runtime	declared
OneValue	minmax	by	runtime	declared
OneValue	repeated	as	runtime	declared
OneValue	repeated	with	runtime	declared
OneValue	rotor	partial	runtime	declared
OneValue	squish	as	runtime	declared
OneValue	squish	with	runtime	declared
OneValue	toggle	off	runtime	declared
OneValue	unique	as	runtime	declared
OneValue	unique	with	runtime	declared
OneValueTimes	batch	elems	runtime	declared
OneValueTimes	categorize	as	runtime	declared
OneValueTimes	categorize	into	runtime	declared
OneValueTimes	classify	as	runtime	declared
OneValueTimes	classify	into	runtime	declared
OneValueTimes	first	end	runtime	declared
OneValueTimes	flatmap	label	runtime	declared
OneValueTimes	map	deep	runtime	declared
OneValueTimes	map	duck	runtime	declared
OneValueTimes	map	flat	runtime	declared
OneValueTimes	map	item	runtime	declared
OneValueTimes	map	label	runtime	declared
OneValueTimes	map	node	runtime	declared
OneValueTimes	max	by	runtime	declared
OneValueTimes	max	k	runtime	declared
OneValueTimes	max	kv	runtime	declared
OneValueTimes	max	p	runtime	declared
OneValueTimes	max	v	runtime	declared
OneValueTimes	min	by	runtime	declared
OneValueTimes	min	k	runtime	declared
OneValueTimes	min	kv	runtime	declared
OneValueTimes	min	p	runtime	declared
OneValueTimes	min	v	runtime	declared
OneValueTimes	minmax	by	runtime	declared
OneValueTimes	repeated	as	runtime	declared
OneValueTimes	repeated	with	runtime	declared
OneValueTimes	rotor	partial	runtime	declared
OneValueTimes	squish	as	runtime	declared
OneValueTimes	squish	with	runtime	declared
OneValueTimes	toggle	off	runtime	declared
OneValueTimes	unique	as	runtime	declared
OneValueTimes	unique	with	runtime	declared
OneWheneverState	batch	elems	runtime	declared
OneWheneverState	categorize	as	runtime	declared
OneWheneverState	categorize	into	runtime	declared
OneWheneverState	classify	as	runtime	declared
OneWheneverState	classify	into	runtime	declared
OneWheneverState	first	end	runtime	declared
OneWheneverState	flatmap	label	runtime	declared
OneWheneverState	map	deep	runtime	declared
OneWheneverState	map	duck	runtime	declared
OneWheneverState	map	flat	runtime	declared
OneWheneverState	map	item	runtime	declared
OneWheneverState	map	label	runtime	declared
OneWheneverState	map	node	runtime	declared
OneWheneverState	max	by	runtime	declared
OneWheneverState	max	k	runtime	declared
OneWheneverState	max	kv	runtime	declared
OneWheneverState	max	p	runtime	declared
OneWheneverState	max	v	runtime	declared
OneWheneverState	min	by	runtime	declared
OneWheneverState	min	k	runtime	declared
OneWheneverState	min	kv	runtime	declared
OneWheneverState	min	p	runtime	declared
OneWheneverState	min	v	runtime	declared
OneWheneverState	minmax	by	runtime	declared
OneWheneverState	repeated	as	runtime	declared
OneWheneverState	repeated	with	runtime	declared
OneWheneverState	rotor	partial	runtime	declared
OneWheneverState	squish	as	runtime	declared
OneWheneverState	squish	with	runtime	declared
OneWheneverState	toggle	off	runtime	declared
OneWheneverState	unique	as	runtime	declared
OneWheneverState	unique	with	runtime	declared
OneWheneverTappable	batch	elems	runtime	declared
OneWheneverTappable	categorize	as	runtime	declared
OneWheneverTappable	categorize	into	runtime	declared
OneWheneverTappable	classify	as	runtime	declared
OneWheneverTappable	classify	into	runtime	declared
OneWheneverTappable	first	end	runtime	declared
OneWheneverTappable	flatmap	label	runtime	declared
OneWheneverTappable	map	deep	runtime	declared
OneWheneverTappable	map	duck	runtime	declared
OneWheneverTappable	map	flat	runtime	declared
OneWheneverTappable	map	item	runtime	declared
OneWheneverTappable	map	label	runtime	declared
OneWheneverTappable	map	node	runtime	declared
OneWheneverTappable	max	by	runtime	declared
OneWheneverTappable	max	k	runtime	declared
OneWheneverTappable	max	kv	runtime	declared
OneWheneverTappable	max	p	runtime	declared
OneWheneverTappable	max	v	runtime	declared
OneWheneverTappable	min	by	runtime	declared
OneWheneverTappable	min	k	runtime	declared
OneWheneverTappable	min	kv	runtime	declared
OneWheneverTappable	min	p	runtime	declared
OneWheneverTappable	min	v	runtime	declared
OneWheneverTappable	minmax	by	runtime	declared
OneWheneverTappable	repeated	as	runtime	declared
OneWheneverTappable	repeated	with	runtime	declared
OneWheneverTappable	rotor	partial	runtime	declared
OneWheneverTappable	squish	as	runtime	declared
OneWheneverTappable	squish	with	runtime	declared
OneWheneverTappable	toggle	off	runtime	declared
OneWheneverTappable	unique	as	runtime	declared
OneWheneverTappable	unique	with	runtime	declared
OperatorProperties	new	adverb	runtime	declared
OperatorProperties	new	associative	runtime	declared
OperatorProperties	new	dba	runtime	declared
OperatorProperties	new	diffy	runtime	declared
OperatorProperties	new	fiddly	runtime	declared
OperatorProperties	new	iffy	runtime	declared
OperatorProperties	new	next-term	runtime	declared
OperatorProperties	new	precedence	runtime	declared
OperatorProperties	new	sub-precedence	runtime	declared
OperatorProperties	new	ternary	runtime	declared
OperatorProperties	new	thunky	runtime	declared
OperatorProperties	new-compat	adverb	runtime	declared
OperatorProperties	new-compat	assoc	runtime	declared
OperatorProperties	new-compat	dba	runtime	declared
OperatorProperties	new-compat	diffy	runtime	declared
OperatorProperties	new-compat	fiddly	runtime	declared
OperatorProperties	new-compat	iffy	runtime	declared
OperatorProperties	new-compat	nextterm	runtime	declared
OperatorProperties	new-compat	prec	runtime	declared
OperatorProperties	new-compat	sub	runtime	declared
OperatorProperties	new-compat	ternary	runtime	declared
OperatorProperties	new-compat	thunky	runtime	declared
POST	batch	elems	runtime	declared
POST	categorize	as	runtime	declared
POST	categorize	into	runtime	declared
POST	classify	as	runtime	declared
POST	classify	into	runtime	declared
POST	first	end	runtime	declared
POST	flatmap	label	runtime	declared
POST	map	deep	runtime	declared
POST	map	duck	runtime	declared
POST	map	flat	runtime	declared
POST	map	item	runtime	declared
POST	map	label	runtime	declared
POST	map	node	runtime	declared
POST	max	by	runtime	declared
POST	max	k	runtime	declared
POST	max	kv	runtime	declared
POST	max	p	runtime	declared
POST	max	v	runtime	declared
POST	min	by	runtime	declared
POST	min	k	runtime	declared
POST	min	kv	runtime	declared
POST	min	p	runtime	declared
POST	min	v	runtime	declared
POST	minmax	by	runtime	declared
POST	repeated	as	runtime	declared
POST	repeated	with	runtime	declared
POST	rotor	partial	runtime	declared
POST	squish	as	runtime	declared
POST	squish	with	runtime	declared
POST	toggle	off	runtime	declared
POST	unique	as	runtime	declared
POST	unique	with	runtime	declared
Pair	new	key	runtime	declared
Pair	new	value	runtime	declared
Pair	raku	arglist	runtime	declared
Pairs	batch	elems	runtime	declared
Pairs	categorize	as	runtime	declared
Pairs	categorize	into	runtime	declared
Pairs	classify	as	runtime	declared
Pairs	classify	into	runtime	declared
Pairs	first	end	runtime	declared
Pairs	flatmap	label	runtime	declared
Pairs	map	deep	runtime	declared
Pairs	map	duck	runtime	declared
Pairs	map	flat	runtime	declared
Pairs	map	item	runtime	declared
Pairs	map	label	runtime	declared
Pairs	map	node	runtime	declared
Pairs	max	by	runtime	declared
Pairs	max	k	runtime	declared
Pairs	max	kv	runtime	declared
Pairs	max	p	runtime	declared
Pairs	max	v	runtime	declared
Pairs	min	by	runtime	declared
Pairs	min	k	runtime	declared
Pairs	min	kv	runtime	declared
Pairs	min	p	runtime	declared
Pairs	min	v	runtime	declared
Pairs	minmax	by	runtime	declared
Pairs	repeated	as	runtime	declared
Pairs	repeated	with	runtime	declared
Pairs	rotor	partial	runtime	declared
Pairs	squish	as	runtime	declared
Pairs	squish	with	runtime	declared
Pairs	toggle	off	runtime	declared
Pairs	unique	as	runtime	declared
Pairs	unique	with	runtime	declared
ParallelSequence	map	deep	runtime	via ParallelSequence.map -> Rakudo::Internals::HyperRaceSharedImpl.map
ParallelSequence	map	duck	runtime	via ParallelSequence.map -> Rakudo::Internals::HyperRaceSharedImpl.map
ParallelSequence	map	flat	runtime	via ParallelSequence.map -> Rakudo::Internals::HyperRaceSharedImpl.map
ParallelSequence	map	item	runtime	via ParallelSequence.map -> Rakudo::Internals::HyperRaceSharedImpl.map
ParallelSequence	map	label	runtime	via ParallelSequence.map -> Rakudo::Internals::HyperRaceSharedImpl.map
ParallelSequence	map	node	runtime	via ParallelSequence.map -> Rakudo::Internals::HyperRaceSharedImpl.map
Parameter	BUILD	flags	runtime	declared
Parameter	BUILD	invocant	runtime	declared
Parameter	BUILD	is-copy	runtime	declared
Parameter	BUILD	is-item	runtime	declared
Parameter	BUILD	is-raw	runtime	declared
Parameter	BUILD	is-rw	runtime	declared
Parameter	BUILD	mandatory	runtime	declared
Parameter	BUILD	multi-invocant	runtime	declared
Parameter	BUILD	name	runtime	declared
Parameter	BUILD	named	runtime	declared
Parameter	BUILD	optional	runtime	declared
Parameter	raku	elide-type	runtime	declared
PermitOnTap	batch	elems	runtime	declared
PermitOnTap	categorize	as	runtime	declared
PermitOnTap	categorize	into	runtime	declared
PermitOnTap	classify	as	runtime	declared
PermitOnTap	classify	into	runtime	declared
PermitOnTap	first	end	runtime	declared
PermitOnTap	flatmap	label	runtime	declared
PermitOnTap	map	deep	runtime	declared
PermitOnTap	map	duck	runtime	declared
PermitOnTap	map	flat	runtime	declared
PermitOnTap	map	item	runtime	declared
PermitOnTap	map	label	runtime	declared
PermitOnTap	map	node	runtime	declared
PermitOnTap	max	by	runtime	declared
PermitOnTap	max	k	runtime	declared
PermitOnTap	max	kv	runtime	declared
PermitOnTap	max	p	runtime	declared
PermitOnTap	max	v	runtime	declared
PermitOnTap	min	by	runtime	declared
PermitOnTap	min	k	runtime	declared
PermitOnTap	min	kv	runtime	declared
PermitOnTap	min	p	runtime	declared
PermitOnTap	min	v	runtime	declared
PermitOnTap	minmax	by	runtime	declared
PermitOnTap	repeated	as	runtime	declared
PermitOnTap	repeated	with	runtime	declared
PermitOnTap	rotor	partial	runtime	declared
PermitOnTap	squish	as	runtime	declared
PermitOnTap	squish	with	runtime	declared
PermitOnTap	toggle	off	runtime	declared
PermitOnTap	unique	as	runtime	declared
PermitOnTap	unique	with	runtime	declared
Permutations	batch	elems	runtime	declared
Permutations	categorize	as	runtime	declared
Permutations	categorize	into	runtime	declared
Permutations	classify	as	runtime	declared
Permutations	classify	into	runtime	declared
Permutations	first	end	runtime	declared
Permutations	flatmap	label	runtime	declared
Permutations	map	deep	runtime	declared
Permutations	map	duck	runtime	declared
Permutations	map	flat	runtime	declared
Permutations	map	item	runtime	declared
Permutations	map	label	runtime	declared
Permutations	map	node	runtime	declared
Permutations	max	by	runtime	declared
Permutations	max	k	runtime	declared
Permutations	max	kv	runtime	declared
Permutations	max	p	runtime	declared
Permutations	max	v	runtime	declared
Permutations	min	by	runtime	declared
Permutations	min	k	runtime	declared
Permutations	min	kv	runtime	declared
Permutations	min	p	runtime	declared
Permutations	min	v	runtime	declared
Permutations	minmax	by	runtime	declared
Permutations	repeated	as	runtime	declared
Permutations	repeated	with	runtime	declared
Permutations	rotor	partial	runtime	declared
Permutations	squish	as	runtime	declared
Permutations	squish	with	runtime	declared
Permutations	toggle	off	runtime	declared
Permutations	unique	as	runtime	declared
Permutations	unique	with	runtime	declared
PickN	batch	elems	runtime	declared
PickN	categorize	as	runtime	declared
PickN	categorize	into	runtime	declared
PickN	classify	as	runtime	declared
PickN	classify	into	runtime	declared
PickN	first	end	runtime	declared
PickN	flatmap	label	runtime	declared
PickN	map	deep	runtime	declared
PickN	map	duck	runtime	declared
PickN	map	flat	runtime	declared
PickN	map	item	runtime	declared
PickN	map	label	runtime	declared
PickN	map	node	runtime	declared
PickN	max	by	runtime	declared
PickN	max	k	runtime	declared
PickN	max	kv	runtime	declared
PickN	max	p	runtime	declared
PickN	max	v	runtime	declared
PickN	min	by	runtime	declared
PickN	min	k	runtime	declared
PickN	min	kv	runtime	declared
PickN	min	p	runtime	declared
PickN	min	v	runtime	declared
PickN	minmax	by	runtime	declared
PickN	repeated	as	runtime	declared
PickN	repeated	with	runtime	declared
PickN	rotor	partial	runtime	declared
PickN	squish	as	runtime	declared
PickN	squish	with	runtime	declared
PickN	toggle	off	runtime	declared
PickN	unique	as	runtime	declared
PickN	unique	with	runtime	declared
PickPairsN	batch	elems	runtime	declared
PickPairsN	categorize	as	runtime	declared
PickPairsN	categorize	into	runtime	declared
PickPairsN	classify	as	runtime	declared
PickPairsN	classify	into	runtime	declared
PickPairsN	first	end	runtime	declared
PickPairsN	flatmap	label	runtime	declared
PickPairsN	map	deep	runtime	declared
PickPairsN	map	duck	runtime	declared
PickPairsN	map	flat	runtime	declared
PickPairsN	map	item	runtime	declared
PickPairsN	map	label	runtime	declared
PickPairsN	map	node	runtime	declared
PickPairsN	max	by	runtime	declared
PickPairsN	max	k	runtime	declared
PickPairsN	max	kv	runtime	declared
PickPairsN	max	p	runtime	declared
PickPairsN	max	v	runtime	declared
PickPairsN	min	by	runtime	declared
PickPairsN	min	k	runtime	declared
PickPairsN	min	kv	runtime	declared
PickPairsN	min	p	runtime	declared
PickPairsN	min	v	runtime	declared
PickPairsN	minmax	by	runtime	declared
PickPairsN	repeated	as	runtime	declared
PickPairsN	repeated	with	runtime	declared
PickPairsN	rotor	partial	runtime	declared
PickPairsN	squish	as	runtime	declared
PickPairsN	squish	with	runtime	declared
PickPairsN	toggle	off	runtime	declared
PickPairsN	unique	as	runtime	declared
PickPairsN	unique	with	runtime	declared
Pipe	batch	elems	runtime	declared
Pipe	categorize	as	runtime	declared
Pipe	categorize	into	runtime	declared
Pipe	classify	as	runtime	declared
Pipe	classify	into	runtime	declared
Pipe	first	end	runtime	declared
Pipe	flatmap	label	runtime	declared
Pipe	map	deep	runtime	declared
Pipe	map	duck	runtime	declared
Pipe	map	flat	runtime	declared
Pipe	map	item	runtime	declared
Pipe	map	label	runtime	declared
Pipe	map	node	runtime	declared
Pipe	max	by	runtime	declared
Pipe	max	k	runtime	declared
Pipe	max	kv	runtime	declared
Pipe	max	p	runtime	declared
Pipe	max	v	runtime	declared
Pipe	min	by	runtime	declared
Pipe	min	k	runtime	declared
Pipe	min	kv	runtime	declared
Pipe	min	p	runtime	declared
Pipe	min	v	runtime	declared
Pipe	minmax	by	runtime	declared
Pipe	repeated	as	runtime	declared
Pipe	repeated	with	runtime	declared
Pipe	rotor	partial	runtime	declared
Pipe	squish	as	runtime	declared
Pipe	squish	with	runtime	declared
Pipe	toggle	off	runtime	declared
Pipe	unique	as	runtime	declared
Pipe	unique	with	runtime	declared
Polymod	batch	elems	runtime	declared
Polymod	categorize	as	runtime	declared
Polymod	categorize	into	runtime	declared
Polymod	classify	as	runtime	declared
Polymod	classify	into	runtime	declared
Polymod	first	end	runtime	declared
Polymod	flatmap	label	runtime	declared
Polymod	map	deep	runtime	declared
Polymod	map	duck	runtime	declared
Polymod	map	flat	runtime	declared
Polymod	map	item	runtime	declared
Polymod	map	label	runtime	declared
Polymod	map	node	runtime	declared
Polymod	max	by	runtime	declared
Polymod	max	k	runtime	declared
Polymod	max	kv	runtime	declared
Polymod	max	p	runtime	declared
Polymod	max	v	runtime	declared
Polymod	min	by	runtime	declared
Polymod	min	k	runtime	declared
Polymod	min	kv	runtime	declared
Polymod	min	p	runtime	declared
Polymod	min	v	runtime	declared
Polymod	minmax	by	runtime	declared
Polymod	repeated	as	runtime	declared
Polymod	repeated	with	runtime	declared
Polymod	rotor	partial	runtime	declared
Polymod	squish	as	runtime	declared
Polymod	squish	with	runtime	declared
Polymod	toggle	off	runtime	declared
Polymod	unique	as	runtime	declared
Polymod	unique	with	runtime	declared
Pred	batch	elems	runtime	declared
Pred	categorize	as	runtime	declared
Pred	categorize	into	runtime	declared
Pred	classify	as	runtime	declared
Pred	classify	into	runtime	declared
Pred	first	end	runtime	declared
Pred	flatmap	label	runtime	declared
Pred	map	deep	runtime	declared
Pred	map	duck	runtime	declared
Pred	map	flat	runtime	declared
Pred	map	item	runtime	declared
Pred	map	label	runtime	declared
Pred	map	node	runtime	declared
Pred	max	by	runtime	declared
Pred	max	k	runtime	declared
Pred	max	kv	runtime	declared
Pred	max	p	runtime	declared
Pred	max	v	runtime	declared
Pred	min	by	runtime	declared
Pred	min	k	runtime	declared
Pred	min	kv	runtime	declared
Pred	min	p	runtime	declared
Pred	min	v	runtime	declared
Pred	minmax	by	runtime	declared
Pred	repeated	as	runtime	declared
Pred	repeated	with	runtime	declared
Pred	rotor	partial	runtime	declared
Pred	squish	as	runtime	declared
Pred	squish	with	runtime	declared
Pred	toggle	off	runtime	declared
Pred	unique	as	runtime	declared
Pred	unique	with	runtime	declared
PreservingTapList	batch	elems	runtime	declared
PreservingTapList	categorize	as	runtime	declared
PreservingTapList	categorize	into	runtime	declared
PreservingTapList	classify	as	runtime	declared
PreservingTapList	classify	into	runtime	declared
PreservingTapList	first	end	runtime	declared
PreservingTapList	flatmap	label	runtime	declared
PreservingTapList	map	deep	runtime	declared
PreservingTapList	map	duck	runtime	declared
PreservingTapList	map	flat	runtime	declared
PreservingTapList	map	item	runtime	declared
PreservingTapList	map	label	runtime	declared
PreservingTapList	map	node	runtime	declared
PreservingTapList	max	by	runtime	declared
PreservingTapList	max	k	runtime	declared
PreservingTapList	max	kv	runtime	declared
PreservingTapList	max	p	runtime	declared
PreservingTapList	max	v	runtime	declared
PreservingTapList	min	by	runtime	declared
PreservingTapList	min	k	runtime	declared
PreservingTapList	min	kv	runtime	declared
PreservingTapList	min	p	runtime	declared
PreservingTapList	min	v	runtime	declared
PreservingTapList	minmax	by	runtime	declared
PreservingTapList	repeated	as	runtime	declared
PreservingTapList	repeated	with	runtime	declared
PreservingTapList	rotor	partial	runtime	declared
PreservingTapList	squish	as	runtime	declared
PreservingTapList	squish	with	runtime	declared
PreservingTapList	toggle	off	runtime	declared
PreservingTapList	unique	as	runtime	declared
PreservingTapList	unique	with	runtime	declared
Proc	BUILD	bin	runtime	declared
Proc	BUILD	chomp	runtime	declared
Proc	BUILD	command	runtime	declared
Proc	BUILD	enc	runtime	declared
Proc	BUILD	err	runtime	declared
Proc	BUILD	exitcode	runtime	declared
Proc	BUILD	in	runtime	declared
Proc	BUILD	merge	runtime	declared
Proc	BUILD	nl	runtime	declared
Proc	BUILD	out	runtime	declared
Proc	BUILD	signal	runtime	declared
Proc	shell	cwd	runtime	declared
Proc	shell	env	runtime	declared
Proc	spawn	arg0	runtime	declared
Proc	spawn	cwd	runtime	declared
Proc	spawn	env	runtime	declared
Proc	spawn	win-verbatim-args	runtime	declared
Proc::Async	Supply	bin	runtime	declared
Proc::Async	Supply	enc	runtime	declared
Proc::Async	Supply	translate-nl	runtime	declared
Proc::Async	TWEAK	pty	runtime	declared
Proc::Async	print	scheduler	runtime	declared
Proc::Async	put	scheduler	runtime	via Proc::Async.put -> Proc::Async.print
Proc::Async	resize-pty	cols	runtime	declared
Proc::Async	resize-pty	rows	runtime	declared
Proc::Async	say	scheduler	runtime	via Proc::Async.say -> Proc::Async.print
Proc::Async	start	ENV	runtime	declared
Proc::Async	start	cwd	runtime	declared
Proc::Async	start	scheduler	runtime	declared
Proc::Async	stderr	bin	runtime	declared
Proc::Async	stderr	enc	runtime	declared
Proc::Async	stderr	translate-nl	runtime	declared
Proc::Async	stdout	bin	runtime	declared
Proc::Async	stdout	enc	runtime	declared
Proc::Async	stdout	translate-nl	runtime	declared
Proc::Async	write	scheduler	runtime	declared
ProcessCancellation	batch	elems	runtime	declared
ProcessCancellation	categorize	as	runtime	declared
ProcessCancellation	categorize	into	runtime	declared
ProcessCancellation	classify	as	runtime	declared
ProcessCancellation	classify	into	runtime	declared
ProcessCancellation	first	end	runtime	declared
ProcessCancellation	flatmap	label	runtime	declared
ProcessCancellation	map	deep	runtime	declared
ProcessCancellation	map	duck	runtime	declared
ProcessCancellation	map	flat	runtime	declared
ProcessCancellation	map	item	runtime	declared
ProcessCancellation	map	label	runtime	declared
ProcessCancellation	map	node	runtime	declared
ProcessCancellation	max	by	runtime	declared
ProcessCancellation	max	k	runtime	declared
ProcessCancellation	max	kv	runtime	declared
ProcessCancellation	max	p	runtime	declared
ProcessCancellation	max	v	runtime	declared
ProcessCancellation	min	by	runtime	declared
ProcessCancellation	min	k	runtime	declared
ProcessCancellation	min	kv	runtime	declared
ProcessCancellation	min	p	runtime	declared
ProcessCancellation	min	v	runtime	declared
ProcessCancellation	minmax	by	runtime	declared
ProcessCancellation	repeated	as	runtime	declared
ProcessCancellation	repeated	with	runtime	declared
ProcessCancellation	rotor	partial	runtime	declared
ProcessCancellation	squish	as	runtime	declared
ProcessCancellation	squish	with	runtime	declared
ProcessCancellation	toggle	off	runtime	declared
ProcessCancellation	unique	as	runtime	declared
ProcessCancellation	unique	with	runtime	declared
Promise	BUILD	report-broken-if-sunk	runtime	declared
Promise	BUILD	scheduler	runtime	declared
Promise	andthen	synchronous	runtime	declared
Promise	at	scheduler	runtime	declared
Promise	in	scheduler	runtime	declared
Promise	new	report-broken-if-sunk	runtime	declared
Promise	new	scheduler	runtime	declared
Promise	orelse	synchronous	runtime	declared
Promise	start	catch	runtime	declared
Promise	start	report-broken-if-sunk	runtime	declared
Promise	start	scheduler	runtime	declared
Promise	then	synchronous	runtime	declared
PromiseAwaitableHandle	batch	elems	runtime	declared
PromiseAwaitableHandle	categorize	as	runtime	declared
PromiseAwaitableHandle	categorize	into	runtime	declared
PromiseAwaitableHandle	classify	as	runtime	declared
PromiseAwaitableHandle	classify	into	runtime	declared
PromiseAwaitableHandle	first	end	runtime	declared
PromiseAwaitableHandle	flatmap	label	runtime	declared
PromiseAwaitableHandle	map	deep	runtime	declared
PromiseAwaitableHandle	map	duck	runtime	declared
PromiseAwaitableHandle	map	flat	runtime	declared
PromiseAwaitableHandle	map	item	runtime	declared
PromiseAwaitableHandle	map	label	runtime	declared
PromiseAwaitableHandle	map	node	runtime	declared
PromiseAwaitableHandle	max	by	runtime	declared
PromiseAwaitableHandle	max	k	runtime	declared
PromiseAwaitableHandle	max	kv	runtime	declared
PromiseAwaitableHandle	max	p	runtime	declared
PromiseAwaitableHandle	max	v	runtime	declared
PromiseAwaitableHandle	min	by	runtime	declared
PromiseAwaitableHandle	min	k	runtime	declared
PromiseAwaitableHandle	min	kv	runtime	declared
PromiseAwaitableHandle	min	p	runtime	declared
PromiseAwaitableHandle	min	v	runtime	declared
PromiseAwaitableHandle	minmax	by	runtime	declared
PromiseAwaitableHandle	repeated	as	runtime	declared
PromiseAwaitableHandle	repeated	with	runtime	declared
PromiseAwaitableHandle	rotor	partial	runtime	declared
PromiseAwaitableHandle	squish	as	runtime	declared
PromiseAwaitableHandle	squish	with	runtime	declared
PromiseAwaitableHandle	toggle	off	runtime	declared
PromiseAwaitableHandle	unique	as	runtime	declared
PromiseAwaitableHandle	unique	with	runtime	declared
PseudoStash	elems	implementation-detail	runtime	declared
PseudoStash	keys	implementation-detail	runtime	declared
PseudoStash	kv	implementation-detail	runtime	declared
PseudoStash	new-from-ctx	mode	runtime	declared
PseudoStash	pairs	implementation-detail	runtime	declared
PseudoStash	sort	implementation-detail	runtime	declared
PseudoStash	values	implementation-detail	runtime	declared
Queue	batch	elems	runtime	declared
Queue	categorize	as	runtime	declared
Queue	categorize	into	runtime	declared
Queue	classify	as	runtime	declared
Queue	classify	into	runtime	declared
Queue	first	end	runtime	declared
Queue	flatmap	label	runtime	declared
Queue	map	deep	runtime	declared
Queue	map	duck	runtime	declared
Queue	map	flat	runtime	declared
Queue	map	item	runtime	declared
Queue	map	label	runtime	declared
Queue	map	node	runtime	declared
Queue	max	by	runtime	declared
Queue	max	k	runtime	declared
Queue	max	kv	runtime	declared
Queue	max	p	runtime	declared
Queue	max	v	runtime	declared
Queue	min	by	runtime	declared
Queue	min	k	runtime	declared
Queue	min	kv	runtime	declared
Queue	min	p	runtime	declared
Queue	min	v	runtime	declared
Queue	minmax	by	runtime	declared
Queue	repeated	as	runtime	declared
Queue	repeated	with	runtime	declared
Queue	rotor	partial	runtime	declared
Queue	squish	as	runtime	declared
Queue	squish	with	runtime	declared
Queue	toggle	off	runtime	declared
Queue	unique	as	runtime	declared
Queue	unique	with	runtime	declared
REPL	repl-loop	no-exit	runtime	declared
RaceSeq	BUILD	configuration	runtime	declared
RaceSeq	BUILD	work-stage-head	runtime	declared
RaceSeq	flat	hammer	runtime	declared
RakuAST::Deparse	batch	elems	runtime	declared
RakuAST::Deparse	categorize	as	runtime	declared
RakuAST::Deparse	categorize	into	runtime	declared
RakuAST::Deparse	classify	as	runtime	declared
RakuAST::Deparse	classify	into	runtime	declared
RakuAST::Deparse	first	end	runtime	declared
RakuAST::Deparse	flatmap	label	runtime	declared
RakuAST::Deparse	map	deep	runtime	declared
RakuAST::Deparse	map	duck	runtime	declared
RakuAST::Deparse	map	flat	runtime	declared
RakuAST::Deparse	map	item	runtime	declared
RakuAST::Deparse	map	label	runtime	declared
RakuAST::Deparse	map	node	runtime	declared
RakuAST::Deparse	max	by	runtime	declared
RakuAST::Deparse	max	k	runtime	declared
RakuAST::Deparse	max	kv	runtime	declared
RakuAST::Deparse	max	p	runtime	declared
RakuAST::Deparse	max	v	runtime	declared
RakuAST::Deparse	min	by	runtime	declared
RakuAST::Deparse	min	k	runtime	declared
RakuAST::Deparse	min	kv	runtime	declared
RakuAST::Deparse	min	p	runtime	declared
RakuAST::Deparse	min	v	runtime	declared
RakuAST::Deparse	minmax	by	runtime	declared
RakuAST::Deparse	repeated	as	runtime	declared
RakuAST::Deparse	repeated	with	runtime	declared
RakuAST::Deparse	rotor	partial	runtime	declared
RakuAST::Deparse	squish	as	runtime	declared
RakuAST::Deparse	squish	with	runtime	declared
RakuAST::Deparse	toggle	off	runtime	declared
RakuAST::Deparse	unique	as	runtime	declared
RakuAST::Deparse	unique	with	runtime	declared
RakuAST::Doc	batch	elems	runtime	declared
RakuAST::Doc	categorize	as	runtime	declared
RakuAST::Doc	categorize	into	runtime	declared
RakuAST::Doc	classify	as	runtime	declared
RakuAST::Doc	classify	into	runtime	declared
RakuAST::Doc	first	end	runtime	declared
RakuAST::Doc	flatmap	label	runtime	declared
RakuAST::Doc	map	deep	runtime	declared
RakuAST::Doc	map	duck	runtime	declared
RakuAST::Doc	map	flat	runtime	declared
RakuAST::Doc	map	item	runtime	declared
RakuAST::Doc	map	label	runtime	declared
RakuAST::Doc	map	node	runtime	declared
RakuAST::Doc	max	by	runtime	declared
RakuAST::Doc	max	k	runtime	declared
RakuAST::Doc	max	kv	runtime	declared
RakuAST::Doc	max	p	runtime	declared
RakuAST::Doc	max	v	runtime	declared
RakuAST::Doc	min	by	runtime	declared
RakuAST::Doc	min	k	runtime	declared
RakuAST::Doc	min	kv	runtime	declared
RakuAST::Doc	min	p	runtime	declared
RakuAST::Doc	min	v	runtime	declared
RakuAST::Doc	minmax	by	runtime	declared
RakuAST::Doc	repeated	as	runtime	declared
RakuAST::Doc	repeated	with	runtime	declared
RakuAST::Doc	rotor	partial	runtime	declared
RakuAST::Doc	squish	as	runtime	declared
RakuAST::Doc	squish	with	runtime	declared
RakuAST::Doc	toggle	off	runtime	declared
RakuAST::Doc	unique	as	runtime	declared
RakuAST::Doc	unique	with	runtime	declared
RakuAST::Doc::Block	batch	elems	runtime	declared
RakuAST::Doc::Block	categorize	as	runtime	declared
RakuAST::Doc::Block	categorize	into	runtime	declared
RakuAST::Doc::Block	classify	as	runtime	declared
RakuAST::Doc::Block	classify	into	runtime	declared
RakuAST::Doc::Block	first	end	runtime	declared
RakuAST::Doc::Block	flatmap	label	runtime	declared
RakuAST::Doc::Block	map	deep	runtime	declared
RakuAST::Doc::Block	map	duck	runtime	declared
RakuAST::Doc::Block	map	flat	runtime	declared
RakuAST::Doc::Block	map	item	runtime	declared
RakuAST::Doc::Block	map	label	runtime	declared
RakuAST::Doc::Block	map	node	runtime	declared
RakuAST::Doc::Block	max	by	runtime	declared
RakuAST::Doc::Block	max	k	runtime	declared
RakuAST::Doc::Block	max	kv	runtime	declared
RakuAST::Doc::Block	max	p	runtime	declared
RakuAST::Doc::Block	max	v	runtime	declared
RakuAST::Doc::Block	min	by	runtime	declared
RakuAST::Doc::Block	min	k	runtime	declared
RakuAST::Doc::Block	min	kv	runtime	declared
RakuAST::Doc::Block	min	p	runtime	declared
RakuAST::Doc::Block	min	v	runtime	declared
RakuAST::Doc::Block	minmax	by	runtime	declared
RakuAST::Doc::Block	repeated	as	runtime	declared
RakuAST::Doc::Block	repeated	with	runtime	declared
RakuAST::Doc::Block	rotor	partial	runtime	declared
RakuAST::Doc::Block	squish	as	runtime	declared
RakuAST::Doc::Block	squish	with	runtime	declared
RakuAST::Doc::Block	toggle	off	runtime	declared
RakuAST::Doc::Block	unique	as	runtime	declared
RakuAST::Doc::Block	unique	with	runtime	declared
RakuAST::Doc::Declarator	batch	elems	runtime	declared
RakuAST::Doc::Declarator	categorize	as	runtime	declared
RakuAST::Doc::Declarator	categorize	into	runtime	declared
RakuAST::Doc::Declarator	classify	as	runtime	declared
RakuAST::Doc::Declarator	classify	into	runtime	declared
RakuAST::Doc::Declarator	first	end	runtime	declared
RakuAST::Doc::Declarator	flatmap	label	runtime	declared
RakuAST::Doc::Declarator	map	deep	runtime	declared
RakuAST::Doc::Declarator	map	duck	runtime	declared
RakuAST::Doc::Declarator	map	flat	runtime	declared
RakuAST::Doc::Declarator	map	item	runtime	declared
RakuAST::Doc::Declarator	map	label	runtime	declared
RakuAST::Doc::Declarator	map	node	runtime	declared
RakuAST::Doc::Declarator	max	by	runtime	declared
RakuAST::Doc::Declarator	max	k	runtime	declared
RakuAST::Doc::Declarator	max	kv	runtime	declared
RakuAST::Doc::Declarator	max	p	runtime	declared
RakuAST::Doc::Declarator	max	v	runtime	declared
RakuAST::Doc::Declarator	min	by	runtime	declared
RakuAST::Doc::Declarator	min	k	runtime	declared
RakuAST::Doc::Declarator	min	kv	runtime	declared
RakuAST::Doc::Declarator	min	p	runtime	declared
RakuAST::Doc::Declarator	min	v	runtime	declared
RakuAST::Doc::Declarator	minmax	by	runtime	declared
RakuAST::Doc::Declarator	repeated	as	runtime	declared
RakuAST::Doc::Declarator	repeated	with	runtime	declared
RakuAST::Doc::Declarator	rotor	partial	runtime	declared
RakuAST::Doc::Declarator	squish	as	runtime	declared
RakuAST::Doc::Declarator	squish	with	runtime	declared
RakuAST::Doc::Declarator	toggle	off	runtime	declared
RakuAST::Doc::Declarator	unique	as	runtime	declared
RakuAST::Doc::Declarator	unique	with	runtime	declared
RakuAST::Doc::LegacyRow	batch	elems	runtime	declared
RakuAST::Doc::LegacyRow	categorize	as	runtime	declared
RakuAST::Doc::LegacyRow	categorize	into	runtime	declared
RakuAST::Doc::LegacyRow	classify	as	runtime	declared
RakuAST::Doc::LegacyRow	classify	into	runtime	declared
RakuAST::Doc::LegacyRow	first	end	runtime	declared
RakuAST::Doc::LegacyRow	flatmap	label	runtime	declared
RakuAST::Doc::LegacyRow	map	deep	runtime	declared
RakuAST::Doc::LegacyRow	map	duck	runtime	declared
RakuAST::Doc::LegacyRow	map	flat	runtime	declared
RakuAST::Doc::LegacyRow	map	item	runtime	declared
RakuAST::Doc::LegacyRow	map	label	runtime	declared
RakuAST::Doc::LegacyRow	map	node	runtime	declared
RakuAST::Doc::LegacyRow	max	by	runtime	declared
RakuAST::Doc::LegacyRow	max	k	runtime	declared
RakuAST::Doc::LegacyRow	max	kv	runtime	declared
RakuAST::Doc::LegacyRow	max	p	runtime	declared
RakuAST::Doc::LegacyRow	max	v	runtime	declared
RakuAST::Doc::LegacyRow	min	by	runtime	declared
RakuAST::Doc::LegacyRow	min	k	runtime	declared
RakuAST::Doc::LegacyRow	min	kv	runtime	declared
RakuAST::Doc::LegacyRow	min	p	runtime	declared
RakuAST::Doc::LegacyRow	min	v	runtime	declared
RakuAST::Doc::LegacyRow	minmax	by	runtime	declared
RakuAST::Doc::LegacyRow	repeated	as	runtime	declared
RakuAST::Doc::LegacyRow	repeated	with	runtime	declared
RakuAST::Doc::LegacyRow	rotor	partial	runtime	declared
RakuAST::Doc::LegacyRow	squish	as	runtime	declared
RakuAST::Doc::LegacyRow	squish	with	runtime	declared
RakuAST::Doc::LegacyRow	toggle	off	runtime	declared
RakuAST::Doc::LegacyRow	unique	as	runtime	declared
RakuAST::Doc::LegacyRow	unique	with	runtime	declared
RakuAST::Doc::Markup	batch	elems	runtime	declared
RakuAST::Doc::Markup	categorize	as	runtime	declared
RakuAST::Doc::Markup	categorize	into	runtime	declared
RakuAST::Doc::Markup	classify	as	runtime	declared
RakuAST::Doc::Markup	classify	into	runtime	declared
RakuAST::Doc::Markup	first	end	runtime	declared
RakuAST::Doc::Markup	flatmap	label	runtime	declared
RakuAST::Doc::Markup	map	deep	runtime	declared
RakuAST::Doc::Markup	map	duck	runtime	declared
RakuAST::Doc::Markup	map	flat	runtime	declared
RakuAST::Doc::Markup	map	item	runtime	declared
RakuAST::Doc::Markup	map	label	runtime	declared
RakuAST::Doc::Markup	map	node	runtime	declared
RakuAST::Doc::Markup	max	by	runtime	declared
RakuAST::Doc::Markup	max	k	runtime	declared
RakuAST::Doc::Markup	max	kv	runtime	declared
RakuAST::Doc::Markup	max	p	runtime	declared
RakuAST::Doc::Markup	max	v	runtime	declared
RakuAST::Doc::Markup	min	by	runtime	declared
RakuAST::Doc::Markup	min	k	runtime	declared
RakuAST::Doc::Markup	min	kv	runtime	declared
RakuAST::Doc::Markup	min	p	runtime	declared
RakuAST::Doc::Markup	min	v	runtime	declared
RakuAST::Doc::Markup	minmax	by	runtime	declared
RakuAST::Doc::Markup	repeated	as	runtime	declared
RakuAST::Doc::Markup	repeated	with	runtime	declared
RakuAST::Doc::Markup	rotor	partial	runtime	declared
RakuAST::Doc::Markup	squish	as	runtime	declared
RakuAST::Doc::Markup	squish	with	runtime	declared
RakuAST::Doc::Markup	toggle	off	runtime	declared
RakuAST::Doc::Markup	unique	as	runtime	declared
RakuAST::Doc::Markup	unique	with	runtime	declared
RakuAST::Doc::Paragraph	batch	elems	runtime	declared
RakuAST::Doc::Paragraph	categorize	as	runtime	declared
RakuAST::Doc::Paragraph	categorize	into	runtime	declared
RakuAST::Doc::Paragraph	classify	as	runtime	declared
RakuAST::Doc::Paragraph	classify	into	runtime	declared
RakuAST::Doc::Paragraph	first	end	runtime	declared
RakuAST::Doc::Paragraph	flatmap	label	runtime	declared
RakuAST::Doc::Paragraph	map	deep	runtime	declared
RakuAST::Doc::Paragraph	map	duck	runtime	declared
RakuAST::Doc::Paragraph	map	flat	runtime	declared
RakuAST::Doc::Paragraph	map	item	runtime	declared
RakuAST::Doc::Paragraph	map	label	runtime	declared
RakuAST::Doc::Paragraph	map	node	runtime	declared
RakuAST::Doc::Paragraph	max	by	runtime	declared
RakuAST::Doc::Paragraph	max	k	runtime	declared
RakuAST::Doc::Paragraph	max	kv	runtime	declared
RakuAST::Doc::Paragraph	max	p	runtime	declared
RakuAST::Doc::Paragraph	max	v	runtime	declared
RakuAST::Doc::Paragraph	min	by	runtime	declared
RakuAST::Doc::Paragraph	min	k	runtime	declared
RakuAST::Doc::Paragraph	min	kv	runtime	declared
RakuAST::Doc::Paragraph	min	p	runtime	declared
RakuAST::Doc::Paragraph	min	v	runtime	declared
RakuAST::Doc::Paragraph	minmax	by	runtime	declared
RakuAST::Doc::Paragraph	repeated	as	runtime	declared
RakuAST::Doc::Paragraph	repeated	with	runtime	declared
RakuAST::Doc::Paragraph	rotor	partial	runtime	declared
RakuAST::Doc::Paragraph	squish	as	runtime	declared
RakuAST::Doc::Paragraph	squish	with	runtime	declared
RakuAST::Doc::Paragraph	toggle	off	runtime	declared
RakuAST::Doc::Paragraph	unique	as	runtime	declared
RakuAST::Doc::Paragraph	unique	with	runtime	declared
RakuAST::Doc::Row	batch	elems	runtime	declared
RakuAST::Doc::Row	categorize	as	runtime	declared
RakuAST::Doc::Row	categorize	into	runtime	declared
RakuAST::Doc::Row	classify	as	runtime	declared
RakuAST::Doc::Row	classify	into	runtime	declared
RakuAST::Doc::Row	first	end	runtime	declared
RakuAST::Doc::Row	flatmap	label	runtime	declared
RakuAST::Doc::Row	map	deep	runtime	declared
RakuAST::Doc::Row	map	duck	runtime	declared
RakuAST::Doc::Row	map	flat	runtime	declared
RakuAST::Doc::Row	map	item	runtime	declared
RakuAST::Doc::Row	map	label	runtime	declared
RakuAST::Doc::Row	map	node	runtime	declared
RakuAST::Doc::Row	max	by	runtime	declared
RakuAST::Doc::Row	max	k	runtime	declared
RakuAST::Doc::Row	max	kv	runtime	declared
RakuAST::Doc::Row	max	p	runtime	declared
RakuAST::Doc::Row	max	v	runtime	declared
RakuAST::Doc::Row	min	by	runtime	declared
RakuAST::Doc::Row	min	k	runtime	declared
RakuAST::Doc::Row	min	kv	runtime	declared
RakuAST::Doc::Row	min	p	runtime	declared
RakuAST::Doc::Row	min	v	runtime	declared
RakuAST::Doc::Row	minmax	by	runtime	declared
RakuAST::Doc::Row	repeated	as	runtime	declared
RakuAST::Doc::Row	repeated	with	runtime	declared
RakuAST::Doc::Row	rotor	partial	runtime	declared
RakuAST::Doc::Row	squish	as	runtime	declared
RakuAST::Doc::Row	squish	with	runtime	declared
RakuAST::Doc::Row	toggle	off	runtime	declared
RakuAST::Doc::Row	unique	as	runtime	declared
RakuAST::Doc::Row	unique	with	runtime	declared
RakuAST::Grammar	batch	elems	runtime	declared
RakuAST::Grammar	categorize	as	runtime	declared
RakuAST::Grammar	categorize	into	runtime	declared
RakuAST::Grammar	classify	as	runtime	declared
RakuAST::Grammar	classify	into	runtime	declared
RakuAST::Grammar	first	end	runtime	declared
RakuAST::Grammar	flatmap	label	runtime	declared
RakuAST::Grammar	map	deep	runtime	declared
RakuAST::Grammar	map	duck	runtime	declared
RakuAST::Grammar	map	flat	runtime	declared
RakuAST::Grammar	map	item	runtime	declared
RakuAST::Grammar	map	label	runtime	declared
RakuAST::Grammar	map	node	runtime	declared
RakuAST::Grammar	max	by	runtime	declared
RakuAST::Grammar	max	k	runtime	declared
RakuAST::Grammar	max	kv	runtime	declared
RakuAST::Grammar	max	p	runtime	declared
RakuAST::Grammar	max	v	runtime	declared
RakuAST::Grammar	min	by	runtime	declared
RakuAST::Grammar	min	k	runtime	declared
RakuAST::Grammar	min	kv	runtime	declared
RakuAST::Grammar	min	p	runtime	declared
RakuAST::Grammar	min	v	runtime	declared
RakuAST::Grammar	minmax	by	runtime	declared
RakuAST::Grammar	repeated	as	runtime	declared
RakuAST::Grammar	repeated	with	runtime	declared
RakuAST::Grammar	rotor	partial	runtime	declared
RakuAST::Grammar	squish	as	runtime	declared
RakuAST::Grammar	squish	with	runtime	declared
RakuAST::Grammar	toggle	off	runtime	declared
RakuAST::Grammar	unique	as	runtime	declared
RakuAST::Grammar	unique	with	runtime	declared
RakuAST::HTML::Entities	batch	elems	runtime	declared
RakuAST::HTML::Entities	categorize	as	runtime	declared
RakuAST::HTML::Entities	categorize	into	runtime	declared
RakuAST::HTML::Entities	classify	as	runtime	declared
RakuAST::HTML::Entities	classify	into	runtime	declared
RakuAST::HTML::Entities	first	end	runtime	declared
RakuAST::HTML::Entities	flatmap	label	runtime	declared
RakuAST::HTML::Entities	map	deep	runtime	declared
RakuAST::HTML::Entities	map	duck	runtime	declared
RakuAST::HTML::Entities	map	flat	runtime	declared
RakuAST::HTML::Entities	map	item	runtime	declared
RakuAST::HTML::Entities	map	label	runtime	declared
RakuAST::HTML::Entities	map	node	runtime	declared
RakuAST::HTML::Entities	max	by	runtime	declared
RakuAST::HTML::Entities	max	k	runtime	declared
RakuAST::HTML::Entities	max	kv	runtime	declared
RakuAST::HTML::Entities	max	p	runtime	declared
RakuAST::HTML::Entities	max	v	runtime	declared
RakuAST::HTML::Entities	min	by	runtime	declared
RakuAST::HTML::Entities	min	k	runtime	declared
RakuAST::HTML::Entities	min	kv	runtime	declared
RakuAST::HTML::Entities	min	p	runtime	declared
RakuAST::HTML::Entities	min	v	runtime	declared
RakuAST::HTML::Entities	minmax	by	runtime	declared
RakuAST::HTML::Entities	repeated	as	runtime	declared
RakuAST::HTML::Entities	repeated	with	runtime	declared
RakuAST::HTML::Entities	rotor	partial	runtime	declared
RakuAST::HTML::Entities	squish	as	runtime	declared
RakuAST::HTML::Entities	squish	with	runtime	declared
RakuAST::HTML::Entities	toggle	off	runtime	declared
RakuAST::HTML::Entities	unique	as	runtime	declared
RakuAST::HTML::Entities	unique	with	runtime	declared
RakuAST::LegacyPodify	batch	elems	runtime	declared
RakuAST::LegacyPodify	categorize	as	runtime	declared
RakuAST::LegacyPodify	categorize	into	runtime	declared
RakuAST::LegacyPodify	classify	as	runtime	declared
RakuAST::LegacyPodify	classify	into	runtime	declared
RakuAST::LegacyPodify	first	end	runtime	declared
RakuAST::LegacyPodify	flatmap	label	runtime	declared
RakuAST::LegacyPodify	map	deep	runtime	declared
RakuAST::LegacyPodify	map	duck	runtime	declared
RakuAST::LegacyPodify	map	flat	runtime	declared
RakuAST::LegacyPodify	map	item	runtime	declared
RakuAST::LegacyPodify	map	label	runtime	declared
RakuAST::LegacyPodify	map	node	runtime	declared
RakuAST::LegacyPodify	max	by	runtime	declared
RakuAST::LegacyPodify	max	k	runtime	declared
RakuAST::LegacyPodify	max	kv	runtime	declared
RakuAST::LegacyPodify	max	p	runtime	declared
RakuAST::LegacyPodify	max	v	runtime	declared
RakuAST::LegacyPodify	min	by	runtime	declared
RakuAST::LegacyPodify	min	k	runtime	declared
RakuAST::LegacyPodify	min	kv	runtime	declared
RakuAST::LegacyPodify	min	p	runtime	declared
RakuAST::LegacyPodify	min	v	runtime	declared
RakuAST::LegacyPodify	minmax	by	runtime	declared
RakuAST::LegacyPodify	repeated	as	runtime	declared
RakuAST::LegacyPodify	repeated	with	runtime	declared
RakuAST::LegacyPodify	rotor	partial	runtime	declared
RakuAST::LegacyPodify	squish	as	runtime	declared
RakuAST::LegacyPodify	squish	with	runtime	declared
RakuAST::LegacyPodify	toggle	off	runtime	declared
RakuAST::LegacyPodify	unique	as	runtime	declared
RakuAST::LegacyPodify	unique	with	runtime	declared
RakuAST::Name::Part	batch	elems	runtime	declared
RakuAST::Name::Part	categorize	as	runtime	declared
RakuAST::Name::Part	categorize	into	runtime	declared
RakuAST::Name::Part	classify	as	runtime	declared
RakuAST::Name::Part	classify	into	runtime	declared
RakuAST::Name::Part	first	end	runtime	declared
RakuAST::Name::Part	flatmap	label	runtime	declared
RakuAST::Name::Part	map	deep	runtime	declared
RakuAST::Name::Part	map	duck	runtime	declared
RakuAST::Name::Part	map	flat	runtime	declared
RakuAST::Name::Part	map	item	runtime	declared
RakuAST::Name::Part	map	label	runtime	declared
RakuAST::Name::Part	map	node	runtime	declared
RakuAST::Name::Part	max	by	runtime	declared
RakuAST::Name::Part	max	k	runtime	declared
RakuAST::Name::Part	max	kv	runtime	declared
RakuAST::Name::Part	max	p	runtime	declared
RakuAST::Name::Part	max	v	runtime	declared
RakuAST::Name::Part	min	by	runtime	declared
RakuAST::Name::Part	min	k	runtime	declared
RakuAST::Name::Part	min	kv	runtime	declared
RakuAST::Name::Part	min	p	runtime	declared
RakuAST::Name::Part	min	v	runtime	declared
RakuAST::Name::Part	minmax	by	runtime	declared
RakuAST::Name::Part	repeated	as	runtime	declared
RakuAST::Name::Part	repeated	with	runtime	declared
RakuAST::Name::Part	rotor	partial	runtime	declared
RakuAST::Name::Part	squish	as	runtime	declared
RakuAST::Name::Part	squish	with	runtime	declared
RakuAST::Name::Part	toggle	off	runtime	declared
RakuAST::Name::Part	unique	as	runtime	declared
RakuAST::Name::Part	unique	with	runtime	declared
RakuAST::Node	batch	elems	runtime	declared
RakuAST::Node	categorize	as	runtime	declared
RakuAST::Node	categorize	into	runtime	declared
RakuAST::Node	classify	as	runtime	declared
RakuAST::Node	classify	into	runtime	declared
RakuAST::Node	first	end	runtime	declared
RakuAST::Node	flatmap	label	runtime	declared
RakuAST::Node	map	deep	runtime	declared
RakuAST::Node	map	duck	runtime	declared
RakuAST::Node	map	flat	runtime	declared
RakuAST::Node	map	item	runtime	declared
RakuAST::Node	map	label	runtime	declared
RakuAST::Node	map	node	runtime	declared
RakuAST::Node	max	by	runtime	declared
RakuAST::Node	max	k	runtime	declared
RakuAST::Node	max	kv	runtime	declared
RakuAST::Node	max	p	runtime	declared
RakuAST::Node	max	v	runtime	declared
RakuAST::Node	min	by	runtime	declared
RakuAST::Node	min	k	runtime	declared
RakuAST::Node	min	kv	runtime	declared
RakuAST::Node	min	p	runtime	declared
RakuAST::Node	min	v	runtime	declared
RakuAST::Node	minmax	by	runtime	declared
RakuAST::Node	repeated	as	runtime	declared
RakuAST::Node	repeated	with	runtime	declared
RakuAST::Node	rotor	partial	runtime	declared
RakuAST::Node	squish	as	runtime	declared
RakuAST::Node	squish	with	runtime	declared
RakuAST::Node	toggle	off	runtime	declared
RakuAST::Node	unique	as	runtime	declared
RakuAST::Node	unique	with	runtime	declared
RakuAST::Postfix::Power	batch	elems	runtime	declared
RakuAST::Postfix::Power	categorize	as	runtime	declared
RakuAST::Postfix::Power	categorize	into	runtime	declared
RakuAST::Postfix::Power	classify	as	runtime	declared
RakuAST::Postfix::Power	classify	into	runtime	declared
RakuAST::Postfix::Power	first	end	runtime	declared
RakuAST::Postfix::Power	flatmap	label	runtime	declared
RakuAST::Postfix::Power	map	deep	runtime	declared
RakuAST::Postfix::Power	map	duck	runtime	declared
RakuAST::Postfix::Power	map	flat	runtime	declared
RakuAST::Postfix::Power	map	item	runtime	declared
RakuAST::Postfix::Power	map	label	runtime	declared
RakuAST::Postfix::Power	map	node	runtime	declared
RakuAST::Postfix::Power	max	by	runtime	declared
RakuAST::Postfix::Power	max	k	runtime	declared
RakuAST::Postfix::Power	max	kv	runtime	declared
RakuAST::Postfix::Power	max	p	runtime	declared
RakuAST::Postfix::Power	max	v	runtime	declared
RakuAST::Postfix::Power	min	by	runtime	declared
RakuAST::Postfix::Power	min	k	runtime	declared
RakuAST::Postfix::Power	min	kv	runtime	declared
RakuAST::Postfix::Power	min	p	runtime	declared
RakuAST::Postfix::Power	min	v	runtime	declared
RakuAST::Postfix::Power	minmax	by	runtime	declared
RakuAST::Postfix::Power	repeated	as	runtime	declared
RakuAST::Postfix::Power	repeated	with	runtime	declared
RakuAST::Postfix::Power	rotor	partial	runtime	declared
RakuAST::Postfix::Power	squish	as	runtime	declared
RakuAST::Postfix::Power	squish	with	runtime	declared
RakuAST::Postfix::Power	toggle	off	runtime	declared
RakuAST::Postfix::Power	unique	as	runtime	declared
RakuAST::Postfix::Power	unique	with	runtime	declared
RakuAST::Statement::Elsif	batch	elems	runtime	declared
RakuAST::Statement::Elsif	categorize	as	runtime	declared
RakuAST::Statement::Elsif	categorize	into	runtime	declared
RakuAST::Statement::Elsif	classify	as	runtime	declared
RakuAST::Statement::Elsif	classify	into	runtime	declared
RakuAST::Statement::Elsif	first	end	runtime	declared
RakuAST::Statement::Elsif	flatmap	label	runtime	declared
RakuAST::Statement::Elsif	map	deep	runtime	declared
RakuAST::Statement::Elsif	map	duck	runtime	declared
RakuAST::Statement::Elsif	map	flat	runtime	declared
RakuAST::Statement::Elsif	map	item	runtime	declared
RakuAST::Statement::Elsif	map	label	runtime	declared
RakuAST::Statement::Elsif	map	node	runtime	declared
RakuAST::Statement::Elsif	max	by	runtime	declared
RakuAST::Statement::Elsif	max	k	runtime	declared
RakuAST::Statement::Elsif	max	kv	runtime	declared
RakuAST::Statement::Elsif	max	p	runtime	declared
RakuAST::Statement::Elsif	max	v	runtime	declared
RakuAST::Statement::Elsif	min	by	runtime	declared
RakuAST::Statement::Elsif	min	k	runtime	declared
RakuAST::Statement::Elsif	min	kv	runtime	declared
RakuAST::Statement::Elsif	min	p	runtime	declared
RakuAST::Statement::Elsif	min	v	runtime	declared
RakuAST::Statement::Elsif	minmax	by	runtime	declared
RakuAST::Statement::Elsif	repeated	as	runtime	declared
RakuAST::Statement::Elsif	repeated	with	runtime	declared
RakuAST::Statement::Elsif	rotor	partial	runtime	declared
RakuAST::Statement::Elsif	squish	as	runtime	declared
RakuAST::Statement::Elsif	squish	with	runtime	declared
RakuAST::Statement::Elsif	toggle	off	runtime	declared
RakuAST::Statement::Elsif	unique	as	runtime	declared
RakuAST::Statement::Elsif	unique	with	runtime	declared
RakuAST::Type::Enum	batch	elems	runtime	declared
RakuAST::Type::Enum	categorize	as	runtime	declared
RakuAST::Type::Enum	categorize	into	runtime	declared
RakuAST::Type::Enum	classify	as	runtime	declared
RakuAST::Type::Enum	classify	into	runtime	declared
RakuAST::Type::Enum	first	end	runtime	declared
RakuAST::Type::Enum	flatmap	label	runtime	declared
RakuAST::Type::Enum	map	deep	runtime	declared
RakuAST::Type::Enum	map	duck	runtime	declared
RakuAST::Type::Enum	map	flat	runtime	declared
RakuAST::Type::Enum	map	item	runtime	declared
RakuAST::Type::Enum	map	label	runtime	declared
RakuAST::Type::Enum	map	node	runtime	declared
RakuAST::Type::Enum	max	by	runtime	declared
RakuAST::Type::Enum	max	k	runtime	declared
RakuAST::Type::Enum	max	kv	runtime	declared
RakuAST::Type::Enum	max	p	runtime	declared
RakuAST::Type::Enum	max	v	runtime	declared
RakuAST::Type::Enum	min	by	runtime	declared
RakuAST::Type::Enum	min	k	runtime	declared
RakuAST::Type::Enum	min	kv	runtime	declared
RakuAST::Type::Enum	min	p	runtime	declared
RakuAST::Type::Enum	min	v	runtime	declared
RakuAST::Type::Enum	minmax	by	runtime	declared
RakuAST::Type::Enum	repeated	as	runtime	declared
RakuAST::Type::Enum	repeated	with	runtime	declared
RakuAST::Type::Enum	rotor	partial	runtime	declared
RakuAST::Type::Enum	squish	as	runtime	declared
RakuAST::Type::Enum	squish	with	runtime	declared
RakuAST::Type::Enum	toggle	off	runtime	declared
RakuAST::Type::Enum	unique	as	runtime	declared
RakuAST::Type::Enum	unique	with	runtime	declared
Rakudo::Deprecations	DEPRECATED	file	runtime	declared
Rakudo::Deprecations	DEPRECATED	lang-vers	runtime	declared
Rakudo::Deprecations	DEPRECATED	line	runtime	declared
Rakudo::Deprecations	DEPRECATED	up	runtime	declared
Rakudo::Deprecations	DEPRECATED	what	runtime	declared
Rakudo::Internals	BYTE_SUPPLY_DECODER	translate-nl	runtime	declared
Rakudo::Internals	DIR-RECURSE	dir	runtime	declared
Rakudo::Internals	DIR-RECURSE	file	runtime	declared
Rakudo::Internals	MAYBE-STRING	method	runtime	declared
Rakudo::Internals	REGISTER-DYNAMIC	override	runtime	declared
Rakudo::Internals	SHORT-STRING	method	runtime	declared
Rakudo::Internals::HyperIteratorBatcher	BUILD	iterator	runtime	declared
Rakudo::Internals::HyperRaceSharedImpl	map	deep	runtime	declared
Rakudo::Internals::HyperRaceSharedImpl	map	duck	runtime	declared
Rakudo::Internals::HyperRaceSharedImpl	map	flat	runtime	declared
Rakudo::Internals::HyperRaceSharedImpl	map	item	runtime	declared
Rakudo::Internals::HyperRaceSharedImpl	map	label	runtime	declared
Rakudo::Internals::HyperRaceSharedImpl	map	node	runtime	declared
Rakudo::Internals::HyperWorkBatch	flat	hammer	runtime	declared
Rakudo::Internals::HyperWorkBatch	hyper	batch	runtime	declared
Rakudo::Internals::HyperWorkBatch	hyper	degree	runtime	declared
Rakudo::Internals::HyperWorkBatch	race	batch	runtime	declared
Rakudo::Internals::HyperWorkBatch	race	degree	runtime	declared
Rakudo::Internals::JSON	to-json	level	runtime	declared
Rakudo::Internals::JSON	to-json	pretty	runtime	declared
Rakudo::Internals::JSON	to-json	sorted-keys	runtime	declared
Rakudo::Internals::JSON	to-json	spacing	runtime	declared
Rakudo::Internals::ShapedArrayCommon	sort	k	runtime	via Rakudo::Internals::ShapedArrayCommon.sort -> Seq.sort -> List.sort
Rakudo::Sorting	MERGESORT-REIFIED-LIST-AS	indices	runtime	declared
Rakufy	batch	elems	runtime	declared
Rakufy	categorize	as	runtime	declared
Rakufy	categorize	into	runtime	declared
Rakufy	classify	as	runtime	declared
Rakufy	classify	into	runtime	declared
Rakufy	first	end	runtime	declared
Rakufy	flatmap	label	runtime	declared
Rakufy	map	deep	runtime	declared
Rakufy	map	duck	runtime	declared
Rakufy	map	flat	runtime	declared
Rakufy	map	item	runtime	declared
Rakufy	map	label	runtime	declared
Rakufy	map	node	runtime	declared
Rakufy	max	by	runtime	declared
Rakufy	max	k	runtime	declared
Rakufy	max	kv	runtime	declared
Rakufy	max	p	runtime	declared
Rakufy	max	v	runtime	declared
Rakufy	min	by	runtime	declared
Rakufy	min	k	runtime	declared
Rakufy	min	kv	runtime	declared
Rakufy	min	p	runtime	declared
Rakufy	min	v	runtime	declared
Rakufy	minmax	by	runtime	declared
Rakufy	repeated	as	runtime	declared
Rakufy	repeated	with	runtime	declared
Rakufy	rotor	partial	runtime	declared
Rakufy	squish	as	runtime	declared
Rakufy	squish	with	runtime	declared
Rakufy	toggle	off	runtime	declared
Rakufy	unique	as	runtime	declared
Rakufy	unique	with	runtime	declared
Range	contains	i	runtime	declared
Range	contains	ignorecase	runtime	declared
Range	contains	ignoremark	runtime	declared
Range	contains	m	runtime	declared
Range	first	end	runtime	via Range.first -> Any.first
Range	hyper	batch	runtime	declared
Range	hyper	degree	runtime	declared
Range	index	i	runtime	declared
Range	index	ignorecase	runtime	declared
Range	index	ignoremark	runtime	declared
Range	index	m	runtime	declared
Range	max	by	runtime	declared
Range	max	k	runtime	declared
Range	max	kv	runtime	declared
Range	max	p	runtime	declared
Range	min	by	runtime	declared
Range	min	k	runtime	declared
Range	min	kv	runtime	declared
Range	min	p	runtime	declared
Range	minmax	by	runtime	declared
Range	new	excludes-max	runtime	declared
Range	new	excludes-min	runtime	declared
Range	race	batch	runtime	declared
Range	race	degree	runtime	declared
Rat	DUMP	ctx	runtime	declared
Rat	DUMP	indent-step	runtime	declared
Rat	base	no-trailing-zeroes	runtime	declared
RatStr	Numeric	fail-or-nil	runtime	declared
ReadlineBehavior	batch	elems	runtime	declared
ReadlineBehavior	categorize	as	runtime	declared
ReadlineBehavior	categorize	into	runtime	declared
ReadlineBehavior	classify	as	runtime	declared
ReadlineBehavior	classify	into	runtime	declared
ReadlineBehavior	first	end	runtime	declared
ReadlineBehavior	flatmap	label	runtime	declared
ReadlineBehavior	map	deep	runtime	declared
ReadlineBehavior	map	duck	runtime	declared
ReadlineBehavior	map	flat	runtime	declared
ReadlineBehavior	map	item	runtime	declared
ReadlineBehavior	map	label	runtime	declared
ReadlineBehavior	map	node	runtime	declared
ReadlineBehavior	max	by	runtime	declared
ReadlineBehavior	max	k	runtime	declared
ReadlineBehavior	max	kv	runtime	declared
ReadlineBehavior	max	p	runtime	declared
ReadlineBehavior	max	v	runtime	declared
ReadlineBehavior	min	by	runtime	declared
ReadlineBehavior	min	k	runtime	declared
ReadlineBehavior	min	kv	runtime	declared
ReadlineBehavior	min	p	runtime	declared
ReadlineBehavior	min	v	runtime	declared
ReadlineBehavior	minmax	by	runtime	declared
ReadlineBehavior	repeated	as	runtime	declared
ReadlineBehavior	repeated	with	runtime	declared
ReadlineBehavior	rotor	partial	runtime	declared
ReadlineBehavior	squish	as	runtime	declared
ReadlineBehavior	squish	with	runtime	declared
ReadlineBehavior	toggle	off	runtime	declared
ReadlineBehavior	unique	as	runtime	declared
ReadlineBehavior	unique	with	runtime	declared
RealPolymod	batch	elems	runtime	declared
RealPolymod	categorize	as	runtime	declared
RealPolymod	categorize	into	runtime	declared
RealPolymod	classify	as	runtime	declared
RealPolymod	classify	into	runtime	declared
RealPolymod	first	end	runtime	declared
RealPolymod	flatmap	label	runtime	declared
RealPolymod	map	deep	runtime	declared
RealPolymod	map	duck	runtime	declared
RealPolymod	map	flat	runtime	declared
RealPolymod	map	item	runtime	declared
RealPolymod	map	label	runtime	declared
RealPolymod	map	node	runtime	declared
RealPolymod	max	by	runtime	declared
RealPolymod	max	k	runtime	declared
RealPolymod	max	kv	runtime	declared
RealPolymod	max	p	runtime	declared
RealPolymod	max	v	runtime	declared
RealPolymod	min	by	runtime	declared
RealPolymod	min	k	runtime	declared
RealPolymod	min	kv	runtime	declared
RealPolymod	min	p	runtime	declared
RealPolymod	min	v	runtime	declared
RealPolymod	minmax	by	runtime	declared
RealPolymod	repeated	as	runtime	declared
RealPolymod	repeated	with	runtime	declared
RealPolymod	rotor	partial	runtime	declared
RealPolymod	squish	as	runtime	declared
RealPolymod	squish	with	runtime	declared
RealPolymod	toggle	off	runtime	declared
RealPolymod	unique	as	runtime	declared
RealPolymod	unique	with	runtime	declared
Regex	clone	slash	runtime	declared
Regex	clone	topic	runtime	declared
ReifiedArrayIterator	batch	elems	runtime	declared
ReifiedArrayIterator	categorize	as	runtime	declared
ReifiedArrayIterator	categorize	into	runtime	declared
ReifiedArrayIterator	classify	as	runtime	declared
ReifiedArrayIterator	classify	into	runtime	declared
ReifiedArrayIterator	first	end	runtime	declared
ReifiedArrayIterator	flatmap	label	runtime	declared
ReifiedArrayIterator	map	deep	runtime	declared
ReifiedArrayIterator	map	duck	runtime	declared
ReifiedArrayIterator	map	flat	runtime	declared
ReifiedArrayIterator	map	item	runtime	declared
ReifiedArrayIterator	map	label	runtime	declared
ReifiedArrayIterator	map	node	runtime	declared
ReifiedArrayIterator	max	by	runtime	declared
ReifiedArrayIterator	max	k	runtime	declared
ReifiedArrayIterator	max	kv	runtime	declared
ReifiedArrayIterator	max	p	runtime	declared
ReifiedArrayIterator	max	v	runtime	declared
ReifiedArrayIterator	min	by	runtime	declared
ReifiedArrayIterator	min	k	runtime	declared
ReifiedArrayIterator	min	kv	runtime	declared
ReifiedArrayIterator	min	p	runtime	declared
ReifiedArrayIterator	min	v	runtime	declared
ReifiedArrayIterator	minmax	by	runtime	declared
ReifiedArrayIterator	repeated	as	runtime	declared
ReifiedArrayIterator	repeated	with	runtime	declared
ReifiedArrayIterator	rotor	partial	runtime	declared
ReifiedArrayIterator	squish	as	runtime	declared
ReifiedArrayIterator	squish	with	runtime	declared
ReifiedArrayIterator	toggle	off	runtime	declared
ReifiedArrayIterator	unique	as	runtime	declared
ReifiedArrayIterator	unique	with	runtime	declared
ReifiedListIterator	batch	elems	runtime	declared
ReifiedListIterator	categorize	as	runtime	declared
ReifiedListIterator	categorize	into	runtime	declared
ReifiedListIterator	classify	as	runtime	declared
ReifiedListIterator	classify	into	runtime	declared
ReifiedListIterator	first	end	runtime	declared
ReifiedListIterator	flatmap	label	runtime	declared
ReifiedListIterator	map	deep	runtime	declared
ReifiedListIterator	map	duck	runtime	declared
ReifiedListIterator	map	flat	runtime	declared
ReifiedListIterator	map	item	runtime	declared
ReifiedListIterator	map	label	runtime	declared
ReifiedListIterator	map	node	runtime	declared
ReifiedListIterator	max	by	runtime	declared
ReifiedListIterator	max	k	runtime	declared
ReifiedListIterator	max	kv	runtime	declared
ReifiedListIterator	max	p	runtime	declared
ReifiedListIterator	max	v	runtime	declared
ReifiedListIterator	min	by	runtime	declared
ReifiedListIterator	min	k	runtime	declared
ReifiedListIterator	min	kv	runtime	declared
ReifiedListIterator	min	p	runtime	declared
ReifiedListIterator	min	v	runtime	declared
ReifiedListIterator	minmax	by	runtime	declared
ReifiedListIterator	repeated	as	runtime	declared
ReifiedListIterator	repeated	with	runtime	declared
ReifiedListIterator	rotor	partial	runtime	declared
ReifiedListIterator	squish	as	runtime	declared
ReifiedListIterator	squish	with	runtime	declared
ReifiedListIterator	toggle	off	runtime	declared
ReifiedListIterator	unique	as	runtime	declared
ReifiedListIterator	unique	with	runtime	declared
ReifiedListIteratorMonotonicallyIncreasing	batch	elems	runtime	declared
ReifiedListIteratorMonotonicallyIncreasing	categorize	as	runtime	declared
ReifiedListIteratorMonotonicallyIncreasing	categorize	into	runtime	declared
ReifiedListIteratorMonotonicallyIncreasing	classify	as	runtime	declared
ReifiedListIteratorMonotonicallyIncreasing	classify	into	runtime	declared
ReifiedListIteratorMonotonicallyIncreasing	first	end	runtime	declared
ReifiedListIteratorMonotonicallyIncreasing	flatmap	label	runtime	declared
ReifiedListIteratorMonotonicallyIncreasing	map	deep	runtime	declared
ReifiedListIteratorMonotonicallyIncreasing	map	duck	runtime	declared
ReifiedListIteratorMonotonicallyIncreasing	map	flat	runtime	declared
ReifiedListIteratorMonotonicallyIncreasing	map	item	runtime	declared
ReifiedListIteratorMonotonicallyIncreasing	map	label	runtime	declared
ReifiedListIteratorMonotonicallyIncreasing	map	node	runtime	declared
ReifiedListIteratorMonotonicallyIncreasing	max	by	runtime	declared
ReifiedListIteratorMonotonicallyIncreasing	max	k	runtime	declared
ReifiedListIteratorMonotonicallyIncreasing	max	kv	runtime	declared
ReifiedListIteratorMonotonicallyIncreasing	max	p	runtime	declared
ReifiedListIteratorMonotonicallyIncreasing	max	v	runtime	declared
ReifiedListIteratorMonotonicallyIncreasing	min	by	runtime	declared
ReifiedListIteratorMonotonicallyIncreasing	min	k	runtime	declared
ReifiedListIteratorMonotonicallyIncreasing	min	kv	runtime	declared
ReifiedListIteratorMonotonicallyIncreasing	min	p	runtime	declared
ReifiedListIteratorMonotonicallyIncreasing	min	v	runtime	declared
ReifiedListIteratorMonotonicallyIncreasing	minmax	by	runtime	declared
ReifiedListIteratorMonotonicallyIncreasing	repeated	as	runtime	declared
ReifiedListIteratorMonotonicallyIncreasing	repeated	with	runtime	declared
ReifiedListIteratorMonotonicallyIncreasing	rotor	partial	runtime	declared
ReifiedListIteratorMonotonicallyIncreasing	squish	as	runtime	declared
ReifiedListIteratorMonotonicallyIncreasing	squish	with	runtime	declared
ReifiedListIteratorMonotonicallyIncreasing	toggle	off	runtime	declared
ReifiedListIteratorMonotonicallyIncreasing	unique	as	runtime	declared
ReifiedListIteratorMonotonicallyIncreasing	unique	with	runtime	declared
ReifiedReverseIterator	batch	elems	runtime	declared
ReifiedReverseIterator	categorize	as	runtime	declared
ReifiedReverseIterator	categorize	into	runtime	declared
ReifiedReverseIterator	classify	as	runtime	declared
ReifiedReverseIterator	classify	into	runtime	declared
ReifiedReverseIterator	first	end	runtime	declared
ReifiedReverseIterator	flatmap	label	runtime	declared
ReifiedReverseIterator	map	deep	runtime	declared
ReifiedReverseIterator	map	duck	runtime	declared
ReifiedReverseIterator	map	flat	runtime	declared
ReifiedReverseIterator	map	item	runtime	declared
ReifiedReverseIterator	map	label	runtime	declared
ReifiedReverseIterator	map	node	runtime	declared
ReifiedReverseIterator	max	by	runtime	declared
ReifiedReverseIterator	max	k	runtime	declared
ReifiedReverseIterator	max	kv	runtime	declared
ReifiedReverseIterator	max	p	runtime	declared
ReifiedReverseIterator	max	v	runtime	declared
ReifiedReverseIterator	min	by	runtime	declared
ReifiedReverseIterator	min	k	runtime	declared
ReifiedReverseIterator	min	kv	runtime	declared
ReifiedReverseIterator	min	p	runtime	declared
ReifiedReverseIterator	min	v	runtime	declared
ReifiedReverseIterator	minmax	by	runtime	declared
ReifiedReverseIterator	repeated	as	runtime	declared
ReifiedReverseIterator	repeated	with	runtime	declared
ReifiedReverseIterator	rotor	partial	runtime	declared
ReifiedReverseIterator	squish	as	runtime	declared
ReifiedReverseIterator	squish	with	runtime	declared
ReifiedReverseIterator	toggle	off	runtime	declared
ReifiedReverseIterator	unique	as	runtime	declared
ReifiedReverseIterator	unique	with	runtime	declared
ReifiedRotateIterator	batch	elems	runtime	declared
ReifiedRotateIterator	categorize	as	runtime	declared
ReifiedRotateIterator	categorize	into	runtime	declared
ReifiedRotateIterator	classify	as	runtime	declared
ReifiedRotateIterator	classify	into	runtime	declared
ReifiedRotateIterator	first	end	runtime	declared
ReifiedRotateIterator	flatmap	label	runtime	declared
ReifiedRotateIterator	map	deep	runtime	declared
ReifiedRotateIterator	map	duck	runtime	declared
ReifiedRotateIterator	map	flat	runtime	declared
ReifiedRotateIterator	map	item	runtime	declared
ReifiedRotateIterator	map	label	runtime	declared
ReifiedRotateIterator	map	node	runtime	declared
ReifiedRotateIterator	max	by	runtime	declared
ReifiedRotateIterator	max	k	runtime	declared
ReifiedRotateIterator	max	kv	runtime	declared
ReifiedRotateIterator	max	p	runtime	declared
ReifiedRotateIterator	max	v	runtime	declared
ReifiedRotateIterator	min	by	runtime	declared
ReifiedRotateIterator	min	k	runtime	declared
ReifiedRotateIterator	min	kv	runtime	declared
ReifiedRotateIterator	min	p	runtime	declared
ReifiedRotateIterator	min	v	runtime	declared
ReifiedRotateIterator	minmax	by	runtime	declared
ReifiedRotateIterator	repeated	as	runtime	declared
ReifiedRotateIterator	repeated	with	runtime	declared
ReifiedRotateIterator	rotor	partial	runtime	declared
ReifiedRotateIterator	squish	as	runtime	declared
ReifiedRotateIterator	squish	with	runtime	declared
ReifiedRotateIterator	toggle	off	runtime	declared
ReifiedRotateIterator	unique	as	runtime	declared
ReifiedRotateIterator	unique	with	runtime	declared
Reifier	batch	elems	runtime	declared
Reifier	categorize	as	runtime	declared
Reifier	categorize	into	runtime	declared
Reifier	classify	as	runtime	declared
Reifier	classify	into	runtime	declared
Reifier	first	end	runtime	declared
Reifier	flatmap	label	runtime	declared
Reifier	map	deep	runtime	declared
Reifier	map	duck	runtime	declared
Reifier	map	flat	runtime	declared
Reifier	map	item	runtime	declared
Reifier	map	label	runtime	declared
Reifier	map	node	runtime	declared
Reifier	max	by	runtime	declared
Reifier	max	k	runtime	declared
Reifier	max	kv	runtime	declared
Reifier	max	p	runtime	declared
Reifier	max	v	runtime	declared
Reifier	min	by	runtime	declared
Reifier	min	k	runtime	declared
Reifier	min	kv	runtime	declared
Reifier	min	p	runtime	declared
Reifier	min	v	runtime	declared
Reifier	minmax	by	runtime	declared
Reifier	repeated	as	runtime	declared
Reifier	repeated	with	runtime	declared
Reifier	rotor	partial	runtime	declared
Reifier	squish	as	runtime	declared
Reifier	squish	with	runtime	declared
Reifier	toggle	off	runtime	declared
Reifier	unique	as	runtime	declared
Reifier	unique	with	runtime	declared
Reiterate	batch	elems	runtime	declared
Reiterate	categorize	as	runtime	declared
Reiterate	categorize	into	runtime	declared
Reiterate	classify	as	runtime	declared
Reiterate	classify	into	runtime	declared
Reiterate	first	end	runtime	declared
Reiterate	flatmap	label	runtime	declared
Reiterate	map	deep	runtime	declared
Reiterate	map	duck	runtime	declared
Reiterate	map	flat	runtime	declared
Reiterate	map	item	runtime	declared
Reiterate	map	label	runtime	declared
Reiterate	map	node	runtime	declared
Reiterate	max	by	runtime	declared
Reiterate	max	k	runtime	declared
Reiterate	max	kv	runtime	declared
Reiterate	max	p	runtime	declared
Reiterate	max	v	runtime	declared
Reiterate	min	by	runtime	declared
Reiterate	min	k	runtime	declared
Reiterate	min	kv	runtime	declared
Reiterate	min	p	runtime	declared
Reiterate	min	v	runtime	declared
Reiterate	minmax	by	runtime	declared
Reiterate	repeated	as	runtime	declared
Reiterate	repeated	with	runtime	declared
Reiterate	rotor	partial	runtime	declared
Reiterate	squish	as	runtime	declared
Reiterate	squish	with	runtime	declared
Reiterate	toggle	off	runtime	declared
Reiterate	unique	as	runtime	declared
Reiterate	unique	with	runtime	declared
Repeat	batch	elems	runtime	declared
Repeat	categorize	as	runtime	declared
Repeat	categorize	into	runtime	declared
Repeat	classify	as	runtime	declared
Repeat	classify	into	runtime	declared
Repeat	first	end	runtime	declared
Repeat	flatmap	label	runtime	declared
Repeat	map	deep	runtime	declared
Repeat	map	duck	runtime	declared
Repeat	map	flat	runtime	declared
Repeat	map	item	runtime	declared
Repeat	map	label	runtime	declared
Repeat	map	node	runtime	declared
Repeat	max	by	runtime	declared
Repeat	max	k	runtime	declared
Repeat	max	kv	runtime	declared
Repeat	max	p	runtime	declared
Repeat	max	v	runtime	declared
Repeat	min	by	runtime	declared
Repeat	min	k	runtime	declared
Repeat	min	kv	runtime	declared
Repeat	min	p	runtime	declared
Repeat	min	v	runtime	declared
Repeat	minmax	by	runtime	declared
Repeat	repeated	as	runtime	declared
Repeat	repeated	with	runtime	declared
Repeat	rotor	partial	runtime	declared
Repeat	squish	as	runtime	declared
Repeat	squish	with	runtime	declared
Repeat	toggle	off	runtime	declared
Repeat	unique	as	runtime	declared
Repeat	unique	with	runtime	declared
RepeatLoop	batch	elems	runtime	declared
RepeatLoop	categorize	as	runtime	declared
RepeatLoop	categorize	into	runtime	declared
RepeatLoop	classify	as	runtime	declared
RepeatLoop	classify	into	runtime	declared
RepeatLoop	first	end	runtime	declared
RepeatLoop	flatmap	label	runtime	declared
RepeatLoop	map	deep	runtime	declared
RepeatLoop	map	duck	runtime	declared
RepeatLoop	map	flat	runtime	declared
RepeatLoop	map	item	runtime	declared
RepeatLoop	map	label	runtime	declared
RepeatLoop	map	node	runtime	declared
RepeatLoop	max	by	runtime	declared
RepeatLoop	max	k	runtime	declared
RepeatLoop	max	kv	runtime	declared
RepeatLoop	max	p	runtime	declared
RepeatLoop	max	v	runtime	declared
RepeatLoop	min	by	runtime	declared
RepeatLoop	min	k	runtime	declared
RepeatLoop	min	kv	runtime	declared
RepeatLoop	min	p	runtime	declared
RepeatLoop	min	v	runtime	declared
RepeatLoop	minmax	by	runtime	declared
RepeatLoop	repeated	as	runtime	declared
RepeatLoop	repeated	with	runtime	declared
RepeatLoop	rotor	partial	runtime	declared
RepeatLoop	squish	as	runtime	declared
RepeatLoop	squish	with	runtime	declared
RepeatLoop	toggle	off	runtime	declared
RepeatLoop	unique	as	runtime	declared
RepeatLoop	unique	with	runtime	declared
Repeated	batch	elems	runtime	declared
Repeated	categorize	as	runtime	declared
Repeated	categorize	into	runtime	declared
Repeated	classify	as	runtime	declared
Repeated	classify	into	runtime	declared
Repeated	first	end	runtime	declared
Repeated	flatmap	label	runtime	declared
Repeated	map	deep	runtime	declared
Repeated	map	duck	runtime	declared
Repeated	map	flat	runtime	declared
Repeated	map	item	runtime	declared
Repeated	map	label	runtime	declared
Repeated	map	node	runtime	declared
Repeated	max	by	runtime	declared
Repeated	max	k	runtime	declared
Repeated	max	kv	runtime	declared
Repeated	max	p	runtime	declared
Repeated	max	v	runtime	declared
Repeated	min	by	runtime	declared
Repeated	min	k	runtime	declared
Repeated	min	kv	runtime	declared
Repeated	min	p	runtime	declared
Repeated	min	v	runtime	declared
Repeated	minmax	by	runtime	declared
Repeated	repeated	as	runtime	declared
Repeated	repeated	with	runtime	declared
Repeated	rotor	partial	runtime	declared
Repeated	squish	as	runtime	declared
Repeated	squish	with	runtime	declared
Repeated	toggle	off	runtime	declared
Repeated	unique	as	runtime	declared
Repeated	unique	with	runtime	declared
Return	batch	elems	runtime	declared
Return	categorize	as	runtime	declared
Return	categorize	into	runtime	declared
Return	classify	as	runtime	declared
Return	classify	into	runtime	declared
Return	first	end	runtime	declared
Return	flatmap	label	runtime	declared
Return	map	deep	runtime	declared
Return	map	duck	runtime	declared
Return	map	flat	runtime	declared
Return	map	item	runtime	declared
Return	map	label	runtime	declared
Return	map	node	runtime	declared
Return	max	by	runtime	declared
Return	max	k	runtime	declared
Return	max	kv	runtime	declared
Return	max	p	runtime	declared
Return	max	v	runtime	declared
Return	min	by	runtime	declared
Return	min	k	runtime	declared
Return	min	kv	runtime	declared
Return	min	p	runtime	declared
Return	min	v	runtime	declared
Return	minmax	by	runtime	declared
Return	repeated	as	runtime	declared
Return	repeated	with	runtime	declared
Return	rotor	partial	runtime	declared
Return	squish	as	runtime	declared
Return	squish	with	runtime	declared
Return	toggle	off	runtime	declared
Return	unique	as	runtime	declared
Return	unique	with	runtime	declared
RightTriangle2	batch	elems	runtime	declared
RightTriangle2	categorize	as	runtime	declared
RightTriangle2	categorize	into	runtime	declared
RightTriangle2	classify	as	runtime	declared
RightTriangle2	classify	into	runtime	declared
RightTriangle2	first	end	runtime	declared
RightTriangle2	flatmap	label	runtime	declared
RightTriangle2	map	deep	runtime	declared
RightTriangle2	map	duck	runtime	declared
RightTriangle2	map	flat	runtime	declared
RightTriangle2	map	item	runtime	declared
RightTriangle2	map	label	runtime	declared
RightTriangle2	map	node	runtime	declared
RightTriangle2	max	by	runtime	declared
RightTriangle2	max	k	runtime	declared
RightTriangle2	max	kv	runtime	declared
RightTriangle2	max	p	runtime	declared
RightTriangle2	max	v	runtime	declared
RightTriangle2	min	by	runtime	declared
RightTriangle2	min	k	runtime	declared
RightTriangle2	min	kv	runtime	declared
RightTriangle2	min	p	runtime	declared
RightTriangle2	min	v	runtime	declared
RightTriangle2	minmax	by	runtime	declared
RightTriangle2	repeated	as	runtime	declared
RightTriangle2	repeated	with	runtime	declared
RightTriangle2	rotor	partial	runtime	declared
RightTriangle2	squish	as	runtime	declared
RightTriangle2	squish	with	runtime	declared
RightTriangle2	toggle	off	runtime	declared
RightTriangle2	unique	as	runtime	declared
RightTriangle2	unique	with	runtime	declared
RightTriangleN	batch	elems	runtime	declared
RightTriangleN	categorize	as	runtime	declared
RightTriangleN	categorize	into	runtime	declared
RightTriangleN	classify	as	runtime	declared
RightTriangleN	classify	into	runtime	declared
RightTriangleN	first	end	runtime	declared
RightTriangleN	flatmap	label	runtime	declared
RightTriangleN	map	deep	runtime	declared
RightTriangleN	map	duck	runtime	declared
RightTriangleN	map	flat	runtime	declared
RightTriangleN	map	item	runtime	declared
RightTriangleN	map	label	runtime	declared
RightTriangleN	map	node	runtime	declared
RightTriangleN	max	by	runtime	declared
RightTriangleN	max	k	runtime	declared
RightTriangleN	max	kv	runtime	declared
RightTriangleN	max	p	runtime	declared
RightTriangleN	max	v	runtime	declared
RightTriangleN	min	by	runtime	declared
RightTriangleN	min	k	runtime	declared
RightTriangleN	min	kv	runtime	declared
RightTriangleN	min	p	runtime	declared
RightTriangleN	min	v	runtime	declared
RightTriangleN	minmax	by	runtime	declared
RightTriangleN	repeated	as	runtime	declared
RightTriangleN	repeated	with	runtime	declared
RightTriangleN	rotor	partial	runtime	declared
RightTriangleN	squish	as	runtime	declared
RightTriangleN	squish	with	runtime	declared
RightTriangleN	toggle	off	runtime	declared
RightTriangleN	unique	as	runtime	declared
RightTriangleN	unique	with	runtime	declared
RollN	batch	elems	runtime	declared
RollN	categorize	as	runtime	declared
RollN	categorize	into	runtime	declared
RollN	classify	as	runtime	declared
RollN	classify	into	runtime	declared
RollN	first	end	runtime	declared
RollN	flatmap	label	runtime	declared
RollN	map	deep	runtime	declared
RollN	map	duck	runtime	declared
RollN	map	flat	runtime	declared
RollN	map	item	runtime	declared
RollN	map	label	runtime	declared
RollN	map	node	runtime	declared
RollN	max	by	runtime	declared
RollN	max	k	runtime	declared
RollN	max	kv	runtime	declared
RollN	max	p	runtime	declared
RollN	max	v	runtime	declared
RollN	min	by	runtime	declared
RollN	min	k	runtime	declared
RollN	min	kv	runtime	declared
RollN	min	p	runtime	declared
RollN	min	v	runtime	declared
RollN	minmax	by	runtime	declared
RollN	repeated	as	runtime	declared
RollN	repeated	with	runtime	declared
RollN	rotor	partial	runtime	declared
RollN	squish	as	runtime	declared
RollN	squish	with	runtime	declared
RollN	toggle	off	runtime	declared
RollN	unique	as	runtime	declared
RollN	unique	with	runtime	declared
RollWhatever	batch	elems	runtime	declared
RollWhatever	categorize	as	runtime	declared
RollWhatever	categorize	into	runtime	declared
RollWhatever	classify	as	runtime	declared
RollWhatever	classify	into	runtime	declared
RollWhatever	first	end	runtime	declared
RollWhatever	flatmap	label	runtime	declared
RollWhatever	map	deep	runtime	declared
RollWhatever	map	duck	runtime	declared
RollWhatever	map	flat	runtime	declared
RollWhatever	map	item	runtime	declared
RollWhatever	map	label	runtime	declared
RollWhatever	map	node	runtime	declared
RollWhatever	max	by	runtime	declared
RollWhatever	max	k	runtime	declared
RollWhatever	max	kv	runtime	declared
RollWhatever	max	p	runtime	declared
RollWhatever	max	v	runtime	declared
RollWhatever	min	by	runtime	declared
RollWhatever	min	k	runtime	declared
RollWhatever	min	kv	runtime	declared
RollWhatever	min	p	runtime	declared
RollWhatever	min	v	runtime	declared
RollWhatever	minmax	by	runtime	declared
RollWhatever	repeated	as	runtime	declared
RollWhatever	repeated	with	runtime	declared
RollWhatever	rotor	partial	runtime	declared
RollWhatever	squish	as	runtime	declared
RollWhatever	squish	with	runtime	declared
RollWhatever	toggle	off	runtime	declared
RollWhatever	unique	as	runtime	declared
RollWhatever	unique	with	runtime	declared
RotateIterator	batch	elems	runtime	declared
RotateIterator	categorize	as	runtime	declared
RotateIterator	categorize	into	runtime	declared
RotateIterator	classify	as	runtime	declared
RotateIterator	classify	into	runtime	declared
RotateIterator	first	end	runtime	declared
RotateIterator	flatmap	label	runtime	declared
RotateIterator	map	deep	runtime	declared
RotateIterator	map	duck	runtime	declared
RotateIterator	map	flat	runtime	declared
RotateIterator	map	item	runtime	declared
RotateIterator	map	label	runtime	declared
RotateIterator	map	node	runtime	declared
RotateIterator	max	by	runtime	declared
RotateIterator	max	k	runtime	declared
RotateIterator	max	kv	runtime	declared
RotateIterator	max	p	runtime	declared
RotateIterator	max	v	runtime	declared
RotateIterator	min	by	runtime	declared
RotateIterator	min	k	runtime	declared
RotateIterator	min	kv	runtime	declared
RotateIterator	min	p	runtime	declared
RotateIterator	min	v	runtime	declared
RotateIterator	minmax	by	runtime	declared
RotateIterator	repeated	as	runtime	declared
RotateIterator	repeated	with	runtime	declared
RotateIterator	rotor	partial	runtime	declared
RotateIterator	squish	as	runtime	declared
RotateIterator	squish	with	runtime	declared
RotateIterator	toggle	off	runtime	declared
RotateIterator	unique	as	runtime	declared
RotateIterator	unique	with	runtime	declared
Rotor	batch	elems	runtime	declared
Rotor	categorize	as	runtime	declared
Rotor	categorize	into	runtime	declared
Rotor	classify	as	runtime	declared
Rotor	classify	into	runtime	declared
Rotor	first	end	runtime	declared
Rotor	flatmap	label	runtime	declared
Rotor	map	deep	runtime	declared
Rotor	map	duck	runtime	declared
Rotor	map	flat	runtime	declared
Rotor	map	item	runtime	declared
Rotor	map	label	runtime	declared
Rotor	map	node	runtime	declared
Rotor	max	by	runtime	declared
Rotor	max	k	runtime	declared
Rotor	max	kv	runtime	declared
Rotor	max	p	runtime	declared
Rotor	max	v	runtime	declared
Rotor	min	by	runtime	declared
Rotor	min	k	runtime	declared
Rotor	min	kv	runtime	declared
Rotor	min	p	runtime	declared
Rotor	min	v	runtime	declared
Rotor	minmax	by	runtime	declared
Rotor	repeated	as	runtime	declared
Rotor	repeated	with	runtime	declared
Rotor	rotor	partial	runtime	declared
Rotor	squish	as	runtime	declared
Rotor	squish	with	runtime	declared
Rotor	toggle	off	runtime	declared
Rotor	unique	as	runtime	declared
Rotor	unique	with	runtime	declared
RoundrobinIterables	batch	elems	runtime	declared
RoundrobinIterables	categorize	as	runtime	declared
RoundrobinIterables	categorize	into	runtime	declared
RoundrobinIterables	classify	as	runtime	declared
RoundrobinIterables	classify	into	runtime	declared
RoundrobinIterables	first	end	runtime	declared
RoundrobinIterables	flatmap	label	runtime	declared
RoundrobinIterables	map	deep	runtime	declared
RoundrobinIterables	map	duck	runtime	declared
RoundrobinIterables	map	flat	runtime	declared
RoundrobinIterables	map	item	runtime	declared
RoundrobinIterables	map	label	runtime	declared
RoundrobinIterables	map	node	runtime	declared
RoundrobinIterables	max	by	runtime	declared
RoundrobinIterables	max	k	runtime	declared
RoundrobinIterables	max	kv	runtime	declared
RoundrobinIterables	max	p	runtime	declared
RoundrobinIterables	max	v	runtime	declared
RoundrobinIterables	min	by	runtime	declared
RoundrobinIterables	min	k	runtime	declared
RoundrobinIterables	min	kv	runtime	declared
RoundrobinIterables	min	p	runtime	declared
RoundrobinIterables	min	v	runtime	declared
RoundrobinIterables	minmax	by	runtime	declared
RoundrobinIterables	repeated	as	runtime	declared
RoundrobinIterables	repeated	with	runtime	declared
RoundrobinIterables	rotor	partial	runtime	declared
RoundrobinIterables	squish	as	runtime	declared
RoundrobinIterables	squish	with	runtime	declared
RoundrobinIterables	toggle	off	runtime	declared
RoundrobinIterables	unique	as	runtime	declared
RoundrobinIterables	unique	with	runtime	declared
RoundrobinIterablesSlipped	batch	elems	runtime	declared
RoundrobinIterablesSlipped	categorize	as	runtime	declared
RoundrobinIterablesSlipped	categorize	into	runtime	declared
RoundrobinIterablesSlipped	classify	as	runtime	declared
RoundrobinIterablesSlipped	classify	into	runtime	declared
RoundrobinIterablesSlipped	first	end	runtime	declared
RoundrobinIterablesSlipped	flatmap	label	runtime	declared
RoundrobinIterablesSlipped	map	deep	runtime	declared
RoundrobinIterablesSlipped	map	duck	runtime	declared
RoundrobinIterablesSlipped	map	flat	runtime	declared
RoundrobinIterablesSlipped	map	item	runtime	declared
RoundrobinIterablesSlipped	map	label	runtime	declared
RoundrobinIterablesSlipped	map	node	runtime	declared
RoundrobinIterablesSlipped	max	by	runtime	declared
RoundrobinIterablesSlipped	max	k	runtime	declared
RoundrobinIterablesSlipped	max	kv	runtime	declared
RoundrobinIterablesSlipped	max	p	runtime	declared
RoundrobinIterablesSlipped	max	v	runtime	declared
RoundrobinIterablesSlipped	min	by	runtime	declared
RoundrobinIterablesSlipped	min	k	runtime	declared
RoundrobinIterablesSlipped	min	kv	runtime	declared
RoundrobinIterablesSlipped	min	p	runtime	declared
RoundrobinIterablesSlipped	min	v	runtime	declared
RoundrobinIterablesSlipped	minmax	by	runtime	declared
RoundrobinIterablesSlipped	repeated	as	runtime	declared
RoundrobinIterablesSlipped	repeated	with	runtime	declared
RoundrobinIterablesSlipped	rotor	partial	runtime	declared
RoundrobinIterablesSlipped	squish	as	runtime	declared
RoundrobinIterablesSlipped	squish	with	runtime	declared
RoundrobinIterablesSlipped	toggle	off	runtime	declared
RoundrobinIterablesSlipped	unique	as	runtime	declared
RoundrobinIterablesSlipped	unique	with	runtime	declared
Routine	candidates	local	runtime	declared
Routine	candidates	with-proto	runtime	declared
Routine	iterator	candidates	runtime	declared
Routine	iterator	local	runtime	declared
Routine	iterator	with-proto	runtime	declared
Sanitize	batch	elems	runtime	declared
Sanitize	categorize	as	runtime	declared
Sanitize	categorize	into	runtime	declared
Sanitize	classify	as	runtime	declared
Sanitize	classify	into	runtime	declared
Sanitize	first	end	runtime	declared
Sanitize	flatmap	label	runtime	declared
Sanitize	map	deep	runtime	declared
Sanitize	map	duck	runtime	declared
Sanitize	map	flat	runtime	declared
Sanitize	map	item	runtime	declared
Sanitize	map	label	runtime	declared
Sanitize	map	node	runtime	declared
Sanitize	max	by	runtime	declared
Sanitize	max	k	runtime	declared
Sanitize	max	kv	runtime	declared
Sanitize	max	p	runtime	declared
Sanitize	max	v	runtime	declared
Sanitize	min	by	runtime	declared
Sanitize	min	k	runtime	declared
Sanitize	min	kv	runtime	declared
Sanitize	min	p	runtime	declared
Sanitize	min	v	runtime	declared
Sanitize	minmax	by	runtime	declared
Sanitize	repeated	as	runtime	declared
Sanitize	repeated	with	runtime	declared
Sanitize	rotor	partial	runtime	declared
Sanitize	squish	as	runtime	declared
Sanitize	squish	with	runtime	declared
Sanitize	toggle	off	runtime	declared
Sanitize	unique	as	runtime	declared
Sanitize	unique	with	runtime	declared
ScheduleOn	batch	elems	runtime	declared
ScheduleOn	categorize	as	runtime	declared
ScheduleOn	categorize	into	runtime	declared
ScheduleOn	classify	as	runtime	declared
ScheduleOn	classify	into	runtime	declared
ScheduleOn	first	end	runtime	declared
ScheduleOn	flatmap	label	runtime	declared
ScheduleOn	map	deep	runtime	declared
ScheduleOn	map	duck	runtime	declared
ScheduleOn	map	flat	runtime	declared
ScheduleOn	map	item	runtime	declared
ScheduleOn	map	label	runtime	declared
ScheduleOn	map	node	runtime	declared
ScheduleOn	max	by	runtime	declared
ScheduleOn	max	k	runtime	declared
ScheduleOn	max	kv	runtime	declared
ScheduleOn	max	p	runtime	declared
ScheduleOn	max	v	runtime	declared
ScheduleOn	min	by	runtime	declared
ScheduleOn	min	k	runtime	declared
ScheduleOn	min	kv	runtime	declared
ScheduleOn	min	p	runtime	declared
ScheduleOn	min	v	runtime	declared
ScheduleOn	minmax	by	runtime	declared
ScheduleOn	repeated	as	runtime	declared
ScheduleOn	repeated	with	runtime	declared
ScheduleOn	rotor	partial	runtime	declared
ScheduleOn	squish	as	runtime	declared
ScheduleOn	squish	with	runtime	declared
ScheduleOn	toggle	off	runtime	declared
ScheduleOn	unique	as	runtime	declared
ScheduleOn	unique	with	runtime	declared
Seq	flat	hammer	runtime	declared
Seq	from-loop	label	runtime	declared
Seq	from-loop	repeat	runtime	declared
Seq	hyper	batch	runtime	declared
Seq	hyper	degree	runtime	declared
Seq	race	batch	runtime	declared
Seq	race	degree	runtime	declared
Seq	sort	k	runtime	via Seq.sort -> List.sort
SequentialIterators	batch	elems	runtime	declared
SequentialIterators	categorize	as	runtime	declared
SequentialIterators	categorize	into	runtime	declared
SequentialIterators	classify	as	runtime	declared
SequentialIterators	classify	into	runtime	declared
SequentialIterators	first	end	runtime	declared
SequentialIterators	flatmap	label	runtime	declared
SequentialIterators	map	deep	runtime	declared
SequentialIterators	map	duck	runtime	declared
SequentialIterators	map	flat	runtime	declared
SequentialIterators	map	item	runtime	declared
SequentialIterators	map	label	runtime	declared
SequentialIterators	map	node	runtime	declared
SequentialIterators	max	by	runtime	declared
SequentialIterators	max	k	runtime	declared
SequentialIterators	max	kv	runtime	declared
SequentialIterators	max	p	runtime	declared
SequentialIterators	max	v	runtime	declared
SequentialIterators	min	by	runtime	declared
SequentialIterators	min	k	runtime	declared
SequentialIterators	min	kv	runtime	declared
SequentialIterators	min	p	runtime	declared
SequentialIterators	min	v	runtime	declared
SequentialIterators	minmax	by	runtime	declared
SequentialIterators	repeated	as	runtime	declared
SequentialIterators	repeated	with	runtime	declared
SequentialIterators	rotor	partial	runtime	declared
SequentialIterators	squish	as	runtime	declared
SequentialIterators	squish	with	runtime	declared
SequentialIterators	toggle	off	runtime	declared
SequentialIterators	unique	as	runtime	declared
SequentialIterators	unique	with	runtime	declared
Serialize	batch	elems	runtime	declared
Serialize	categorize	as	runtime	declared
Serialize	categorize	into	runtime	declared
Serialize	classify	as	runtime	declared
Serialize	classify	into	runtime	declared
Serialize	first	end	runtime	declared
Serialize	flatmap	label	runtime	declared
Serialize	map	deep	runtime	declared
Serialize	map	duck	runtime	declared
Serialize	map	flat	runtime	declared
Serialize	map	item	runtime	declared
Serialize	map	label	runtime	declared
Serialize	map	node	runtime	declared
Serialize	max	by	runtime	declared
Serialize	max	k	runtime	declared
Serialize	max	kv	runtime	declared
Serialize	max	p	runtime	declared
Serialize	max	v	runtime	declared
Serialize	min	by	runtime	declared
Serialize	min	k	runtime	declared
Serialize	min	kv	runtime	declared
Serialize	min	p	runtime	declared
Serialize	min	v	runtime	declared
Serialize	minmax	by	runtime	declared
Serialize	repeated	as	runtime	declared
Serialize	repeated	with	runtime	declared
Serialize	rotor	partial	runtime	declared
Serialize	squish	as	runtime	declared
Serialize	squish	with	runtime	declared
Serialize	toggle	off	runtime	declared
Serialize	unique	as	runtime	declared
Serialize	unique	with	runtime	declared
Set	STORE	INITIALIZE	runtime	declared
SetHash	Set	view	runtime	declared
ShapeIndex	batch	elems	runtime	declared
ShapeIndex	categorize	as	runtime	declared
ShapeIndex	categorize	into	runtime	declared
ShapeIndex	classify	as	runtime	declared
ShapeIndex	classify	into	runtime	declared
ShapeIndex	first	end	runtime	declared
ShapeIndex	flatmap	label	runtime	declared
ShapeIndex	map	deep	runtime	declared
ShapeIndex	map	duck	runtime	declared
ShapeIndex	map	flat	runtime	declared
ShapeIndex	map	item	runtime	declared
ShapeIndex	map	label	runtime	declared
ShapeIndex	map	node	runtime	declared
ShapeIndex	max	by	runtime	declared
ShapeIndex	max	k	runtime	declared
ShapeIndex	max	kv	runtime	declared
ShapeIndex	max	p	runtime	declared
ShapeIndex	max	v	runtime	declared
ShapeIndex	min	by	runtime	declared
ShapeIndex	min	k	runtime	declared
ShapeIndex	min	kv	runtime	declared
ShapeIndex	min	p	runtime	declared
ShapeIndex	min	v	runtime	declared
ShapeIndex	minmax	by	runtime	declared
ShapeIndex	repeated	as	runtime	declared
ShapeIndex	repeated	with	runtime	declared
ShapeIndex	rotor	partial	runtime	declared
ShapeIndex	squish	as	runtime	declared
ShapeIndex	squish	with	runtime	declared
ShapeIndex	toggle	off	runtime	declared
ShapeIndex	unique	as	runtime	declared
ShapeIndex	unique	with	runtime	declared
Signal::Signally	batch	elems	runtime	declared
Signal::Signally	categorize	as	runtime	declared
Signal::Signally	categorize	into	runtime	declared
Signal::Signally	classify	as	runtime	declared
Signal::Signally	classify	into	runtime	declared
Signal::Signally	first	end	runtime	declared
Signal::Signally	flatmap	label	runtime	declared
Signal::Signally	map	deep	runtime	declared
Signal::Signally	map	duck	runtime	declared
Signal::Signally	map	flat	runtime	declared
Signal::Signally	map	item	runtime	declared
Signal::Signally	map	label	runtime	declared
Signal::Signally	map	node	runtime	declared
Signal::Signally	max	by	runtime	declared
Signal::Signally	max	k	runtime	declared
Signal::Signally	max	kv	runtime	declared
Signal::Signally	max	p	runtime	declared
Signal::Signally	max	v	runtime	declared
Signal::Signally	min	by	runtime	declared
Signal::Signally	min	k	runtime	declared
Signal::Signally	min	kv	runtime	declared
Signal::Signally	min	p	runtime	declared
Signal::Signally	min	v	runtime	declared
Signal::Signally	minmax	by	runtime	declared
Signal::Signally	repeated	as	runtime	declared
Signal::Signally	repeated	with	runtime	declared
Signal::Signally	rotor	partial	runtime	declared
Signal::Signally	squish	as	runtime	declared
Signal::Signally	squish	with	runtime	declared
Signal::Signally	toggle	off	runtime	declared
Signal::Signally	unique	as	runtime	declared
Signal::Signally	unique	with	runtime	declared
SignalCancellation	batch	elems	runtime	declared
SignalCancellation	categorize	as	runtime	declared
SignalCancellation	categorize	into	runtime	declared
SignalCancellation	classify	as	runtime	declared
SignalCancellation	classify	into	runtime	declared
SignalCancellation	first	end	runtime	declared
SignalCancellation	flatmap	label	runtime	declared
SignalCancellation	map	deep	runtime	declared
SignalCancellation	map	duck	runtime	declared
SignalCancellation	map	flat	runtime	declared
SignalCancellation	map	item	runtime	declared
SignalCancellation	map	label	runtime	declared
SignalCancellation	map	node	runtime	declared
SignalCancellation	max	by	runtime	declared
SignalCancellation	max	k	runtime	declared
SignalCancellation	max	kv	runtime	declared
SignalCancellation	max	p	runtime	declared
SignalCancellation	max	v	runtime	declared
SignalCancellation	min	by	runtime	declared
SignalCancellation	min	k	runtime	declared
SignalCancellation	min	kv	runtime	declared
SignalCancellation	min	p	runtime	declared
SignalCancellation	min	v	runtime	declared
SignalCancellation	minmax	by	runtime	declared
SignalCancellation	repeated	as	runtime	declared
SignalCancellation	repeated	with	runtime	declared
SignalCancellation	rotor	partial	runtime	declared
SignalCancellation	squish	as	runtime	declared
SignalCancellation	squish	with	runtime	declared
SignalCancellation	toggle	off	runtime	declared
SignalCancellation	unique	as	runtime	declared
SignalCancellation	unique	with	runtime	declared
SignalTappable	batch	elems	runtime	declared
SignalTappable	categorize	as	runtime	declared
SignalTappable	categorize	into	runtime	declared
SignalTappable	classify	as	runtime	declared
SignalTappable	classify	into	runtime	declared
SignalTappable	first	end	runtime	declared
SignalTappable	flatmap	label	runtime	declared
SignalTappable	map	deep	runtime	declared
SignalTappable	map	duck	runtime	declared
SignalTappable	map	flat	runtime	declared
SignalTappable	map	item	runtime	declared
SignalTappable	map	label	runtime	declared
SignalTappable	map	node	runtime	declared
SignalTappable	max	by	runtime	declared
SignalTappable	max	k	runtime	declared
SignalTappable	max	kv	runtime	declared
SignalTappable	max	p	runtime	declared
SignalTappable	max	v	runtime	declared
SignalTappable	min	by	runtime	declared
SignalTappable	min	k	runtime	declared
SignalTappable	min	kv	runtime	declared
SignalTappable	min	p	runtime	declared
SignalTappable	min	v	runtime	declared
SignalTappable	minmax	by	runtime	declared
SignalTappable	repeated	as	runtime	declared
SignalTappable	repeated	with	runtime	declared
SignalTappable	rotor	partial	runtime	declared
SignalTappable	squish	as	runtime	declared
SignalTappable	squish	with	runtime	declared
SignalTappable	toggle	off	runtime	declared
SignalTappable	unique	as	runtime	declared
SignalTappable	unique	with	runtime	declared
Signature	new	arity	runtime	declared
Signature	new	count	runtime	declared
Signature	new	params	runtime	declared
Signature	new	returns	runtime	declared
SignedBuf	batch	elems	runtime	declared
SignedBuf	categorize	as	runtime	declared
SignedBuf	categorize	into	runtime	declared
SignedBuf	classify	as	runtime	declared
SignedBuf	classify	into	runtime	declared
SignedBuf	first	end	runtime	declared
SignedBuf	flatmap	label	runtime	declared
SignedBuf	map	deep	runtime	declared
SignedBuf	map	duck	runtime	declared
SignedBuf	map	flat	runtime	declared
SignedBuf	map	item	runtime	declared
SignedBuf	map	label	runtime	declared
SignedBuf	map	node	runtime	declared
SignedBuf	max	by	runtime	declared
SignedBuf	max	k	runtime	declared
SignedBuf	max	kv	runtime	declared
SignedBuf	max	p	runtime	declared
SignedBuf	max	v	runtime	declared
SignedBuf	min	by	runtime	declared
SignedBuf	min	k	runtime	declared
SignedBuf	min	kv	runtime	declared
SignedBuf	min	p	runtime	declared
SignedBuf	min	v	runtime	declared
SignedBuf	minmax	by	runtime	declared
SignedBuf	repeated	as	runtime	declared
SignedBuf	repeated	with	runtime	declared
SignedBuf	rotor	partial	runtime	declared
SignedBuf	squish	as	runtime	declared
SignedBuf	squish	with	runtime	declared
SignedBuf	toggle	off	runtime	declared
SignedBuf	unique	as	runtime	declared
SignedBuf	unique	with	runtime	declared
SimpleOpTappable	batch	elems	runtime	declared
SimpleOpTappable	categorize	as	runtime	declared
SimpleOpTappable	categorize	into	runtime	declared
SimpleOpTappable	classify	as	runtime	declared
SimpleOpTappable	classify	into	runtime	declared
SimpleOpTappable	first	end	runtime	declared
SimpleOpTappable	flatmap	label	runtime	declared
SimpleOpTappable	map	deep	runtime	declared
SimpleOpTappable	map	duck	runtime	declared
SimpleOpTappable	map	flat	runtime	declared
SimpleOpTappable	map	item	runtime	declared
SimpleOpTappable	map	label	runtime	declared
SimpleOpTappable	map	node	runtime	declared
SimpleOpTappable	max	by	runtime	declared
SimpleOpTappable	max	k	runtime	declared
SimpleOpTappable	max	kv	runtime	declared
SimpleOpTappable	max	p	runtime	declared
SimpleOpTappable	max	v	runtime	declared
SimpleOpTappable	min	by	runtime	declared
SimpleOpTappable	min	k	runtime	declared
SimpleOpTappable	min	kv	runtime	declared
SimpleOpTappable	min	p	runtime	declared
SimpleOpTappable	min	v	runtime	declared
SimpleOpTappable	minmax	by	runtime	declared
SimpleOpTappable	repeated	as	runtime	declared
SimpleOpTappable	repeated	with	runtime	declared
SimpleOpTappable	rotor	partial	runtime	declared
SimpleOpTappable	squish	as	runtime	declared
SimpleOpTappable	squish	with	runtime	declared
SimpleOpTappable	toggle	off	runtime	declared
SimpleOpTappable	unique	as	runtime	declared
SimpleOpTappable	unique	with	runtime	declared
Sinker	batch	elems	runtime	declared
Sinker	categorize	as	runtime	declared
Sinker	categorize	into	runtime	declared
Sinker	classify	as	runtime	declared
Sinker	classify	into	runtime	declared
Sinker	first	end	runtime	declared
Sinker	flatmap	label	runtime	declared
Sinker	map	deep	runtime	declared
Sinker	map	duck	runtime	declared
Sinker	map	flat	runtime	declared
Sinker	map	item	runtime	declared
Sinker	map	label	runtime	declared
Sinker	map	node	runtime	declared
Sinker	max	by	runtime	declared
Sinker	max	k	runtime	declared
Sinker	max	kv	runtime	declared
Sinker	max	p	runtime	declared
Sinker	max	v	runtime	declared
Sinker	min	by	runtime	declared
Sinker	min	k	runtime	declared
Sinker	min	kv	runtime	declared
Sinker	min	p	runtime	declared
Sinker	min	v	runtime	declared
Sinker	minmax	by	runtime	declared
Sinker	repeated	as	runtime	declared
Sinker	repeated	with	runtime	declared
Sinker	rotor	partial	runtime	declared
Sinker	squish	as	runtime	declared
Sinker	squish	with	runtime	declared
Sinker	toggle	off	runtime	declared
Sinker	unique	as	runtime	declared
Sinker	unique	with	runtime	declared
Skipper	batch	elems	runtime	declared
Skipper	categorize	as	runtime	declared
Skipper	categorize	into	runtime	declared
Skipper	classify	as	runtime	declared
Skipper	classify	into	runtime	declared
Skipper	first	end	runtime	declared
Skipper	flatmap	label	runtime	declared
Skipper	map	deep	runtime	declared
Skipper	map	duck	runtime	declared
Skipper	map	flat	runtime	declared
Skipper	map	item	runtime	declared
Skipper	map	label	runtime	declared
Skipper	map	node	runtime	declared
Skipper	max	by	runtime	declared
Skipper	max	k	runtime	declared
Skipper	max	kv	runtime	declared
Skipper	max	p	runtime	declared
Skipper	max	v	runtime	declared
Skipper	min	by	runtime	declared
Skipper	min	k	runtime	declared
Skipper	min	kv	runtime	declared
Skipper	min	p	runtime	declared
Skipper	min	v	runtime	declared
Skipper	minmax	by	runtime	declared
Skipper	repeated	as	runtime	declared
Skipper	repeated	with	runtime	declared
Skipper	rotor	partial	runtime	declared
Skipper	squish	as	runtime	declared
Skipper	squish	with	runtime	declared
Skipper	toggle	off	runtime	declared
Skipper	unique	as	runtime	declared
Skipper	unique	with	runtime	declared
Slip	batch	elems	runtime	declared
Slip	first	end	runtime	declared
Slip	map	deep	runtime	declared
Slip	map	duck	runtime	declared
Slip	map	flat	runtime	declared
Slip	map	item	runtime	declared
Slip	map	label	runtime	declared
Slip	map	node	runtime	declared
Slip	repeated	as	runtime	declared
Slip	repeated	with	runtime	declared
Slip	rotor	partial	runtime	declared
Slip	sort	k	runtime	declared
Slip	squish	as	runtime	declared
Slip	squish	with	runtime	declared
Slip	toggle	off	runtime	declared
Slip	unique	as	runtime	declared
Slip	unique	with	runtime	declared
SlurpySentry	batch	elems	runtime	declared
SlurpySentry	categorize	as	runtime	declared
SlurpySentry	categorize	into	runtime	declared
SlurpySentry	classify	as	runtime	declared
SlurpySentry	classify	into	runtime	declared
SlurpySentry	first	end	runtime	declared
SlurpySentry	flatmap	label	runtime	declared
SlurpySentry	map	deep	runtime	declared
SlurpySentry	map	duck	runtime	declared
SlurpySentry	map	flat	runtime	declared
SlurpySentry	map	item	runtime	declared
SlurpySentry	map	label	runtime	declared
SlurpySentry	map	node	runtime	declared
SlurpySentry	max	by	runtime	declared
SlurpySentry	max	k	runtime	declared
SlurpySentry	max	kv	runtime	declared
SlurpySentry	max	p	runtime	declared
SlurpySentry	max	v	runtime	declared
SlurpySentry	min	by	runtime	declared
SlurpySentry	min	k	runtime	declared
SlurpySentry	min	kv	runtime	declared
SlurpySentry	min	p	runtime	declared
SlurpySentry	min	v	runtime	declared
SlurpySentry	minmax	by	runtime	declared
SlurpySentry	repeated	as	runtime	declared
SlurpySentry	repeated	with	runtime	declared
SlurpySentry	rotor	partial	runtime	declared
SlurpySentry	squish	as	runtime	declared
SlurpySentry	squish	with	runtime	declared
SlurpySentry	toggle	off	runtime	declared
SlurpySentry	unique	as	runtime	declared
SlurpySentry	unique	with	runtime	declared
Snip	batch	elems	runtime	declared
Snip	categorize	as	runtime	declared
Snip	categorize	into	runtime	declared
Snip	classify	as	runtime	declared
Snip	classify	into	runtime	declared
Snip	first	end	runtime	declared
Snip	flatmap	label	runtime	declared
Snip	map	deep	runtime	declared
Snip	map	duck	runtime	declared
Snip	map	flat	runtime	declared
Snip	map	item	runtime	declared
Snip	map	label	runtime	declared
Snip	map	node	runtime	declared
Snip	max	by	runtime	declared
Snip	max	k	runtime	declared
Snip	max	kv	runtime	declared
Snip	max	p	runtime	declared
Snip	max	v	runtime	declared
Snip	min	by	runtime	declared
Snip	min	k	runtime	declared
Snip	min	kv	runtime	declared
Snip	min	p	runtime	declared
Snip	min	v	runtime	declared
Snip	minmax	by	runtime	declared
Snip	repeated	as	runtime	declared
Snip	repeated	with	runtime	declared
Snip	rotor	partial	runtime	declared
Snip	squish	as	runtime	declared
Snip	squish	with	runtime	declared
Snip	toggle	off	runtime	declared
Snip	unique	as	runtime	declared
Snip	unique	with	runtime	declared
SocketCancellation	batch	elems	runtime	declared
SocketCancellation	categorize	as	runtime	declared
SocketCancellation	categorize	into	runtime	declared
SocketCancellation	classify	as	runtime	declared
SocketCancellation	classify	into	runtime	declared
SocketCancellation	first	end	runtime	declared
SocketCancellation	flatmap	label	runtime	declared
SocketCancellation	map	deep	runtime	declared
SocketCancellation	map	duck	runtime	declared
SocketCancellation	map	flat	runtime	declared
SocketCancellation	map	item	runtime	declared
SocketCancellation	map	label	runtime	declared
SocketCancellation	map	node	runtime	declared
SocketCancellation	max	by	runtime	declared
SocketCancellation	max	k	runtime	declared
SocketCancellation	max	kv	runtime	declared
SocketCancellation	max	p	runtime	declared
SocketCancellation	max	v	runtime	declared
SocketCancellation	min	by	runtime	declared
SocketCancellation	min	k	runtime	declared
SocketCancellation	min	kv	runtime	declared
SocketCancellation	min	p	runtime	declared
SocketCancellation	min	v	runtime	declared
SocketCancellation	minmax	by	runtime	declared
SocketCancellation	repeated	as	runtime	declared
SocketCancellation	repeated	with	runtime	declared
SocketCancellation	rotor	partial	runtime	declared
SocketCancellation	squish	as	runtime	declared
SocketCancellation	squish	with	runtime	declared
SocketCancellation	toggle	off	runtime	declared
SocketCancellation	unique	as	runtime	declared
SocketCancellation	unique	with	runtime	declared
SocketListenerTappable	batch	elems	runtime	declared
SocketListenerTappable	categorize	as	runtime	declared
SocketListenerTappable	categorize	into	runtime	declared
SocketListenerTappable	classify	as	runtime	declared
SocketListenerTappable	classify	into	runtime	declared
SocketListenerTappable	first	end	runtime	declared
SocketListenerTappable	flatmap	label	runtime	declared
SocketListenerTappable	map	deep	runtime	declared
SocketListenerTappable	map	duck	runtime	declared
SocketListenerTappable	map	flat	runtime	declared
SocketListenerTappable	map	item	runtime	declared
SocketListenerTappable	map	label	runtime	declared
SocketListenerTappable	map	node	runtime	declared
SocketListenerTappable	max	by	runtime	declared
SocketListenerTappable	max	k	runtime	declared
SocketListenerTappable	max	kv	runtime	declared
SocketListenerTappable	max	p	runtime	declared
SocketListenerTappable	max	v	runtime	declared
SocketListenerTappable	min	by	runtime	declared
SocketListenerTappable	min	k	runtime	declared
SocketListenerTappable	min	kv	runtime	declared
SocketListenerTappable	min	p	runtime	declared
SocketListenerTappable	min	v	runtime	declared
SocketListenerTappable	minmax	by	runtime	declared
SocketListenerTappable	repeated	as	runtime	declared
SocketListenerTappable	repeated	with	runtime	declared
SocketListenerTappable	rotor	partial	runtime	declared
SocketListenerTappable	squish	as	runtime	declared
SocketListenerTappable	squish	with	runtime	declared
SocketListenerTappable	toggle	off	runtime	declared
SocketListenerTappable	unique	as	runtime	declared
SocketListenerTappable	unique	with	runtime	declared
SocketReaderTappable	batch	elems	runtime	declared
SocketReaderTappable	categorize	as	runtime	declared
SocketReaderTappable	categorize	into	runtime	declared
SocketReaderTappable	classify	as	runtime	declared
SocketReaderTappable	classify	into	runtime	declared
SocketReaderTappable	first	end	runtime	declared
SocketReaderTappable	flatmap	label	runtime	declared
SocketReaderTappable	map	deep	runtime	declared
SocketReaderTappable	map	duck	runtime	declared
SocketReaderTappable	map	flat	runtime	declared
SocketReaderTappable	map	item	runtime	declared
SocketReaderTappable	map	label	runtime	declared
SocketReaderTappable	map	node	runtime	declared
SocketReaderTappable	max	by	runtime	declared
SocketReaderTappable	max	k	runtime	declared
SocketReaderTappable	max	kv	runtime	declared
SocketReaderTappable	max	p	runtime	declared
SocketReaderTappable	max	v	runtime	declared
SocketReaderTappable	min	by	runtime	declared
SocketReaderTappable	min	k	runtime	declared
SocketReaderTappable	min	kv	runtime	declared
SocketReaderTappable	min	p	runtime	declared
SocketReaderTappable	min	v	runtime	declared
SocketReaderTappable	minmax	by	runtime	declared
SocketReaderTappable	repeated	as	runtime	declared
SocketReaderTappable	repeated	with	runtime	declared
SocketReaderTappable	rotor	partial	runtime	declared
SocketReaderTappable	squish	as	runtime	declared
SocketReaderTappable	squish	with	runtime	declared
SocketReaderTappable	toggle	off	runtime	declared
SocketReaderTappable	unique	as	runtime	declared
SocketReaderTappable	unique	with	runtime	declared
SocketUnixListenerTappable	batch	elems	runtime	declared
SocketUnixListenerTappable	categorize	as	runtime	declared
SocketUnixListenerTappable	categorize	into	runtime	declared
SocketUnixListenerTappable	classify	as	runtime	declared
SocketUnixListenerTappable	classify	into	runtime	declared
SocketUnixListenerTappable	first	end	runtime	declared
SocketUnixListenerTappable	flatmap	label	runtime	declared
SocketUnixListenerTappable	map	deep	runtime	declared
SocketUnixListenerTappable	map	duck	runtime	declared
SocketUnixListenerTappable	map	flat	runtime	declared
SocketUnixListenerTappable	map	item	runtime	declared
SocketUnixListenerTappable	map	label	runtime	declared
SocketUnixListenerTappable	map	node	runtime	declared
SocketUnixListenerTappable	max	by	runtime	declared
SocketUnixListenerTappable	max	k	runtime	declared
SocketUnixListenerTappable	max	kv	runtime	declared
SocketUnixListenerTappable	max	p	runtime	declared
SocketUnixListenerTappable	max	v	runtime	declared
SocketUnixListenerTappable	min	by	runtime	declared
SocketUnixListenerTappable	min	k	runtime	declared
SocketUnixListenerTappable	min	kv	runtime	declared
SocketUnixListenerTappable	min	p	runtime	declared
SocketUnixListenerTappable	min	v	runtime	declared
SocketUnixListenerTappable	minmax	by	runtime	declared
SocketUnixListenerTappable	repeated	as	runtime	declared
SocketUnixListenerTappable	repeated	with	runtime	declared
SocketUnixListenerTappable	rotor	partial	runtime	declared
SocketUnixListenerTappable	squish	as	runtime	declared
SocketUnixListenerTappable	squish	with	runtime	declared
SocketUnixListenerTappable	toggle	off	runtime	declared
SocketUnixListenerTappable	unique	as	runtime	declared
SocketUnixListenerTappable	unique	with	runtime	declared
SplitEmptyLimit	batch	elems	runtime	declared
SplitEmptyLimit	categorize	as	runtime	declared
SplitEmptyLimit	categorize	into	runtime	declared
SplitEmptyLimit	classify	as	runtime	declared
SplitEmptyLimit	classify	into	runtime	declared
SplitEmptyLimit	first	end	runtime	declared
SplitEmptyLimit	flatmap	label	runtime	declared
SplitEmptyLimit	map	deep	runtime	declared
SplitEmptyLimit	map	duck	runtime	declared
SplitEmptyLimit	map	flat	runtime	declared
SplitEmptyLimit	map	item	runtime	declared
SplitEmptyLimit	map	label	runtime	declared
SplitEmptyLimit	map	node	runtime	declared
SplitEmptyLimit	max	by	runtime	declared
SplitEmptyLimit	max	k	runtime	declared
SplitEmptyLimit	max	kv	runtime	declared
SplitEmptyLimit	max	p	runtime	declared
SplitEmptyLimit	max	v	runtime	declared
SplitEmptyLimit	min	by	runtime	declared
SplitEmptyLimit	min	k	runtime	declared
SplitEmptyLimit	min	kv	runtime	declared
SplitEmptyLimit	min	p	runtime	declared
SplitEmptyLimit	min	v	runtime	declared
SplitEmptyLimit	minmax	by	runtime	declared
SplitEmptyLimit	repeated	as	runtime	declared
SplitEmptyLimit	repeated	with	runtime	declared
SplitEmptyLimit	rotor	partial	runtime	declared
SplitEmptyLimit	squish	as	runtime	declared
SplitEmptyLimit	squish	with	runtime	declared
SplitEmptyLimit	toggle	off	runtime	declared
SplitEmptyLimit	unique	as	runtime	declared
SplitEmptyLimit	unique	with	runtime	declared
SplitStrLimit	batch	elems	runtime	declared
SplitStrLimit	categorize	as	runtime	declared
SplitStrLimit	categorize	into	runtime	declared
SplitStrLimit	classify	as	runtime	declared
SplitStrLimit	classify	into	runtime	declared
SplitStrLimit	first	end	runtime	declared
SplitStrLimit	flatmap	label	runtime	declared
SplitStrLimit	map	deep	runtime	declared
SplitStrLimit	map	duck	runtime	declared
SplitStrLimit	map	flat	runtime	declared
SplitStrLimit	map	item	runtime	declared
SplitStrLimit	map	label	runtime	declared
SplitStrLimit	map	node	runtime	declared
SplitStrLimit	max	by	runtime	declared
SplitStrLimit	max	k	runtime	declared
SplitStrLimit	max	kv	runtime	declared
SplitStrLimit	max	p	runtime	declared
SplitStrLimit	max	v	runtime	declared
SplitStrLimit	min	by	runtime	declared
SplitStrLimit	min	k	runtime	declared
SplitStrLimit	min	kv	runtime	declared
SplitStrLimit	min	p	runtime	declared
SplitStrLimit	min	v	runtime	declared
SplitStrLimit	minmax	by	runtime	declared
SplitStrLimit	repeated	as	runtime	declared
SplitStrLimit	repeated	with	runtime	declared
SplitStrLimit	rotor	partial	runtime	declared
SplitStrLimit	squish	as	runtime	declared
SplitStrLimit	squish	with	runtime	declared
SplitStrLimit	toggle	off	runtime	declared
SplitStrLimit	unique	as	runtime	declared
SplitStrLimit	unique	with	runtime	declared
SprintfHandler	batch	elems	runtime	declared
SprintfHandler	categorize	as	runtime	declared
SprintfHandler	categorize	into	runtime	declared
SprintfHandler	classify	as	runtime	declared
SprintfHandler	classify	into	runtime	declared
SprintfHandler	first	end	runtime	declared
SprintfHandler	flatmap	label	runtime	declared
SprintfHandler	map	deep	runtime	declared
SprintfHandler	map	duck	runtime	declared
SprintfHandler	map	flat	runtime	declared
SprintfHandler	map	item	runtime	declared
SprintfHandler	map	label	runtime	declared
SprintfHandler	map	node	runtime	declared
SprintfHandler	max	by	runtime	declared
SprintfHandler	max	k	runtime	declared
SprintfHandler	max	kv	runtime	declared
SprintfHandler	max	p	runtime	declared
SprintfHandler	max	v	runtime	declared
SprintfHandler	min	by	runtime	declared
SprintfHandler	min	k	runtime	declared
SprintfHandler	min	kv	runtime	declared
SprintfHandler	min	p	runtime	declared
SprintfHandler	min	v	runtime	declared
SprintfHandler	minmax	by	runtime	declared
SprintfHandler	repeated	as	runtime	declared
SprintfHandler	repeated	with	runtime	declared
SprintfHandler	rotor	partial	runtime	declared
SprintfHandler	squish	as	runtime	declared
SprintfHandler	squish	with	runtime	declared
SprintfHandler	toggle	off	runtime	declared
SprintfHandler	unique	as	runtime	declared
SprintfHandler	unique	with	runtime	declared
Squish	batch	elems	runtime	declared
Squish	categorize	as	runtime	declared
Squish	categorize	into	runtime	declared
Squish	classify	as	runtime	declared
Squish	classify	into	runtime	declared
Squish	first	end	runtime	declared
Squish	flatmap	label	runtime	declared
Squish	map	deep	runtime	declared
Squish	map	duck	runtime	declared
Squish	map	flat	runtime	declared
Squish	map	item	runtime	declared
Squish	map	label	runtime	declared
Squish	map	node	runtime	declared
Squish	max	by	runtime	declared
Squish	max	k	runtime	declared
Squish	max	kv	runtime	declared
Squish	max	p	runtime	declared
Squish	max	v	runtime	declared
Squish	min	by	runtime	declared
Squish	min	k	runtime	declared
Squish	min	kv	runtime	declared
Squish	min	p	runtime	declared
Squish	min	v	runtime	declared
Squish	minmax	by	runtime	declared
Squish	repeated	as	runtime	declared
Squish	repeated	with	runtime	declared
Squish	rotor	partial	runtime	declared
Squish	squish	as	runtime	declared
Squish	squish	with	runtime	declared
Squish	toggle	off	runtime	declared
Squish	unique	as	runtime	declared
Squish	unique	with	runtime	declared
Stable	batch	elems	runtime	declared
Stable	categorize	as	runtime	declared
Stable	categorize	into	runtime	declared
Stable	classify	as	runtime	declared
Stable	classify	into	runtime	declared
Stable	first	end	runtime	declared
Stable	flatmap	label	runtime	declared
Stable	map	deep	runtime	declared
Stable	map	duck	runtime	declared
Stable	map	flat	runtime	declared
Stable	map	item	runtime	declared
Stable	map	label	runtime	declared
Stable	map	node	runtime	declared
Stable	max	by	runtime	declared
Stable	max	k	runtime	declared
Stable	max	kv	runtime	declared
Stable	max	p	runtime	declared
Stable	max	v	runtime	declared
Stable	min	by	runtime	declared
Stable	min	k	runtime	declared
Stable	min	kv	runtime	declared
Stable	min	p	runtime	declared
Stable	min	v	runtime	declared
Stable	minmax	by	runtime	declared
Stable	repeated	as	runtime	declared
Stable	repeated	with	runtime	declared
Stable	rotor	partial	runtime	declared
Stable	squish	as	runtime	declared
Stable	squish	with	runtime	declared
Stable	toggle	off	runtime	declared
Stable	unique	as	runtime	declared
Stable	unique	with	runtime	declared
Start	batch	elems	runtime	declared
Start	categorize	as	runtime	declared
Start	categorize	into	runtime	declared
Start	classify	as	runtime	declared
Start	classify	into	runtime	declared
Start	first	end	runtime	declared
Start	flatmap	label	runtime	declared
Start	map	deep	runtime	declared
Start	map	duck	runtime	declared
Start	map	flat	runtime	declared
Start	map	item	runtime	declared
Start	map	label	runtime	declared
Start	map	node	runtime	declared
Start	max	by	runtime	declared
Start	max	k	runtime	declared
Start	max	kv	runtime	declared
Start	max	p	runtime	declared
Start	max	v	runtime	declared
Start	min	by	runtime	declared
Start	min	k	runtime	declared
Start	min	kv	runtime	declared
Start	min	p	runtime	declared
Start	min	v	runtime	declared
Start	minmax	by	runtime	declared
Start	repeated	as	runtime	declared
Start	repeated	with	runtime	declared
Start	rotor	partial	runtime	declared
Start	squish	as	runtime	declared
Start	squish	with	runtime	declared
Start	toggle	off	runtime	declared
Start	unique	as	runtime	declared
Start	unique	with	runtime	declared
Stash	AT-KEY	global_fallback	runtime	declared
StoreIterable	batch	elems	runtime	declared
StoreIterable	categorize	as	runtime	declared
StoreIterable	categorize	into	runtime	declared
StoreIterable	classify	as	runtime	declared
StoreIterable	classify	into	runtime	declared
StoreIterable	first	end	runtime	declared
StoreIterable	flatmap	label	runtime	declared
StoreIterable	map	deep	runtime	declared
StoreIterable	map	duck	runtime	declared
StoreIterable	map	flat	runtime	declared
StoreIterable	map	item	runtime	declared
StoreIterable	map	label	runtime	declared
StoreIterable	map	node	runtime	declared
StoreIterable	max	by	runtime	declared
StoreIterable	max	k	runtime	declared
StoreIterable	max	kv	runtime	declared
StoreIterable	max	p	runtime	declared
StoreIterable	max	v	runtime	declared
StoreIterable	min	by	runtime	declared
StoreIterable	min	k	runtime	declared
StoreIterable	min	kv	runtime	declared
StoreIterable	min	p	runtime	declared
StoreIterable	min	v	runtime	declared
StoreIterable	minmax	by	runtime	declared
StoreIterable	repeated	as	runtime	declared
StoreIterable	repeated	with	runtime	declared
StoreIterable	rotor	partial	runtime	declared
StoreIterable	squish	as	runtime	declared
StoreIterable	squish	with	runtime	declared
StoreIterable	toggle	off	runtime	declared
StoreIterable	unique	as	runtime	declared
StoreIterable	unique	with	runtime	declared
StoreIterator	batch	elems	runtime	declared
StoreIterator	categorize	as	runtime	declared
StoreIterator	categorize	into	runtime	declared
StoreIterator	classify	as	runtime	declared
StoreIterator	classify	into	runtime	declared
StoreIterator	first	end	runtime	declared
StoreIterator	flatmap	label	runtime	declared
StoreIterator	map	deep	runtime	declared
StoreIterator	map	duck	runtime	declared
StoreIterator	map	flat	runtime	declared
StoreIterator	map	item	runtime	declared
StoreIterator	map	label	runtime	declared
StoreIterator	map	node	runtime	declared
StoreIterator	max	by	runtime	declared
StoreIterator	max	k	runtime	declared
StoreIterator	max	kv	runtime	declared
StoreIterator	max	p	runtime	declared
StoreIterator	max	v	runtime	declared
StoreIterator	min	by	runtime	declared
StoreIterator	min	k	runtime	declared
StoreIterator	min	kv	runtime	declared
StoreIterator	min	p	runtime	declared
StoreIterator	min	v	runtime	declared
StoreIterator	minmax	by	runtime	declared
StoreIterator	repeated	as	runtime	declared
StoreIterator	repeated	with	runtime	declared
StoreIterator	rotor	partial	runtime	declared
StoreIterator	squish	as	runtime	declared
StoreIterator	squish	with	runtime	declared
StoreIterator	toggle	off	runtime	declared
StoreIterator	unique	as	runtime	declared
StoreIterator	unique	with	runtime	declared
Str	!SUBST	as	runtime	via Str.!SUBST -> Str.match
Str	!SUBST	c	runtime	via Str.!SUBST -> Str.match
Str	!SUBST	continue	runtime	via Str.!SUBST -> Str.match
Str	!SUBST	ex	runtime	via Str.!SUBST -> Str.match
Str	!SUBST	exhaustive	runtime	via Str.!SUBST -> Str.match
Str	!SUBST	g	runtime	via Str.!SUBST -> Str.match
Str	!SUBST	global	runtime	via Str.!SUBST -> Str.match
Str	!SUBST	nd	runtime	via Str.!SUBST -> Str.match
Str	!SUBST	nth	runtime	via Str.!SUBST -> Str.match
Str	!SUBST	ov	runtime	via Str.!SUBST -> Str.match
Str	!SUBST	overlap	runtime	via Str.!SUBST -> Str.match
Str	!SUBST	p	runtime	via Str.!SUBST -> Str.match
Str	!SUBST	pos	runtime	via Str.!SUBST -> Str.match
Str	!SUBST	rd	runtime	via Str.!SUBST -> Str.match
Str	!SUBST	st	runtime	via Str.!SUBST -> Str.match
Str	!SUBST	th	runtime	via Str.!SUBST -> Str.match
Str	!SUBST	x	runtime	via Str.!SUBST -> Str.match
Str	BUILD	value	runtime	declared
Str	DUMP	ctx	runtime	declared
Str	DUMP	indent-step	runtime	declared
Str	Numeric	fail-or-nil	runtime	declared
Str	comb	match	runtime	declared
Str	contains	i	runtime	declared
Str	contains	ignorecase	runtime	declared
Str	contains	ignoremark	runtime	declared
Str	contains	m	runtime	declared
Str	encode	replacement	runtime	declared
Str	encode	strict	runtime	declared
Str	encode	translate-nl	runtime	declared
Str	ends-with	i	runtime	declared
Str	ends-with	ignorecase	runtime	declared
Str	ends-with	ignoremark	runtime	declared
Str	ends-with	m	runtime	declared
Str	index	i	runtime	declared
Str	index	ignorecase	runtime	declared
Str	index	ignoremark	runtime	declared
Str	index	m	runtime	declared
Str	indices	i	runtime	declared
Str	indices	ignorecase	runtime	declared
Str	indices	ignoremark	runtime	declared
Str	indices	m	runtime	declared
Str	indices	overlap	runtime	declared
Str	lines	chomp	runtime	declared
Str	lines	count	runtime	declared
Str	match	P5	compilation-only	m// table
Str	match	Perl5	compilation-only	m// table
Str	match	as	runtime	declared
Str	match	c	runtime	declared
Str	match	continue	runtime	declared
Str	match	ex	repeatable	declared
Str	match	exhaustive	repeatable	declared
Str	match	g	repeatable	declared
Str	match	global	repeatable	declared
Str	match	i	compilation-only	m// table
Str	match	ignorecase	compilation-only	m// table
Str	match	ignoremark	compilation-only	m// table
Str	match	m	compilation-only	m// table
Str	match	nd	runtime	declared
Str	match	nth	runtime	declared
Str	match	ov	repeatable	declared
Str	match	overlap	repeatable	declared
Str	match	p	runtime	declared
Str	match	pos	runtime	declared
Str	match	r	compilation-only	m// table
Str	match	ratchet	compilation-only	m// table
Str	match	rd	runtime	declared
Str	match	s	compilation-only	m// table
Str	match	sigspace	compilation-only	m// table
Str	match	st	runtime	declared
Str	match	th	runtime	declared
Str	match	x	repeatable	declared
Str	naive-word-wrapper	indent	runtime	declared
Str	naive-word-wrapper	max	runtime	declared
Str	split	k	runtime	declared
Str	split	kv	runtime	declared
Str	split	p	runtime	declared
Str	split	skip-empty	runtime	declared
Str	split	v	runtime	declared
Str	starts-with	i	runtime	declared
Str	starts-with	ignorecase	runtime	declared
Str	starts-with	ignoremark	runtime	declared
Str	starts-with	m	runtime	declared
Str	subst	P5	compilation-only	s/// table
Str	subst	Perl5	compilation-only	s/// table
Str	subst	as	runtime	via Str.subst -> Str.!SUBST -> Str.match
Str	subst	c	runtime	via Str.subst -> Str.!SUBST -> Str.match
Str	subst	continue	runtime	via Str.subst -> Str.!SUBST -> Str.match
Str	subst	ex	runtime	via Str.subst -> Str.!SUBST -> Str.match
Str	subst	exhaustive	runtime	via Str.subst -> Str.!SUBST -> Str.match
Str	subst	g	repeatable	via Str.subst -> Str.!SUBST -> Str.match
Str	subst	global	repeatable	via Str.subst -> Str.!SUBST -> Str.match
Str	subst	i	compilation-only	s/// table
Str	subst	ignorecase	compilation-only	s/// table
Str	subst	ignoremark	compilation-only	s/// table
Str	subst	ii	runtime	s/// table
Str	subst	m	compilation-only	s/// table
Str	subst	mm	runtime	s/// table
Str	subst	nd	runtime	via Str.subst -> Str.!SUBST -> Str.match
Str	subst	nth	runtime	via Str.subst -> Str.!SUBST -> Str.match
Str	subst	ov	runtime	via Str.subst -> Str.!SUBST -> Str.match
Str	subst	overlap	runtime	via Str.subst -> Str.!SUBST -> Str.match
Str	subst	p	runtime	via Str.subst -> Str.!SUBST -> Str.match
Str	subst	pos	runtime	via Str.subst -> Str.!SUBST -> Str.match
Str	subst	r	compilation-only	s/// table
Str	subst	ratchet	compilation-only	s/// table
Str	subst	rd	runtime	via Str.subst -> Str.!SUBST -> Str.match
Str	subst	s	compilation-only	s/// table
Str	subst	samecase	runtime	s/// table
Str	subst	samemark	runtime	s/// table
Str	subst	samespace	runtime	s/// table
Str	subst	sigspace	compilation-only	s/// table
Str	subst	ss	runtime	s/// table
Str	subst	st	runtime	via Str.subst -> Str.!SUBST -> Str.match
Str	subst	th	runtime	via Str.subst -> Str.!SUBST -> Str.match
Str	subst	x	repeatable	via Str.subst -> Str.!SUBST -> Str.match
Str	subst-mutate	as	runtime	via Str.subst-mutate -> Str.match
Str	subst-mutate	c	runtime	via Str.subst-mutate -> Str.match
Str	subst-mutate	continue	runtime	via Str.subst-mutate -> Str.match
Str	subst-mutate	ex	runtime	via Str.subst-mutate -> Str.match
Str	subst-mutate	exhaustive	runtime	via Str.subst-mutate -> Str.match
Str	subst-mutate	g	runtime	via Str.subst-mutate -> Str.match
Str	subst-mutate	global	runtime	via Str.subst-mutate -> Str.match
Str	subst-mutate	ii	runtime	declared
Str	subst-mutate	mm	runtime	declared
Str	subst-mutate	nd	runtime	via Str.subst-mutate -> Str.match
Str	subst-mutate	nth	runtime	via Str.subst-mutate -> Str.match
Str	subst-mutate	ov	runtime	via Str.subst-mutate -> Str.match
Str	subst-mutate	overlap	runtime	via Str.subst-mutate -> Str.match
Str	subst-mutate	p	runtime	via Str.subst-mutate -> Str.match
Str	subst-mutate	pos	runtime	via Str.subst-mutate -> Str.match
Str	subst-mutate	rd	runtime	via Str.subst-mutate -> Str.match
Str	subst-mutate	samecase	runtime	declared
Str	subst-mutate	samemark	runtime	declared
Str	subst-mutate	samespace	runtime	declared
Str	subst-mutate	ss	runtime	declared
Str	subst-mutate	st	runtime	via Str.subst-mutate -> Str.match
Str	subst-mutate	th	runtime	via Str.subst-mutate -> Str.match
Str	subst-mutate	x	runtime	via Str.subst-mutate -> Str.match
Str	substr-eq	i	runtime	declared
Str	substr-eq	ignorecase	runtime	declared
Str	substr-eq	ignoremark	runtime	declared
Str	substr-eq	m	runtime	declared
Str	trans	P5	compilation-only	tr/// table
Str	trans	Perl5	compilation-only	tr/// table
Str	trans	c	runtime	tr/// table
Str	trans	complement	runtime	tr/// table
Str	trans	d	runtime	tr/// table
Str	trans	delete	runtime	tr/// table
Str	trans	i	compilation-only	tr/// table
Str	trans	ignorecase	compilation-only	tr/// table
Str	trans	ignoremark	compilation-only	tr/// table
Str	trans	m	compilation-only	tr/// table
Str	trans	r	compilation-only	tr/// table
Str	trans	ratchet	compilation-only	tr/// table
Str	trans	s	compilation-only	tr/// table
Str	trans	sigspace	compilation-only	tr/// table
Str	trans	squash	compilation-only	tr/// table
Str	wordcase	filter	runtime	declared
Str	wordcase	where	runtime	declared
SuccFromInf	batch	elems	runtime	declared
SuccFromInf	categorize	as	runtime	declared
SuccFromInf	categorize	into	runtime	declared
SuccFromInf	classify	as	runtime	declared
SuccFromInf	classify	into	runtime	declared
SuccFromInf	first	end	runtime	declared
SuccFromInf	flatmap	label	runtime	declared
SuccFromInf	map	deep	runtime	declared
SuccFromInf	map	duck	runtime	declared
SuccFromInf	map	flat	runtime	declared
SuccFromInf	map	item	runtime	declared
SuccFromInf	map	label	runtime	declared
SuccFromInf	map	node	runtime	declared
SuccFromInf	max	by	runtime	declared
SuccFromInf	max	k	runtime	declared
SuccFromInf	max	kv	runtime	declared
SuccFromInf	max	p	runtime	declared
SuccFromInf	max	v	runtime	declared
SuccFromInf	min	by	runtime	declared
SuccFromInf	min	k	runtime	declared
SuccFromInf	min	kv	runtime	declared
SuccFromInf	min	p	runtime	declared
SuccFromInf	min	v	runtime	declared
SuccFromInf	minmax	by	runtime	declared
SuccFromInf	repeated	as	runtime	declared
SuccFromInf	repeated	with	runtime	declared
SuccFromInf	rotor	partial	runtime	declared
SuccFromInf	squish	as	runtime	declared
SuccFromInf	squish	with	runtime	declared
SuccFromInf	toggle	off	runtime	declared
SuccFromInf	unique	as	runtime	declared
SuccFromInf	unique	with	runtime	declared
SuccFromTo	batch	elems	runtime	declared
SuccFromTo	categorize	as	runtime	declared
SuccFromTo	categorize	into	runtime	declared
SuccFromTo	classify	as	runtime	declared
SuccFromTo	classify	into	runtime	declared
SuccFromTo	first	end	runtime	declared
SuccFromTo	flatmap	label	runtime	declared
SuccFromTo	map	deep	runtime	declared
SuccFromTo	map	duck	runtime	declared
SuccFromTo	map	flat	runtime	declared
SuccFromTo	map	item	runtime	declared
SuccFromTo	map	label	runtime	declared
SuccFromTo	map	node	runtime	declared
SuccFromTo	max	by	runtime	declared
SuccFromTo	max	k	runtime	declared
SuccFromTo	max	kv	runtime	declared
SuccFromTo	max	p	runtime	declared
SuccFromTo	max	v	runtime	declared
SuccFromTo	min	by	runtime	declared
SuccFromTo	min	k	runtime	declared
SuccFromTo	min	kv	runtime	declared
SuccFromTo	min	p	runtime	declared
SuccFromTo	min	v	runtime	declared
SuccFromTo	minmax	by	runtime	declared
SuccFromTo	repeated	as	runtime	declared
SuccFromTo	repeated	with	runtime	declared
SuccFromTo	rotor	partial	runtime	declared
SuccFromTo	squish	as	runtime	declared
SuccFromTo	squish	with	runtime	declared
SuccFromTo	toggle	off	runtime	declared
SuccFromTo	unique	as	runtime	declared
SuccFromTo	unique	with	runtime	declared
Suggestion	batch	elems	runtime	declared
Suggestion	categorize	as	runtime	declared
Suggestion	categorize	into	runtime	declared
Suggestion	classify	as	runtime	declared
Suggestion	classify	into	runtime	declared
Suggestion	first	end	runtime	declared
Suggestion	flatmap	label	runtime	declared
Suggestion	map	deep	runtime	declared
Suggestion	map	duck	runtime	declared
Suggestion	map	flat	runtime	declared
Suggestion	map	item	runtime	declared
Suggestion	map	label	runtime	declared
Suggestion	map	node	runtime	declared
Suggestion	max	by	runtime	declared
Suggestion	max	k	runtime	declared
Suggestion	max	kv	runtime	declared
Suggestion	max	p	runtime	declared
Suggestion	max	v	runtime	declared
Suggestion	min	by	runtime	declared
Suggestion	min	k	runtime	declared
Suggestion	min	kv	runtime	declared
Suggestion	min	p	runtime	declared
Suggestion	min	v	runtime	declared
Suggestion	minmax	by	runtime	declared
Suggestion	repeated	as	runtime	declared
Suggestion	repeated	with	runtime	declared
Suggestion	rotor	partial	runtime	declared
Suggestion	squish	as	runtime	declared
Suggestion	squish	with	runtime	declared
Suggestion	toggle	off	runtime	declared
Suggestion	unique	as	runtime	declared
Suggestion	unique	with	runtime	declared
Supply	BUILD	tappable	runtime	declared
Supply	act	done	runtime	via Supply.act -> Supply.tap
Supply	act	quit	runtime	via Supply.act -> Supply.tap
Supply	act	tap	runtime	via Supply.act -> Supply.tap
Supply	batch	elems	runtime	declared
Supply	batch	emit-timed	runtime	declared
Supply	batch	seconds	runtime	declared
Supply	comb	match	runtime	declared
Supply	delayed	scheduler	runtime	declared
Supply	first	end	runtime	declared
Supply	from-list	scheduler	runtime	declared
Supply	interval	scheduler	runtime	declared
Supply	lines	chomp	runtime	declared
Supply	on-demand	closing	runtime	declared
Supply	on-demand	scheduler	runtime	declared
Supply	repeated	as	runtime	declared
Supply	repeated	with	runtime	declared
Supply	rotor	partial	runtime	declared
Supply	split	k	runtime	via Supply.split -> Str.split
Supply	split	kv	runtime	via Supply.split -> Str.split
Supply	split	p	runtime	via Supply.split -> Str.split
Supply	split	skip-empty	runtime	via Supply.split -> Str.split
Supply	split	v	runtime	via Supply.split -> Str.split
Supply	squish	as	runtime	declared
Supply	squish	with	runtime	declared
Supply	stable	scheduler	runtime	declared
Supply	tap	done	runtime	declared
Supply	tap	quit	runtime	declared
Supply	tap	tap	runtime	declared
Supply	throttle	bleed	runtime	declared
Supply	throttle	control	runtime	declared
Supply	throttle	scheduler	runtime	declared
Supply	throttle	status	runtime	declared
Supply	throttle	vent-at	runtime	declared
Supply	unique	as	runtime	declared
Supply	unique	expires	runtime	declared
Supply	unique	with	runtime	declared
Supply	zip	with	runtime	declared
Supply	zip-latest	initial	runtime	declared
Supply	zip-latest	with	runtime	declared
SupplyAwaitableHandle	batch	elems	runtime	declared
SupplyAwaitableHandle	categorize	as	runtime	declared
SupplyAwaitableHandle	categorize	into	runtime	declared
SupplyAwaitableHandle	classify	as	runtime	declared
SupplyAwaitableHandle	classify	into	runtime	declared
SupplyAwaitableHandle	first	end	runtime	declared
SupplyAwaitableHandle	flatmap	label	runtime	declared
SupplyAwaitableHandle	map	deep	runtime	declared
SupplyAwaitableHandle	map	duck	runtime	declared
SupplyAwaitableHandle	map	flat	runtime	declared
SupplyAwaitableHandle	map	item	runtime	declared
SupplyAwaitableHandle	map	label	runtime	declared
SupplyAwaitableHandle	map	node	runtime	declared
SupplyAwaitableHandle	max	by	runtime	declared
SupplyAwaitableHandle	max	k	runtime	declared
SupplyAwaitableHandle	max	kv	runtime	declared
SupplyAwaitableHandle	max	p	runtime	declared
SupplyAwaitableHandle	max	v	runtime	declared
SupplyAwaitableHandle	min	by	runtime	declared
SupplyAwaitableHandle	min	k	runtime	declared
SupplyAwaitableHandle	min	kv	runtime	declared
SupplyAwaitableHandle	min	p	runtime	declared
SupplyAwaitableHandle	min	v	runtime	declared
SupplyAwaitableHandle	minmax	by	runtime	declared
SupplyAwaitableHandle	repeated	as	runtime	declared
SupplyAwaitableHandle	repeated	with	runtime	declared
SupplyAwaitableHandle	rotor	partial	runtime	declared
SupplyAwaitableHandle	squish	as	runtime	declared
SupplyAwaitableHandle	squish	with	runtime	declared
SupplyAwaitableHandle	toggle	off	runtime	declared
SupplyAwaitableHandle	unique	as	runtime	declared
SupplyAwaitableHandle	unique	with	runtime	declared
SupplyIterator	batch	elems	runtime	declared
SupplyIterator	categorize	as	runtime	declared
SupplyIterator	categorize	into	runtime	declared
SupplyIterator	classify	as	runtime	declared
SupplyIterator	classify	into	runtime	declared
SupplyIterator	first	end	runtime	declared
SupplyIterator	flatmap	label	runtime	declared
SupplyIterator	map	deep	runtime	declared
SupplyIterator	map	duck	runtime	declared
SupplyIterator	map	flat	runtime	declared
SupplyIterator	map	item	runtime	declared
SupplyIterator	map	label	runtime	declared
SupplyIterator	map	node	runtime	declared
SupplyIterator	max	by	runtime	declared
SupplyIterator	max	k	runtime	declared
SupplyIterator	max	kv	runtime	declared
SupplyIterator	max	p	runtime	declared
SupplyIterator	max	v	runtime	declared
SupplyIterator	min	by	runtime	declared
SupplyIterator	min	k	runtime	declared
SupplyIterator	min	kv	runtime	declared
SupplyIterator	min	p	runtime	declared
SupplyIterator	min	v	runtime	declared
SupplyIterator	minmax	by	runtime	declared
SupplyIterator	repeated	as	runtime	declared
SupplyIterator	repeated	with	runtime	declared
SupplyIterator	rotor	partial	runtime	declared
SupplyIterator	squish	as	runtime	declared
SupplyIterator	squish	with	runtime	declared
SupplyIterator	toggle	off	runtime	declared
SupplyIterator	unique	as	runtime	declared
SupplyIterator	unique	with	runtime	declared
TailWith	batch	elems	runtime	declared
TailWith	categorize	as	runtime	declared
TailWith	categorize	into	runtime	declared
TailWith	classify	as	runtime	declared
TailWith	classify	into	runtime	declared
TailWith	first	end	runtime	declared
TailWith	flatmap	label	runtime	declared
TailWith	map	deep	runtime	declared
TailWith	map	duck	runtime	declared
TailWith	map	flat	runtime	declared
TailWith	map	item	runtime	declared
TailWith	map	label	runtime	declared
TailWith	map	node	runtime	declared
TailWith	max	by	runtime	declared
TailWith	max	k	runtime	declared
TailWith	max	kv	runtime	declared
TailWith	max	p	runtime	declared
TailWith	max	v	runtime	declared
TailWith	min	by	runtime	declared
TailWith	min	k	runtime	declared
TailWith	min	kv	runtime	declared
TailWith	min	p	runtime	declared
TailWith	min	v	runtime	declared
TailWith	minmax	by	runtime	declared
TailWith	repeated	as	runtime	declared
TailWith	repeated	with	runtime	declared
TailWith	rotor	partial	runtime	declared
TailWith	squish	as	runtime	declared
TailWith	squish	with	runtime	declared
TailWith	toggle	off	runtime	declared
TailWith	unique	as	runtime	declared
TailWith	unique	with	runtime	declared
Tap	BUILD	on-close	runtime	declared
TapList	batch	elems	runtime	declared
TapList	categorize	as	runtime	declared
TapList	categorize	into	runtime	declared
TapList	classify	as	runtime	declared
TapList	classify	into	runtime	declared
TapList	first	end	runtime	declared
TapList	flatmap	label	runtime	declared
TapList	map	deep	runtime	declared
TapList	map	duck	runtime	declared
TapList	map	flat	runtime	declared
TapList	map	item	runtime	declared
TapList	map	label	runtime	declared
TapList	map	node	runtime	declared
TapList	max	by	runtime	declared
TapList	max	k	runtime	declared
TapList	max	kv	runtime	declared
TapList	max	p	runtime	declared
TapList	max	v	runtime	declared
TapList	min	by	runtime	declared
TapList	min	k	runtime	declared
TapList	min	kv	runtime	declared
TapList	min	p	runtime	declared
TapList	min	v	runtime	declared
TapList	minmax	by	runtime	declared
TapList	repeated	as	runtime	declared
TapList	repeated	with	runtime	declared
TapList	rotor	partial	runtime	declared
TapList	squish	as	runtime	declared
TapList	squish	with	runtime	declared
TapList	toggle	off	runtime	declared
TapList	unique	as	runtime	declared
TapList	unique	with	runtime	declared
TapListEntry	batch	elems	runtime	declared
TapListEntry	categorize	as	runtime	declared
TapListEntry	categorize	into	runtime	declared
TapListEntry	classify	as	runtime	declared
TapListEntry	classify	into	runtime	declared
TapListEntry	first	end	runtime	declared
TapListEntry	flatmap	label	runtime	declared
TapListEntry	map	deep	runtime	declared
TapListEntry	map	duck	runtime	declared
TapListEntry	map	flat	runtime	declared
TapListEntry	map	item	runtime	declared
TapListEntry	map	label	runtime	declared
TapListEntry	map	node	runtime	declared
TapListEntry	max	by	runtime	declared
TapListEntry	max	k	runtime	declared
TapListEntry	max	kv	runtime	declared
TapListEntry	max	p	runtime	declared
TapListEntry	max	v	runtime	declared
TapListEntry	min	by	runtime	declared
TapListEntry	min	k	runtime	declared
TapListEntry	min	kv	runtime	declared
TapListEntry	min	p	runtime	declared
TapListEntry	min	v	runtime	declared
TapListEntry	minmax	by	runtime	declared
TapListEntry	repeated	as	runtime	declared
TapListEntry	repeated	with	runtime	declared
TapListEntry	rotor	partial	runtime	declared
TapListEntry	squish	as	runtime	declared
TapListEntry	squish	with	runtime	declared
TapListEntry	toggle	off	runtime	declared
TapListEntry	unique	as	runtime	declared
TapListEntry	unique	with	runtime	declared
TerminalLineEditorBehavior	batch	elems	runtime	declared
TerminalLineEditorBehavior	categorize	as	runtime	declared
TerminalLineEditorBehavior	categorize	into	runtime	declared
TerminalLineEditorBehavior	classify	as	runtime	declared
TerminalLineEditorBehavior	classify	into	runtime	declared
TerminalLineEditorBehavior	first	end	runtime	declared
TerminalLineEditorBehavior	flatmap	label	runtime	declared
TerminalLineEditorBehavior	map	deep	runtime	declared
TerminalLineEditorBehavior	map	duck	runtime	declared
TerminalLineEditorBehavior	map	flat	runtime	declared
TerminalLineEditorBehavior	map	item	runtime	declared
TerminalLineEditorBehavior	map	label	runtime	declared
TerminalLineEditorBehavior	map	node	runtime	declared
TerminalLineEditorBehavior	max	by	runtime	declared
TerminalLineEditorBehavior	max	k	runtime	declared
TerminalLineEditorBehavior	max	kv	runtime	declared
TerminalLineEditorBehavior	max	p	runtime	declared
TerminalLineEditorBehavior	max	v	runtime	declared
TerminalLineEditorBehavior	min	by	runtime	declared
TerminalLineEditorBehavior	min	k	runtime	declared
TerminalLineEditorBehavior	min	kv	runtime	declared
TerminalLineEditorBehavior	min	p	runtime	declared
TerminalLineEditorBehavior	min	v	runtime	declared
TerminalLineEditorBehavior	minmax	by	runtime	declared
TerminalLineEditorBehavior	repeated	as	runtime	declared
TerminalLineEditorBehavior	repeated	with	runtime	declared
TerminalLineEditorBehavior	rotor	partial	runtime	declared
TerminalLineEditorBehavior	squish	as	runtime	declared
TerminalLineEditorBehavior	squish	with	runtime	declared
TerminalLineEditorBehavior	toggle	off	runtime	declared
TerminalLineEditorBehavior	unique	as	runtime	declared
TerminalLineEditorBehavior	unique	with	runtime	declared
Thread	BUILD	app_lifetime	runtime	declared
Thread	BUILD	code	runtime	declared
Thread	BUILD	name	runtime	declared
ThreadPoolAwaiter	batch	elems	runtime	declared
ThreadPoolAwaiter	categorize	as	runtime	declared
ThreadPoolAwaiter	categorize	into	runtime	declared
ThreadPoolAwaiter	classify	as	runtime	declared
ThreadPoolAwaiter	classify	into	runtime	declared
ThreadPoolAwaiter	first	end	runtime	declared
ThreadPoolAwaiter	flatmap	label	runtime	declared
ThreadPoolAwaiter	map	deep	runtime	declared
ThreadPoolAwaiter	map	duck	runtime	declared
ThreadPoolAwaiter	map	flat	runtime	declared
ThreadPoolAwaiter	map	item	runtime	declared
ThreadPoolAwaiter	map	label	runtime	declared
ThreadPoolAwaiter	map	node	runtime	declared
ThreadPoolAwaiter	max	by	runtime	declared
ThreadPoolAwaiter	max	k	runtime	declared
ThreadPoolAwaiter	max	kv	runtime	declared
ThreadPoolAwaiter	max	p	runtime	declared
ThreadPoolAwaiter	max	v	runtime	declared
ThreadPoolAwaiter	min	by	runtime	declared
ThreadPoolAwaiter	min	k	runtime	declared
ThreadPoolAwaiter	min	kv	runtime	declared
ThreadPoolAwaiter	min	p	runtime	declared
ThreadPoolAwaiter	min	v	runtime	declared
ThreadPoolAwaiter	minmax	by	runtime	declared
ThreadPoolAwaiter	repeated	as	runtime	declared
ThreadPoolAwaiter	repeated	with	runtime	declared
ThreadPoolAwaiter	rotor	partial	runtime	declared
ThreadPoolAwaiter	squish	as	runtime	declared
ThreadPoolAwaiter	squish	with	runtime	declared
ThreadPoolAwaiter	toggle	off	runtime	declared
ThreadPoolAwaiter	unique	as	runtime	declared
ThreadPoolAwaiter	unique	with	runtime	declared
ThreadPoolScheduler	cue	at	runtime	declared
ThreadPoolScheduler	cue	catch	runtime	declared
ThreadPoolScheduler	cue	every	runtime	declared
ThreadPoolScheduler	cue	in	runtime	declared
ThreadPoolScheduler	cue	times	runtime	declared
ThreadPoolScheduler	new	initial_threads	runtime	declared
ThreadPoolScheduler	new	max_threads	runtime	declared
ThreadPoolScheduler	queue	hint-affinity	runtime	declared
ThreadPoolScheduler	queue	hint-time-sensitive	runtime	declared
TimerCancellation	batch	elems	runtime	declared
TimerCancellation	categorize	as	runtime	declared
TimerCancellation	categorize	into	runtime	declared
TimerCancellation	classify	as	runtime	declared
TimerCancellation	classify	into	runtime	declared
TimerCancellation	first	end	runtime	declared
TimerCancellation	flatmap	label	runtime	declared
TimerCancellation	map	deep	runtime	declared
TimerCancellation	map	duck	runtime	declared
TimerCancellation	map	flat	runtime	declared
TimerCancellation	map	item	runtime	declared
TimerCancellation	map	label	runtime	declared
TimerCancellation	map	node	runtime	declared
TimerCancellation	max	by	runtime	declared
TimerCancellation	max	k	runtime	declared
TimerCancellation	max	kv	runtime	declared
TimerCancellation	max	p	runtime	declared
TimerCancellation	max	v	runtime	declared
TimerCancellation	min	by	runtime	declared
TimerCancellation	min	k	runtime	declared
TimerCancellation	min	kv	runtime	declared
TimerCancellation	min	p	runtime	declared
TimerCancellation	min	v	runtime	declared
TimerCancellation	minmax	by	runtime	declared
TimerCancellation	repeated	as	runtime	declared
TimerCancellation	repeated	with	runtime	declared
TimerCancellation	rotor	partial	runtime	declared
TimerCancellation	squish	as	runtime	declared
TimerCancellation	squish	with	runtime	declared
TimerCancellation	toggle	off	runtime	declared
TimerCancellation	unique	as	runtime	declared
TimerCancellation	unique	with	runtime	declared
TimerWorker	batch	elems	runtime	declared
TimerWorker	categorize	as	runtime	declared
TimerWorker	categorize	into	runtime	declared
TimerWorker	classify	as	runtime	declared
TimerWorker	classify	into	runtime	declared
TimerWorker	first	end	runtime	declared
TimerWorker	flatmap	label	runtime	declared
TimerWorker	map	deep	runtime	declared
TimerWorker	map	duck	runtime	declared
TimerWorker	map	flat	runtime	declared
TimerWorker	map	item	runtime	declared
TimerWorker	map	label	runtime	declared
TimerWorker	map	node	runtime	declared
TimerWorker	max	by	runtime	declared
TimerWorker	max	k	runtime	declared
TimerWorker	max	kv	runtime	declared
TimerWorker	max	p	runtime	declared
TimerWorker	max	v	runtime	declared
TimerWorker	min	by	runtime	declared
TimerWorker	min	k	runtime	declared
TimerWorker	min	kv	runtime	declared
TimerWorker	min	p	runtime	declared
TimerWorker	min	v	runtime	declared
TimerWorker	minmax	by	runtime	declared
TimerWorker	repeated	as	runtime	declared
TimerWorker	repeated	with	runtime	declared
TimerWorker	rotor	partial	runtime	declared
TimerWorker	squish	as	runtime	declared
TimerWorker	squish	with	runtime	declared
TimerWorker	toggle	off	runtime	declared
TimerWorker	unique	as	runtime	declared
TimerWorker	unique	with	runtime	declared
Todo	batch	elems	runtime	declared
Todo	categorize	as	runtime	declared
Todo	categorize	into	runtime	declared
Todo	classify	as	runtime	declared
Todo	classify	into	runtime	declared
Todo	first	end	runtime	declared
Todo	flatmap	label	runtime	declared
Todo	map	deep	runtime	declared
Todo	map	duck	runtime	declared
Todo	map	flat	runtime	declared
Todo	map	item	runtime	declared
Todo	map	label	runtime	declared
Todo	map	node	runtime	declared
Todo	max	by	runtime	declared
Todo	max	k	runtime	declared
Todo	max	kv	runtime	declared
Todo	max	p	runtime	declared
Todo	max	v	runtime	declared
Todo	min	by	runtime	declared
Todo	min	k	runtime	declared
Todo	min	kv	runtime	declared
Todo	min	p	runtime	declared
Todo	min	v	runtime	declared
Todo	minmax	by	runtime	declared
Todo	repeated	as	runtime	declared
Todo	repeated	with	runtime	declared
Todo	rotor	partial	runtime	declared
Todo	squish	as	runtime	declared
Todo	squish	with	runtime	declared
Todo	toggle	off	runtime	declared
Todo	unique	as	runtime	declared
Todo	unique	with	runtime	declared
Toggle	batch	elems	runtime	declared
Toggle	categorize	as	runtime	declared
Toggle	categorize	into	runtime	declared
Toggle	classify	as	runtime	declared
Toggle	classify	into	runtime	declared
Toggle	first	end	runtime	declared
Toggle	flatmap	label	runtime	declared
Toggle	map	deep	runtime	declared
Toggle	map	duck	runtime	declared
Toggle	map	flat	runtime	declared
Toggle	map	item	runtime	declared
Toggle	map	label	runtime	declared
Toggle	map	node	runtime	declared
Toggle	max	by	runtime	declared
Toggle	max	k	runtime	declared
Toggle	max	kv	runtime	declared
Toggle	max	p	runtime	declared
Toggle	max	v	runtime	declared
Toggle	min	by	runtime	declared
Toggle	min	k	runtime	declared
Toggle	min	kv	runtime	declared
Toggle	min	p	runtime	declared
Toggle	min	v	runtime	declared
Toggle	minmax	by	runtime	declared
Toggle	repeated	as	runtime	declared
Toggle	repeated	with	runtime	declared
Toggle	rotor	partial	runtime	declared
Toggle	squish	as	runtime	declared
Toggle	squish	with	runtime	declared
Toggle	toggle	off	runtime	declared
Toggle	unique	as	runtime	declared
Toggle	unique	with	runtime	declared
TriangleLeft2	batch	elems	runtime	declared
TriangleLeft2	categorize	as	runtime	declared
TriangleLeft2	categorize	into	runtime	declared
TriangleLeft2	classify	as	runtime	declared
TriangleLeft2	classify	into	runtime	declared
TriangleLeft2	first	end	runtime	declared
TriangleLeft2	flatmap	label	runtime	declared
TriangleLeft2	map	deep	runtime	declared
TriangleLeft2	map	duck	runtime	declared
TriangleLeft2	map	flat	runtime	declared
TriangleLeft2	map	item	runtime	declared
TriangleLeft2	map	label	runtime	declared
TriangleLeft2	map	node	runtime	declared
TriangleLeft2	max	by	runtime	declared
TriangleLeft2	max	k	runtime	declared
TriangleLeft2	max	kv	runtime	declared
TriangleLeft2	max	p	runtime	declared
TriangleLeft2	max	v	runtime	declared
TriangleLeft2	min	by	runtime	declared
TriangleLeft2	min	k	runtime	declared
TriangleLeft2	min	kv	runtime	declared
TriangleLeft2	min	p	runtime	declared
TriangleLeft2	min	v	runtime	declared
TriangleLeft2	minmax	by	runtime	declared
TriangleLeft2	repeated	as	runtime	declared
TriangleLeft2	repeated	with	runtime	declared
TriangleLeft2	rotor	partial	runtime	declared
TriangleLeft2	squish	as	runtime	declared
TriangleLeft2	squish	with	runtime	declared
TriangleLeft2	toggle	off	runtime	declared
TriangleLeft2	unique	as	runtime	declared
TriangleLeft2	unique	with	runtime	declared
TriangleLeftN	batch	elems	runtime	declared
TriangleLeftN	categorize	as	runtime	declared
TriangleLeftN	categorize	into	runtime	declared
TriangleLeftN	classify	as	runtime	declared
TriangleLeftN	classify	into	runtime	declared
TriangleLeftN	first	end	runtime	declared
TriangleLeftN	flatmap	label	runtime	declared
TriangleLeftN	map	deep	runtime	declared
TriangleLeftN	map	duck	runtime	declared
TriangleLeftN	map	flat	runtime	declared
TriangleLeftN	map	item	runtime	declared
TriangleLeftN	map	label	runtime	declared
TriangleLeftN	map	node	runtime	declared
TriangleLeftN	max	by	runtime	declared
TriangleLeftN	max	k	runtime	declared
TriangleLeftN	max	kv	runtime	declared
TriangleLeftN	max	p	runtime	declared
TriangleLeftN	max	v	runtime	declared
TriangleLeftN	min	by	runtime	declared
TriangleLeftN	min	k	runtime	declared
TriangleLeftN	min	kv	runtime	declared
TriangleLeftN	min	p	runtime	declared
TriangleLeftN	min	v	runtime	declared
TriangleLeftN	minmax	by	runtime	declared
TriangleLeftN	repeated	as	runtime	declared
TriangleLeftN	repeated	with	runtime	declared
TriangleLeftN	rotor	partial	runtime	declared
TriangleLeftN	squish	as	runtime	declared
TriangleLeftN	squish	with	runtime	declared
TriangleLeftN	toggle	off	runtime	declared
TriangleLeftN	unique	as	runtime	declared
TriangleLeftN	unique	with	runtime	declared
TriangleList	batch	elems	runtime	declared
TriangleList	categorize	as	runtime	declared
TriangleList	categorize	into	runtime	declared
TriangleList	classify	as	runtime	declared
TriangleList	classify	into	runtime	declared
TriangleList	first	end	runtime	declared
TriangleList	flatmap	label	runtime	declared
TriangleList	map	deep	runtime	declared
TriangleList	map	duck	runtime	declared
TriangleList	map	flat	runtime	declared
TriangleList	map	item	runtime	declared
TriangleList	map	label	runtime	declared
TriangleList	map	node	runtime	declared
TriangleList	max	by	runtime	declared
TriangleList	max	k	runtime	declared
TriangleList	max	kv	runtime	declared
TriangleList	max	p	runtime	declared
TriangleList	max	v	runtime	declared
TriangleList	min	by	runtime	declared
TriangleList	min	k	runtime	declared
TriangleList	min	kv	runtime	declared
TriangleList	min	p	runtime	declared
TriangleList	min	v	runtime	declared
TriangleList	minmax	by	runtime	declared
TriangleList	repeated	as	runtime	declared
TriangleList	repeated	with	runtime	declared
TriangleList	rotor	partial	runtime	declared
TriangleList	squish	as	runtime	declared
TriangleList	squish	with	runtime	declared
TriangleList	toggle	off	runtime	declared
TriangleList	unique	as	runtime	declared
TriangleList	unique	with	runtime	declared
TriangleListInfix	batch	elems	runtime	declared
TriangleListInfix	categorize	as	runtime	declared
TriangleListInfix	categorize	into	runtime	declared
TriangleListInfix	classify	as	runtime	declared
TriangleListInfix	classify	into	runtime	declared
TriangleListInfix	first	end	runtime	declared
TriangleListInfix	flatmap	label	runtime	declared
TriangleListInfix	map	deep	runtime	declared
TriangleListInfix	map	duck	runtime	declared
TriangleListInfix	map	flat	runtime	declared
TriangleListInfix	map	item	runtime	declared
TriangleListInfix	map	label	runtime	declared
TriangleListInfix	map	node	runtime	declared
TriangleListInfix	max	by	runtime	declared
TriangleListInfix	max	k	runtime	declared
TriangleListInfix	max	kv	runtime	declared
TriangleListInfix	max	p	runtime	declared
TriangleListInfix	max	v	runtime	declared
TriangleListInfix	min	by	runtime	declared
TriangleListInfix	min	k	runtime	declared
TriangleListInfix	min	kv	runtime	declared
TriangleListInfix	min	p	runtime	declared
TriangleListInfix	min	v	runtime	declared
TriangleListInfix	minmax	by	runtime	declared
TriangleListInfix	repeated	as	runtime	declared
TriangleListInfix	repeated	with	runtime	declared
TriangleListInfix	rotor	partial	runtime	declared
TriangleListInfix	squish	as	runtime	declared
TriangleListInfix	squish	with	runtime	declared
TriangleListInfix	toggle	off	runtime	declared
TriangleListInfix	unique	as	runtime	declared
TriangleListInfix	unique	with	runtime	declared
Truthy	batch	elems	runtime	declared
Truthy	categorize	as	runtime	declared
Truthy	categorize	into	runtime	declared
Truthy	classify	as	runtime	declared
Truthy	classify	into	runtime	declared
Truthy	first	end	runtime	declared
Truthy	flatmap	label	runtime	declared
Truthy	map	deep	runtime	declared
Truthy	map	duck	runtime	declared
Truthy	map	flat	runtime	declared
Truthy	map	item	runtime	declared
Truthy	map	label	runtime	declared
Truthy	map	node	runtime	declared
Truthy	max	by	runtime	declared
Truthy	max	k	runtime	declared
Truthy	max	kv	runtime	declared
Truthy	max	p	runtime	declared
Truthy	max	v	runtime	declared
Truthy	min	by	runtime	declared
Truthy	min	k	runtime	declared
Truthy	min	kv	runtime	declared
Truthy	min	p	runtime	declared
Truthy	min	v	runtime	declared
Truthy	minmax	by	runtime	declared
Truthy	repeated	as	runtime	declared
Truthy	repeated	with	runtime	declared
Truthy	rotor	partial	runtime	declared
Truthy	squish	as	runtime	declared
Truthy	squish	with	runtime	declared
Truthy	toggle	off	runtime	declared
Truthy	unique	as	runtime	declared
Truthy	unique	with	runtime	declared
TwoValues	batch	elems	runtime	declared
TwoValues	categorize	as	runtime	declared
TwoValues	categorize	into	runtime	declared
TwoValues	classify	as	runtime	declared
TwoValues	classify	into	runtime	declared
TwoValues	first	end	runtime	declared
TwoValues	flatmap	label	runtime	declared
TwoValues	map	deep	runtime	declared
TwoValues	map	duck	runtime	declared
TwoValues	map	flat	runtime	declared
TwoValues	map	item	runtime	declared
TwoValues	map	label	runtime	declared
TwoValues	map	node	runtime	declared
TwoValues	max	by	runtime	declared
TwoValues	max	k	runtime	declared
TwoValues	max	kv	runtime	declared
TwoValues	max	p	runtime	declared
TwoValues	max	v	runtime	declared
TwoValues	min	by	runtime	declared
TwoValues	min	k	runtime	declared
TwoValues	min	kv	runtime	declared
TwoValues	min	p	runtime	declared
TwoValues	min	v	runtime	declared
TwoValues	minmax	by	runtime	declared
TwoValues	repeated	as	runtime	declared
TwoValues	repeated	with	runtime	declared
TwoValues	rotor	partial	runtime	declared
TwoValues	squish	as	runtime	declared
TwoValues	squish	with	runtime	declared
TwoValues	toggle	off	runtime	declared
TwoValues	unique	as	runtime	declared
TwoValues	unique	with	runtime	declared
TypeEnv	new-from-ctx	boundary-by	runtime	declared
UnendingValue	batch	elems	runtime	declared
UnendingValue	categorize	as	runtime	declared
UnendingValue	categorize	into	runtime	declared
UnendingValue	classify	as	runtime	declared
UnendingValue	classify	into	runtime	declared
UnendingValue	first	end	runtime	declared
UnendingValue	flatmap	label	runtime	declared
UnendingValue	map	deep	runtime	declared
UnendingValue	map	duck	runtime	declared
UnendingValue	map	flat	runtime	declared
UnendingValue	map	item	runtime	declared
UnendingValue	map	label	runtime	declared
UnendingValue	map	node	runtime	declared
UnendingValue	max	by	runtime	declared
UnendingValue	max	k	runtime	declared
UnendingValue	max	kv	runtime	declared
UnendingValue	max	p	runtime	declared
UnendingValue	max	v	runtime	declared
UnendingValue	min	by	runtime	declared
UnendingValue	min	k	runtime	declared
UnendingValue	min	kv	runtime	declared
UnendingValue	min	p	runtime	declared
UnendingValue	min	v	runtime	declared
UnendingValue	minmax	by	runtime	declared
UnendingValue	repeated	as	runtime	declared
UnendingValue	repeated	with	runtime	declared
UnendingValue	rotor	partial	runtime	declared
UnendingValue	squish	as	runtime	declared
UnendingValue	squish	with	runtime	declared
UnendingValue	toggle	off	runtime	declared
UnendingValue	unique	as	runtime	declared
UnendingValue	unique	with	runtime	declared
Uni	encode	replacement	runtime	declared
Uni	encode	strict	runtime	declared
Uni	encode	translate-nl	runtime	declared
UniList	batch	elems	runtime	declared
UniList	categorize	as	runtime	declared
UniList	categorize	into	runtime	declared
UniList	classify	as	runtime	declared
UniList	classify	into	runtime	declared
UniList	first	end	runtime	declared
UniList	flatmap	label	runtime	declared
UniList	map	deep	runtime	declared
UniList	map	duck	runtime	declared
UniList	map	flat	runtime	declared
UniList	map	item	runtime	declared
UniList	map	label	runtime	declared
UniList	map	node	runtime	declared
UniList	max	by	runtime	declared
UniList	max	k	runtime	declared
UniList	max	kv	runtime	declared
UniList	max	p	runtime	declared
UniList	max	v	runtime	declared
UniList	min	by	runtime	declared
UniList	min	k	runtime	declared
UniList	min	kv	runtime	declared
UniList	min	p	runtime	declared
UniList	min	v	runtime	declared
UniList	minmax	by	runtime	declared
UniList	repeated	as	runtime	declared
UniList	repeated	with	runtime	declared
UniList	rotor	partial	runtime	declared
UniList	squish	as	runtime	declared
UniList	squish	with	runtime	declared
UniList	toggle	off	runtime	declared
UniList	unique	as	runtime	declared
UniList	unique	with	runtime	declared
UnicodeyIterator	batch	elems	runtime	declared
UnicodeyIterator	categorize	as	runtime	declared
UnicodeyIterator	categorize	into	runtime	declared
UnicodeyIterator	classify	as	runtime	declared
UnicodeyIterator	classify	into	runtime	declared
UnicodeyIterator	first	end	runtime	declared
UnicodeyIterator	flatmap	label	runtime	declared
UnicodeyIterator	map	deep	runtime	declared
UnicodeyIterator	map	duck	runtime	declared
UnicodeyIterator	map	flat	runtime	declared
UnicodeyIterator	map	item	runtime	declared
UnicodeyIterator	map	label	runtime	declared
UnicodeyIterator	map	node	runtime	declared
UnicodeyIterator	max	by	runtime	declared
UnicodeyIterator	max	k	runtime	declared
UnicodeyIterator	max	kv	runtime	declared
UnicodeyIterator	max	p	runtime	declared
UnicodeyIterator	max	v	runtime	declared
UnicodeyIterator	min	by	runtime	declared
UnicodeyIterator	min	k	runtime	declared
UnicodeyIterator	min	kv	runtime	declared
UnicodeyIterator	min	p	runtime	declared
UnicodeyIterator	min	v	runtime	declared
UnicodeyIterator	minmax	by	runtime	declared
UnicodeyIterator	repeated	as	runtime	declared
UnicodeyIterator	repeated	with	runtime	declared
UnicodeyIterator	rotor	partial	runtime	declared
UnicodeyIterator	squish	as	runtime	declared
UnicodeyIterator	squish	with	runtime	declared
UnicodeyIterator	toggle	off	runtime	declared
UnicodeyIterator	unique	as	runtime	declared
UnicodeyIterator	unique	with	runtime	declared
UninamesIterator	batch	elems	runtime	declared
UninamesIterator	categorize	as	runtime	declared
UninamesIterator	categorize	into	runtime	declared
UninamesIterator	classify	as	runtime	declared
UninamesIterator	classify	into	runtime	declared
UninamesIterator	first	end	runtime	declared
UninamesIterator	flatmap	label	runtime	declared
UninamesIterator	map	deep	runtime	declared
UninamesIterator	map	duck	runtime	declared
UninamesIterator	map	flat	runtime	declared
UninamesIterator	map	item	runtime	declared
UninamesIterator	map	label	runtime	declared
UninamesIterator	map	node	runtime	declared
UninamesIterator	max	by	runtime	declared
UninamesIterator	max	k	runtime	declared
UninamesIterator	max	kv	runtime	declared
UninamesIterator	max	p	runtime	declared
UninamesIterator	max	v	runtime	declared
UninamesIterator	min	by	runtime	declared
UninamesIterator	min	k	runtime	declared
UninamesIterator	min	kv	runtime	declared
UninamesIterator	min	p	runtime	declared
UninamesIterator	min	v	runtime	declared
UninamesIterator	minmax	by	runtime	declared
UninamesIterator	repeated	as	runtime	declared
UninamesIterator	repeated	with	runtime	declared
UninamesIterator	rotor	partial	runtime	declared
UninamesIterator	squish	as	runtime	declared
UninamesIterator	squish	with	runtime	declared
UninamesIterator	toggle	off	runtime	declared
UninamesIterator	unique	as	runtime	declared
UninamesIterator	unique	with	runtime	declared
UnipropsIterator	batch	elems	runtime	declared
UnipropsIterator	categorize	as	runtime	declared
UnipropsIterator	categorize	into	runtime	declared
UnipropsIterator	classify	as	runtime	declared
UnipropsIterator	classify	into	runtime	declared
UnipropsIterator	first	end	runtime	declared
UnipropsIterator	flatmap	label	runtime	declared
UnipropsIterator	map	deep	runtime	declared
UnipropsIterator	map	duck	runtime	declared
UnipropsIterator	map	flat	runtime	declared
UnipropsIterator	map	item	runtime	declared
UnipropsIterator	map	label	runtime	declared
UnipropsIterator	map	node	runtime	declared
UnipropsIterator	max	by	runtime	declared
UnipropsIterator	max	k	runtime	declared
UnipropsIterator	max	kv	runtime	declared
UnipropsIterator	max	p	runtime	declared
UnipropsIterator	max	v	runtime	declared
UnipropsIterator	min	by	runtime	declared
UnipropsIterator	min	k	runtime	declared
UnipropsIterator	min	kv	runtime	declared
UnipropsIterator	min	p	runtime	declared
UnipropsIterator	min	v	runtime	declared
UnipropsIterator	minmax	by	runtime	declared
UnipropsIterator	repeated	as	runtime	declared
UnipropsIterator	repeated	with	runtime	declared
UnipropsIterator	rotor	partial	runtime	declared
UnipropsIterator	squish	as	runtime	declared
UnipropsIterator	squish	with	runtime	declared
UnipropsIterator	toggle	off	runtime	declared
UnipropsIterator	unique	as	runtime	declared
UnipropsIterator	unique	with	runtime	declared
Unique	batch	elems	runtime	declared
Unique	categorize	as	runtime	declared
Unique	categorize	into	runtime	declared
Unique	classify	as	runtime	declared
Unique	classify	into	runtime	declared
Unique	first	end	runtime	declared
Unique	flatmap	label	runtime	declared
Unique	map	deep	runtime	declared
Unique	map	duck	runtime	declared
Unique	map	flat	runtime	declared
Unique	map	item	runtime	declared
Unique	map	label	runtime	declared
Unique	map	node	runtime	declared
Unique	max	by	runtime	declared
Unique	max	k	runtime	declared
Unique	max	kv	runtime	declared
Unique	max	p	runtime	declared
Unique	max	v	runtime	declared
Unique	min	by	runtime	declared
Unique	min	k	runtime	declared
Unique	min	kv	runtime	declared
Unique	min	p	runtime	declared
Unique	min	v	runtime	declared
Unique	minmax	by	runtime	declared
Unique	repeated	as	runtime	declared
Unique	repeated	with	runtime	declared
Unique	rotor	partial	runtime	declared
Unique	squish	as	runtime	declared
Unique	squish	with	runtime	declared
Unique	toggle	off	runtime	declared
Unique	unique	as	runtime	declared
Unique	unique	with	runtime	declared
UniqueRepeatedAsWith	batch	elems	runtime	declared
UniqueRepeatedAsWith	categorize	as	runtime	declared
UniqueRepeatedAsWith	categorize	into	runtime	declared
UniqueRepeatedAsWith	classify	as	runtime	declared
UniqueRepeatedAsWith	classify	into	runtime	declared
UniqueRepeatedAsWith	first	end	runtime	declared
UniqueRepeatedAsWith	flatmap	label	runtime	declared
UniqueRepeatedAsWith	map	deep	runtime	declared
UniqueRepeatedAsWith	map	duck	runtime	declared
UniqueRepeatedAsWith	map	flat	runtime	declared
UniqueRepeatedAsWith	map	item	runtime	declared
UniqueRepeatedAsWith	map	label	runtime	declared
UniqueRepeatedAsWith	map	node	runtime	declared
UniqueRepeatedAsWith	max	by	runtime	declared
UniqueRepeatedAsWith	max	k	runtime	declared
UniqueRepeatedAsWith	max	kv	runtime	declared
UniqueRepeatedAsWith	max	p	runtime	declared
UniqueRepeatedAsWith	max	v	runtime	declared
UniqueRepeatedAsWith	min	by	runtime	declared
UniqueRepeatedAsWith	min	k	runtime	declared
UniqueRepeatedAsWith	min	kv	runtime	declared
UniqueRepeatedAsWith	min	p	runtime	declared
UniqueRepeatedAsWith	min	v	runtime	declared
UniqueRepeatedAsWith	minmax	by	runtime	declared
UniqueRepeatedAsWith	repeated	as	runtime	declared
UniqueRepeatedAsWith	repeated	with	runtime	declared
UniqueRepeatedAsWith	rotor	partial	runtime	declared
UniqueRepeatedAsWith	squish	as	runtime	declared
UniqueRepeatedAsWith	squish	with	runtime	declared
UniqueRepeatedAsWith	toggle	off	runtime	declared
UniqueRepeatedAsWith	unique	as	runtime	declared
UniqueRepeatedAsWith	unique	with	runtime	declared
UniqueRepeatedWith	batch	elems	runtime	declared
UniqueRepeatedWith	categorize	as	runtime	declared
UniqueRepeatedWith	categorize	into	runtime	declared
UniqueRepeatedWith	classify	as	runtime	declared
UniqueRepeatedWith	classify	into	runtime	declared
UniqueRepeatedWith	first	end	runtime	declared
UniqueRepeatedWith	flatmap	label	runtime	declared
UniqueRepeatedWith	map	deep	runtime	declared
UniqueRepeatedWith	map	duck	runtime	declared
UniqueRepeatedWith	map	flat	runtime	declared
UniqueRepeatedWith	map	item	runtime	declared
UniqueRepeatedWith	map	label	runtime	declared
UniqueRepeatedWith	map	node	runtime	declared
UniqueRepeatedWith	max	by	runtime	declared
UniqueRepeatedWith	max	k	runtime	declared
UniqueRepeatedWith	max	kv	runtime	declared
UniqueRepeatedWith	max	p	runtime	declared
UniqueRepeatedWith	max	v	runtime	declared
UniqueRepeatedWith	min	by	runtime	declared
UniqueRepeatedWith	min	k	runtime	declared
UniqueRepeatedWith	min	kv	runtime	declared
UniqueRepeatedWith	min	p	runtime	declared
UniqueRepeatedWith	min	v	runtime	declared
UniqueRepeatedWith	minmax	by	runtime	declared
UniqueRepeatedWith	repeated	as	runtime	declared
UniqueRepeatedWith	repeated	with	runtime	declared
UniqueRepeatedWith	rotor	partial	runtime	declared
UniqueRepeatedWith	squish	as	runtime	declared
UniqueRepeatedWith	squish	with	runtime	declared
UniqueRepeatedWith	toggle	off	runtime	declared
UniqueRepeatedWith	unique	as	runtime	declared
UniqueRepeatedWith	unique	with	runtime	declared
UnivalsIterator	batch	elems	runtime	declared
UnivalsIterator	categorize	as	runtime	declared
UnivalsIterator	categorize	into	runtime	declared
UnivalsIterator	classify	as	runtime	declared
UnivalsIterator	classify	into	runtime	declared
UnivalsIterator	first	end	runtime	declared
UnivalsIterator	flatmap	label	runtime	declared
UnivalsIterator	map	deep	runtime	declared
UnivalsIterator	map	duck	runtime	declared
UnivalsIterator	map	flat	runtime	declared
UnivalsIterator	map	item	runtime	declared
UnivalsIterator	map	label	runtime	declared
UnivalsIterator	map	node	runtime	declared
UnivalsIterator	max	by	runtime	declared
UnivalsIterator	max	k	runtime	declared
UnivalsIterator	max	kv	runtime	declared
UnivalsIterator	max	p	runtime	declared
UnivalsIterator	max	v	runtime	declared
UnivalsIterator	min	by	runtime	declared
UnivalsIterator	min	k	runtime	declared
UnivalsIterator	min	kv	runtime	declared
UnivalsIterator	min	p	runtime	declared
UnivalsIterator	min	v	runtime	declared
UnivalsIterator	minmax	by	runtime	declared
UnivalsIterator	repeated	as	runtime	declared
UnivalsIterator	repeated	with	runtime	declared
UnivalsIterator	rotor	partial	runtime	declared
UnivalsIterator	squish	as	runtime	declared
UnivalsIterator	squish	with	runtime	declared
UnivalsIterator	toggle	off	runtime	declared
UnivalsIterator	unique	as	runtime	declared
UnivalsIterator	unique	with	runtime	declared
UnsignedBuf	batch	elems	runtime	declared
UnsignedBuf	categorize	as	runtime	declared
UnsignedBuf	categorize	into	runtime	declared
UnsignedBuf	classify	as	runtime	declared
UnsignedBuf	classify	into	runtime	declared
UnsignedBuf	first	end	runtime	declared
UnsignedBuf	flatmap	label	runtime	declared
UnsignedBuf	map	deep	runtime	declared
UnsignedBuf	map	duck	runtime	declared
UnsignedBuf	map	flat	runtime	declared
UnsignedBuf	map	item	runtime	declared
UnsignedBuf	map	label	runtime	declared
UnsignedBuf	map	node	runtime	declared
UnsignedBuf	max	by	runtime	declared
UnsignedBuf	max	k	runtime	declared
UnsignedBuf	max	kv	runtime	declared
UnsignedBuf	max	p	runtime	declared
UnsignedBuf	max	v	runtime	declared
UnsignedBuf	min	by	runtime	declared
UnsignedBuf	min	k	runtime	declared
UnsignedBuf	min	kv	runtime	declared
UnsignedBuf	min	p	runtime	declared
UnsignedBuf	min	v	runtime	declared
UnsignedBuf	minmax	by	runtime	declared
UnsignedBuf	repeated	as	runtime	declared
UnsignedBuf	repeated	with	runtime	declared
UnsignedBuf	rotor	partial	runtime	declared
UnsignedBuf	squish	as	runtime	declared
UnsignedBuf	squish	with	runtime	declared
UnsignedBuf	toggle	off	runtime	declared
UnsignedBuf	unique	as	runtime	declared
UnsignedBuf	unique	with	runtime	declared
Until	batch	elems	runtime	declared
Until	categorize	as	runtime	declared
Until	categorize	into	runtime	declared
Until	classify	as	runtime	declared
Until	classify	into	runtime	declared
Until	first	end	runtime	declared
Until	flatmap	label	runtime	declared
Until	map	deep	runtime	declared
Until	map	duck	runtime	declared
Until	map	flat	runtime	declared
Until	map	item	runtime	declared
Until	map	label	runtime	declared
Until	map	node	runtime	declared
Until	max	by	runtime	declared
Until	max	k	runtime	declared
Until	max	kv	runtime	declared
Until	max	p	runtime	declared
Until	max	v	runtime	declared
Until	min	by	runtime	declared
Until	min	k	runtime	declared
Until	min	kv	runtime	declared
Until	min	p	runtime	declared
Until	min	v	runtime	declared
Until	minmax	by	runtime	declared
Until	repeated	as	runtime	declared
Until	repeated	with	runtime	declared
Until	rotor	partial	runtime	declared
Until	squish	as	runtime	declared
Until	squish	with	runtime	declared
Until	toggle	off	runtime	declared
Until	unique	as	runtime	declared
Until	unique	with	runtime	declared
VM	platform-library-name	version	runtime	declared
Values	batch	elems	runtime	declared
Values	categorize	as	runtime	declared
Values	categorize	into	runtime	declared
Values	classify	as	runtime	declared
Values	classify	into	runtime	declared
Values	first	end	runtime	declared
Values	flatmap	label	runtime	declared
Values	map	deep	runtime	declared
Values	map	duck	runtime	declared
Values	map	flat	runtime	declared
Values	map	item	runtime	declared
Values	map	label	runtime	declared
Values	map	node	runtime	declared
Values	max	by	runtime	declared
Values	max	k	runtime	declared
Values	max	kv	runtime	declared
Values	max	p	runtime	declared
Values	max	v	runtime	declared
Values	min	by	runtime	declared
Values	min	k	runtime	declared
Values	min	kv	runtime	declared
Values	min	p	runtime	declared
Values	min	v	runtime	declared
Values	minmax	by	runtime	declared
Values	repeated	as	runtime	declared
Values	repeated	with	runtime	declared
Values	rotor	partial	runtime	declared
Values	squish	as	runtime	declared
Values	squish	with	runtime	declared
Values	toggle	off	runtime	declared
Values	unique	as	runtime	declared
Values	unique	with	runtime	declared
Vow	batch	elems	runtime	declared
Vow	categorize	as	runtime	declared
Vow	categorize	into	runtime	declared
Vow	classify	as	runtime	declared
Vow	classify	into	runtime	declared
Vow	first	end	runtime	declared
Vow	flatmap	label	runtime	declared
Vow	map	deep	runtime	declared
Vow	map	duck	runtime	declared
Vow	map	flat	runtime	declared
Vow	map	item	runtime	declared
Vow	map	label	runtime	declared
Vow	map	node	runtime	declared
Vow	max	by	runtime	declared
Vow	max	k	runtime	declared
Vow	max	kv	runtime	declared
Vow	max	p	runtime	declared
Vow	max	v	runtime	declared
Vow	min	by	runtime	declared
Vow	min	k	runtime	declared
Vow	min	kv	runtime	declared
Vow	min	p	runtime	declared
Vow	min	v	runtime	declared
Vow	minmax	by	runtime	declared
Vow	repeated	as	runtime	declared
Vow	repeated	with	runtime	declared
Vow	rotor	partial	runtime	declared
Vow	squish	as	runtime	declared
Vow	squish	with	runtime	declared
Vow	toggle	off	runtime	declared
Vow	unique	as	runtime	declared
Vow	unique	with	runtime	declared
WhateverIterator	batch	elems	runtime	declared
WhateverIterator	categorize	as	runtime	declared
WhateverIterator	categorize	into	runtime	declared
WhateverIterator	classify	as	runtime	declared
WhateverIterator	classify	into	runtime	declared
WhateverIterator	first	end	runtime	declared
WhateverIterator	flatmap	label	runtime	declared
WhateverIterator	map	deep	runtime	declared
WhateverIterator	map	duck	runtime	declared
WhateverIterator	map	flat	runtime	declared
WhateverIterator	map	item	runtime	declared
WhateverIterator	map	label	runtime	declared
WhateverIterator	map	node	runtime	declared
WhateverIterator	max	by	runtime	declared
WhateverIterator	max	k	runtime	declared
WhateverIterator	max	kv	runtime	declared
WhateverIterator	max	p	runtime	declared
WhateverIterator	max	v	runtime	declared
WhateverIterator	min	by	runtime	declared
WhateverIterator	min	k	runtime	declared
WhateverIterator	min	kv	runtime	declared
WhateverIterator	min	p	runtime	declared
WhateverIterator	min	v	runtime	declared
WhateverIterator	minmax	by	runtime	declared
WhateverIterator	repeated	as	runtime	declared
WhateverIterator	repeated	with	runtime	declared
WhateverIterator	rotor	partial	runtime	declared
WhateverIterator	squish	as	runtime	declared
WhateverIterator	squish	with	runtime	declared
WhateverIterator	toggle	off	runtime	declared
WhateverIterator	unique	as	runtime	declared
WhateverIterator	unique	with	runtime	declared
While	batch	elems	runtime	declared
While	categorize	as	runtime	declared
While	categorize	into	runtime	declared
While	classify	as	runtime	declared
While	classify	into	runtime	declared
While	first	end	runtime	declared
While	flatmap	label	runtime	declared
While	map	deep	runtime	declared
While	map	duck	runtime	declared
While	map	flat	runtime	declared
While	map	item	runtime	declared
While	map	label	runtime	declared
While	map	node	runtime	declared
While	max	by	runtime	declared
While	max	k	runtime	declared
While	max	kv	runtime	declared
While	max	p	runtime	declared
While	max	v	runtime	declared
While	min	by	runtime	declared
While	min	k	runtime	declared
While	min	kv	runtime	declared
While	min	p	runtime	declared
While	min	v	runtime	declared
While	minmax	by	runtime	declared
While	repeated	as	runtime	declared
While	repeated	with	runtime	declared
While	rotor	partial	runtime	declared
While	squish	as	runtime	declared
While	squish	with	runtime	declared
While	toggle	off	runtime	declared
While	unique	as	runtime	declared
While	unique	with	runtime	declared
WhileLoop	batch	elems	runtime	declared
WhileLoop	categorize	as	runtime	declared
WhileLoop	categorize	into	runtime	declared
WhileLoop	classify	as	runtime	declared
WhileLoop	classify	into	runtime	declared
WhileLoop	first	end	runtime	declared
WhileLoop	flatmap	label	runtime	declared
WhileLoop	map	deep	runtime	declared
WhileLoop	map	duck	runtime	declared
WhileLoop	map	flat	runtime	declared
WhileLoop	map	item	runtime	declared
WhileLoop	map	label	runtime	declared
WhileLoop	map	node	runtime	declared
WhileLoop	max	by	runtime	declared
WhileLoop	max	k	runtime	declared
WhileLoop	max	kv	runtime	declared
WhileLoop	max	p	runtime	declared
WhileLoop	max	v	runtime	declared
WhileLoop	min	by	runtime	declared
WhileLoop	min	k	runtime	declared
WhileLoop	min	kv	runtime	declared
WhileLoop	min	p	runtime	declared
WhileLoop	min	v	runtime	declared
WhileLoop	minmax	by	runtime	declared
WhileLoop	repeated	as	runtime	declared
WhileLoop	repeated	with	runtime	declared
WhileLoop	rotor	partial	runtime	declared
WhileLoop	squish	as	runtime	declared
WhileLoop	squish	with	runtime	declared
WhileLoop	toggle	off	runtime	declared
WhileLoop	unique	as	runtime	declared
WhileLoop	unique	with	runtime	declared
Words	batch	elems	runtime	declared
Words	categorize	as	runtime	declared
Words	categorize	into	runtime	declared
Words	classify	as	runtime	declared
Words	classify	into	runtime	declared
Words	first	end	runtime	declared
Words	flatmap	label	runtime	declared
Words	map	deep	runtime	declared
Words	map	duck	runtime	declared
Words	map	flat	runtime	declared
Words	map	item	runtime	declared
Words	map	label	runtime	declared
Words	map	node	runtime	declared
Words	max	by	runtime	declared
Words	max	k	runtime	declared
Words	max	kv	runtime	declared
Words	max	p	runtime	declared
Words	max	v	runtime	declared
Words	min	by	runtime	declared
Words	min	k	runtime	declared
Words	min	kv	runtime	declared
Words	min	p	runtime	declared
Words	min	v	runtime	declared
Words	minmax	by	runtime	declared
Words	repeated	as	runtime	declared
Words	repeated	with	runtime	declared
Words	rotor	partial	runtime	declared
Words	squish	as	runtime	declared
Words	squish	with	runtime	declared
Words	toggle	off	runtime	declared
Words	unique	as	runtime	declared
Words	unique	with	runtime	declared
Worker	batch	elems	runtime	declared
Worker	categorize	as	runtime	declared
Worker	categorize	into	runtime	declared
Worker	classify	as	runtime	declared
Worker	classify	into	runtime	declared
Worker	first	end	runtime	declared
Worker	flatmap	label	runtime	declared
Worker	map	deep	runtime	declared
Worker	map	duck	runtime	declared
Worker	map	flat	runtime	declared
Worker	map	item	runtime	declared
Worker	map	label	runtime	declared
Worker	map	node	runtime	declared
Worker	max	by	runtime	declared
Worker	max	k	runtime	declared
Worker	max	kv	runtime	declared
Worker	max	p	runtime	declared
Worker	max	v	runtime	declared
Worker	min	by	runtime	declared
Worker	min	k	runtime	declared
Worker	min	kv	runtime	declared
Worker	min	p	runtime	declared
Worker	min	v	runtime	declared
Worker	minmax	by	runtime	declared
Worker	repeated	as	runtime	declared
Worker	repeated	with	runtime	declared
Worker	rotor	partial	runtime	declared
Worker	squish	as	runtime	declared
Worker	squish	with	runtime	declared
Worker	toggle	off	runtime	declared
Worker	unique	as	runtime	declared
Worker	unique	with	runtime	declared
WrapHandle	batch	elems	runtime	declared
WrapHandle	categorize	as	runtime	declared
WrapHandle	categorize	into	runtime	declared
WrapHandle	classify	as	runtime	declared
WrapHandle	classify	into	runtime	declared
WrapHandle	first	end	runtime	declared
WrapHandle	flatmap	label	runtime	declared
WrapHandle	map	deep	runtime	declared
WrapHandle	map	duck	runtime	declared
WrapHandle	map	flat	runtime	declared
WrapHandle	map	item	runtime	declared
WrapHandle	map	label	runtime	declared
WrapHandle	map	node	runtime	declared
WrapHandle	max	by	runtime	declared
WrapHandle	max	k	runtime	declared
WrapHandle	max	kv	runtime	declared
WrapHandle	max	p	runtime	declared
WrapHandle	max	v	runtime	declared
WrapHandle	min	by	runtime	declared
WrapHandle	min	k	runtime	declared
WrapHandle	min	kv	runtime	declared
WrapHandle	min	p	runtime	declared
WrapHandle	min	v	runtime	declared
WrapHandle	minmax	by	runtime	declared
WrapHandle	repeated	as	runtime	declared
WrapHandle	repeated	with	runtime	declared
WrapHandle	rotor	partial	runtime	declared
WrapHandle	squish	as	runtime	declared
WrapHandle	squish	with	runtime	declared
WrapHandle	toggle	off	runtime	declared
WrapHandle	unique	as	runtime	declared
WrapHandle	unique	with	runtime	declared
Wrapped	batch	elems	runtime	declared
Wrapped	categorize	as	runtime	declared
Wrapped	categorize	into	runtime	declared
Wrapped	classify	as	runtime	declared
Wrapped	classify	into	runtime	declared
Wrapped	first	end	runtime	declared
Wrapped	flatmap	label	runtime	declared
Wrapped	map	deep	runtime	declared
Wrapped	map	duck	runtime	declared
Wrapped	map	flat	runtime	declared
Wrapped	map	item	runtime	declared
Wrapped	map	label	runtime	declared
Wrapped	map	node	runtime	declared
Wrapped	max	by	runtime	declared
Wrapped	max	k	runtime	declared
Wrapped	max	kv	runtime	declared
Wrapped	max	p	runtime	declared
Wrapped	max	v	runtime	declared
Wrapped	min	by	runtime	declared
Wrapped	min	k	runtime	declared
Wrapped	min	kv	runtime	declared
Wrapped	min	p	runtime	declared
Wrapped	min	v	runtime	declared
Wrapped	minmax	by	runtime	declared
Wrapped	repeated	as	runtime	declared
Wrapped	repeated	with	runtime	declared
Wrapped	rotor	partial	runtime	declared
Wrapped	squish	as	runtime	declared
Wrapped	squish	with	runtime	declared
Wrapped	toggle	off	runtime	declared
Wrapped	unique	as	runtime	declared
Wrapped	unique	with	runtime	declared
WrappedJSObject	batch	elems	runtime	declared
WrappedJSObject	categorize	as	runtime	declared
WrappedJSObject	categorize	into	runtime	declared
WrappedJSObject	classify	as	runtime	declared
WrappedJSObject	classify	into	runtime	declared
WrappedJSObject	first	end	runtime	declared
WrappedJSObject	flatmap	label	runtime	declared
WrappedJSObject	map	deep	runtime	declared
WrappedJSObject	map	duck	runtime	declared
WrappedJSObject	map	flat	runtime	declared
WrappedJSObject	map	item	runtime	declared
WrappedJSObject	map	label	runtime	declared
WrappedJSObject	map	node	runtime	declared
WrappedJSObject	max	by	runtime	declared
WrappedJSObject	max	k	runtime	declared
WrappedJSObject	max	kv	runtime	declared
WrappedJSObject	max	p	runtime	declared
WrappedJSObject	max	v	runtime	declared
WrappedJSObject	min	by	runtime	declared
WrappedJSObject	min	k	runtime	declared
WrappedJSObject	min	kv	runtime	declared
WrappedJSObject	min	p	runtime	declared
WrappedJSObject	min	v	runtime	declared
WrappedJSObject	minmax	by	runtime	declared
WrappedJSObject	repeated	as	runtime	declared
WrappedJSObject	repeated	with	runtime	declared
WrappedJSObject	rotor	partial	runtime	declared
WrappedJSObject	squish	as	runtime	declared
WrappedJSObject	squish	with	runtime	declared
WrappedJSObject	toggle	off	runtime	declared
WrappedJSObject	unique	as	runtime	declared
WrappedJSObject	unique	with	runtime	declared
X::Anon::Augment	at-line	filename	runtime	declared
X::Anon::Augment	gist	expect	runtime	declared
X::Anon::Augment	gist	sorry	runtime	declared
X::Anon::Multi	at-line	filename	runtime	declared
X::Anon::Multi	gist	expect	runtime	declared
X::Anon::Multi	gist	sorry	runtime	declared
X::Assignment::RO::Comp	at-line	filename	runtime	declared
X::Assignment::RO::Comp	gist	expect	runtime	declared
X::Assignment::RO::Comp	gist	sorry	runtime	declared
X::Attribute::NoPackage	at-line	filename	runtime	declared
X::Attribute::NoPackage	gist	expect	runtime	declared
X::Attribute::NoPackage	gist	sorry	runtime	declared
X::Attribute::Package	at-line	filename	runtime	declared
X::Attribute::Package	gist	expect	runtime	declared
X::Attribute::Package	gist	sorry	runtime	declared
X::Attribute::Scope::Package	at-line	filename	runtime	declared
X::Attribute::Scope::Package	gist	expect	runtime	declared
X::Attribute::Scope::Package	gist	sorry	runtime	declared
X::Augment::NoSuchType	at-line	filename	runtime	declared
X::Augment::NoSuchType	gist	expect	runtime	declared
X::Augment::NoSuchType	gist	sorry	runtime	declared
X::Backslash::NonVariableDollar	at-line	filename	runtime	declared
X::Backslash::NonVariableDollar	gist	expect	runtime	declared
X::Backslash::NonVariableDollar	gist	sorry	runtime	declared
X::Backslash::UnrecognizedSequence	at-line	filename	runtime	declared
X::Backslash::UnrecognizedSequence	gist	expect	runtime	declared
X::Backslash::UnrecognizedSequence	gist	sorry	runtime	declared
X::Bind::NativeType	at-line	filename	runtime	declared
X::Bind::NativeType	gist	expect	runtime	declared
X::Bind::NativeType	gist	sorry	runtime	declared
X::Comp	at-line	filename	runtime	declared
X::Comp::AdHoc	at-line	filename	runtime	declared
X::Comp::AdHoc	gist	expect	runtime	declared
X::Comp::AdHoc	gist	sorry	runtime	declared
X::Comp::BeginTime	at-line	filename	runtime	declared
X::Comp::BeginTime	gist	expect	runtime	declared
X::Comp::BeginTime	gist	sorry	runtime	declared
X::Comp::FailGoal	at-line	filename	runtime	declared
X::Comp::FailGoal	gist	expect	runtime	declared
X::Comp::FailGoal	gist	sorry	runtime	declared
X::Comp::Group	TWEAK	sorries	runtime	declared
X::Comp::NYI	at-line	filename	runtime	declared
X::Comp::NYI	gist	expect	runtime	declared
X::Comp::NYI	gist	sorry	runtime	declared
X::Comp::Trait::Invalid	at-line	filename	runtime	declared
X::Comp::Trait::Invalid	gist	expect	runtime	declared
X::Comp::Trait::Invalid	gist	sorry	runtime	declared
X::Comp::Trait::NotOnNative	at-line	filename	runtime	declared
X::Comp::Trait::NotOnNative	gist	expect	runtime	declared
X::Comp::Trait::NotOnNative	gist	sorry	runtime	declared
X::Comp::Trait::Scope	at-line	filename	runtime	declared
X::Comp::Trait::Scope	gist	expect	runtime	declared
X::Comp::Trait::Scope	gist	sorry	runtime	declared
X::Comp::Trait::Unknown	at-line	filename	runtime	declared
X::Comp::Trait::Unknown	gist	expect	runtime	declared
X::Comp::Trait::Unknown	gist	sorry	runtime	declared
X::Comp::TypeCheck	at-line	filename	runtime	declared
X::Comp::TypeCheck	gist	expect	runtime	declared
X::Comp::TypeCheck	gist	sorry	runtime	declared
X::Comp::WheneverOutOfScope	at-line	filename	runtime	declared
X::Comp::WheneverOutOfScope	gist	expect	runtime	declared
X::Comp::WheneverOutOfScope	gist	sorry	runtime	declared
X::Composition::NotComposable	at-line	filename	runtime	declared
X::Composition::NotComposable	gist	expect	runtime	declared
X::Composition::NotComposable	gist	sorry	runtime	declared
X::ControlFlow::Return	BUILD	out-of-dynamic-scope	runtime	declared
X::Declaration::OurScopeInRole	at-line	filename	runtime	declared
X::Declaration::OurScopeInRole	gist	expect	runtime	declared
X::Declaration::OurScopeInRole	gist	sorry	runtime	declared
X::Declaration::Scope	at-line	filename	runtime	declared
X::Declaration::Scope	gist	expect	runtime	declared
X::Declaration::Scope	gist	sorry	runtime	declared
X::Dynamic::Package	at-line	filename	runtime	declared
X::Dynamic::Package	gist	expect	runtime	declared
X::Dynamic::Package	gist	sorry	runtime	declared
X::Dynamic::Postdeclaration	at-line	filename	runtime	declared
X::Dynamic::Postdeclaration	gist	expect	runtime	declared
X::Dynamic::Postdeclaration	gist	sorry	runtime	declared
X::EXPORTHOW::Conflict	at-line	filename	runtime	declared
X::EXPORTHOW::Conflict	gist	expect	runtime	declared
X::EXPORTHOW::Conflict	gist	sorry	runtime	declared
X::EXPORTHOW::InvalidDirective	at-line	filename	runtime	declared
X::EXPORTHOW::InvalidDirective	gist	expect	runtime	declared
X::EXPORTHOW::InvalidDirective	gist	sorry	runtime	declared
X::EXPORTHOW::NothingToSupersede	at-line	filename	runtime	declared
X::EXPORTHOW::NothingToSupersede	gist	expect	runtime	declared
X::EXPORTHOW::NothingToSupersede	gist	sorry	runtime	declared
X::Experimental	at-line	filename	runtime	declared
X::Experimental	gist	expect	runtime	declared
X::Experimental	gist	sorry	runtime	declared
X::Export::NameClash	at-line	filename	runtime	declared
X::Export::NameClash	gist	expect	runtime	declared
X::Export::NameClash	gist	sorry	runtime	declared
X::Import::OnlystarProto	at-line	filename	runtime	declared
X::Import::OnlystarProto	gist	expect	runtime	declared
X::Import::OnlystarProto	gist	sorry	runtime	declared
X::Import::Redeclaration	at-line	filename	runtime	declared
X::Import::Redeclaration	gist	expect	runtime	declared
X::Import::Redeclaration	gist	sorry	runtime	declared
X::Inheritance::Unsupported	at-line	filename	runtime	declared
X::Inheritance::Unsupported	gist	expect	runtime	declared
X::Inheritance::Unsupported	gist	sorry	runtime	declared
X::InvalidType	at-line	filename	runtime	declared
X::InvalidType	gist	expect	runtime	declared
X::InvalidType	gist	sorry	runtime	declared
X::InvalidTypeSmiley	at-line	filename	runtime	declared
X::InvalidTypeSmiley	gist	expect	runtime	declared
X::InvalidTypeSmiley	gist	sorry	runtime	declared
X::LibEmpty	at-line	filename	runtime	declared
X::LibEmpty	gist	expect	runtime	declared
X::LibEmpty	gist	sorry	runtime	declared
X::LibNone	at-line	filename	runtime	declared
X::LibNone	gist	expect	runtime	declared
X::LibNone	gist	sorry	runtime	declared
X::Method::Private::Permission	at-line	filename	runtime	declared
X::Method::Private::Permission	gist	expect	runtime	declared
X::Method::Private::Permission	gist	sorry	runtime	declared
X::Method::Private::Unqualified	at-line	filename	runtime	declared
X::Method::Private::Unqualified	gist	expect	runtime	declared
X::Method::Private::Unqualified	gist	sorry	runtime	declared
X::MultipleTypeSmiley	at-line	filename	runtime	declared
X::MultipleTypeSmiley	gist	expect	runtime	declared
X::MultipleTypeSmiley	gist	sorry	runtime	declared
X::Obsolete	at-line	filename	runtime	declared
X::Obsolete	gist	expect	runtime	declared
X::Obsolete	gist	sorry	runtime	declared
X::Package::Stubbed	at-line	filename	runtime	declared
X::Package::Stubbed	gist		runtime	declared
X::Package::Stubbed	gist	expect	runtime	declared
X::Package::Stubbed	gist	sorry	runtime	declared
X::Package::UseLib	at-line	filename	runtime	declared
X::Package::UseLib	gist	expect	runtime	declared
X::Package::UseLib	gist	sorry	runtime	declared
X::Parameter::AfterDefault	at-line	filename	runtime	declared
X::Parameter::AfterDefault	gist	expect	runtime	declared
X::Parameter::AfterDefault	gist	sorry	runtime	declared
X::Parameter::BadType	at-line	filename	runtime	declared
X::Parameter::BadType	gist	expect	runtime	declared
X::Parameter::BadType	gist	sorry	runtime	declared
X::Parameter::Default	at-line	filename	runtime	declared
X::Parameter::Default	gist	expect	runtime	declared
X::Parameter::Default	gist	sorry	runtime	declared
X::Parameter::Default::TypeCheck	at-line	filename	runtime	declared
X::Parameter::Default::TypeCheck	gist	expect	runtime	declared
X::Parameter::Default::TypeCheck	gist	sorry	runtime	declared
X::Parameter::InvalidType	at-line	filename	runtime	declared
X::Parameter::InvalidType	gist	expect	runtime	declared
X::Parameter::InvalidType	gist	sorry	runtime	declared
X::Parameter::MultipleTypeConstraints	at-line	filename	runtime	declared
X::Parameter::MultipleTypeConstraints	gist	expect	runtime	declared
X::Parameter::MultipleTypeConstraints	gist	sorry	runtime	declared
X::Parameter::Named::SubsetTypeWithoutDefault	at-line	filename	runtime	declared
X::Parameter::Named::SubsetTypeWithoutDefault	gist	expect	runtime	declared
X::Parameter::Named::SubsetTypeWithoutDefault	gist	sorry	runtime	declared
X::Parameter::Placeholder	at-line	filename	runtime	declared
X::Parameter::Placeholder	gist	expect	runtime	declared
X::Parameter::Placeholder	gist	sorry	runtime	declared
X::Parameter::Twigil	at-line	filename	runtime	declared
X::Parameter::Twigil	gist	expect	runtime	declared
X::Parameter::Twigil	gist	sorry	runtime	declared
X::Parameter::TypedSlurpy	at-line	filename	runtime	declared
X::Parameter::TypedSlurpy	gist	expect	runtime	declared
X::Parameter::TypedSlurpy	gist	sorry	runtime	declared
X::Parameter::WrongOrder	at-line	filename	runtime	declared
X::Parameter::WrongOrder	gist	expect	runtime	declared
X::Parameter::WrongOrder	gist	sorry	runtime	declared
X::Phaser::Multiple	at-line	filename	runtime	declared
X::Phaser::Multiple	gist	expect	runtime	declared
X::Phaser::Multiple	gist	sorry	runtime	declared
X::PhaserExceptions	new	exceptions	runtime	declared
X::Placeholder::Block	at-line	filename	runtime	declared
X::Placeholder::Block	gist	expect	runtime	declared
X::Placeholder::Block	gist	sorry	runtime	declared
X::Placeholder::NonPlaceholder	at-line	filename	runtime	declared
X::Placeholder::NonPlaceholder	gist	expect	runtime	declared
X::Placeholder::NonPlaceholder	gist	sorry	runtime	declared
X::PoisonedAlias	at-line	filename	runtime	declared
X::PoisonedAlias	gist	expect	runtime	declared
X::PoisonedAlias	gist	sorry	runtime	declared
X::PseudoPackage::InDeclaration	at-line	filename	runtime	declared
X::PseudoPackage::InDeclaration	gist	expect	runtime	declared
X::PseudoPackage::InDeclaration	gist	sorry	runtime	declared
X::QuoteWords::Missing::Closer	at-line	filename	runtime	declared
X::QuoteWords::Missing::Closer	gist	expect	runtime	declared
X::QuoteWords::Missing::Closer	gist	sorry	runtime	declared
X::Redeclaration	at-line	filename	runtime	declared
X::Redeclaration	gist	expect	runtime	declared
X::Redeclaration	gist	sorry	runtime	declared
X::Redeclaration::Multi	at-line	filename	runtime	declared
X::Redeclaration::Multi	gist	expect	runtime	declared
X::Redeclaration::Multi	gist	sorry	runtime	declared
X::Redeclaration::Outer	at-line	filename	runtime	declared
X::Redeclaration::Outer	gist	expect	runtime	declared
X::Redeclaration::Outer	gist	sorry	runtime	declared
X::Signature::NameClash	at-line	filename	runtime	declared
X::Signature::NameClash	gist	expect	runtime	declared
X::Signature::NameClash	gist	sorry	runtime	declared
X::Signature::Placeholder	at-line	filename	runtime	declared
X::Signature::Placeholder	gist	expect	runtime	declared
X::Signature::Placeholder	gist	sorry	runtime	declared
X::Syntax::AddCategorical::TooFewParts	at-line	filename	runtime	declared
X::Syntax::AddCategorical::TooFewParts	gist	expect	runtime	declared
X::Syntax::AddCategorical::TooFewParts	gist	sorry	runtime	declared
X::Syntax::AddCategorical::TooManyParts	at-line	filename	runtime	declared
X::Syntax::AddCategorical::TooManyParts	gist	expect	runtime	declared
X::Syntax::AddCategorical::TooManyParts	gist	sorry	runtime	declared
X::Syntax::Adverb	at-line	filename	runtime	declared
X::Syntax::Adverb	gist	expect	runtime	declared
X::Syntax::Adverb	gist	sorry	runtime	declared
X::Syntax::AmbiguousAdverb	at-line	filename	runtime	declared
X::Syntax::AmbiguousAdverb	gist	expect	runtime	declared
X::Syntax::AmbiguousAdverb	gist	sorry	runtime	declared
X::Syntax::Argument::MOPMacro	at-line	filename	runtime	declared
X::Syntax::Argument::MOPMacro	gist	expect	runtime	declared
X::Syntax::Argument::MOPMacro	gist	sorry	runtime	declared
X::Syntax::Augment::Adverb	at-line	filename	runtime	declared
X::Syntax::Augment::Adverb	gist	expect	runtime	declared
X::Syntax::Augment::Adverb	gist	sorry	runtime	declared
X::Syntax::Augment::Illegal	at-line	filename	runtime	declared
X::Syntax::Augment::Illegal	gist	expect	runtime	declared
X::Syntax::Augment::Illegal	gist	sorry	runtime	declared
X::Syntax::Augment::WithoutMonkeyTyping	at-line	filename	runtime	declared
X::Syntax::Augment::WithoutMonkeyTyping	gist	expect	runtime	declared
X::Syntax::Augment::WithoutMonkeyTyping	gist	sorry	runtime	declared
X::Syntax::BlockGobbled	at-line	filename	runtime	declared
X::Syntax::BlockGobbled	gist	expect	runtime	declared
X::Syntax::BlockGobbled	gist	sorry	runtime	declared
X::Syntax::CannotMeta	at-line	filename	runtime	declared
X::Syntax::CannotMeta	gist	expect	runtime	declared
X::Syntax::CannotMeta	gist	sorry	runtime	declared
X::Syntax::Coercer::TooComplex	at-line	filename	runtime	declared
X::Syntax::Coercer::TooComplex	gist	expect	runtime	declared
X::Syntax::Coercer::TooComplex	gist	sorry	runtime	declared
X::Syntax::Comment::Embedded	at-line	filename	runtime	declared
X::Syntax::Comment::Embedded	gist	expect	runtime	declared
X::Syntax::Comment::Embedded	gist	sorry	runtime	declared
X::Syntax::ConditionalOperator::PrecedenceTooLoose	at-line	filename	runtime	declared
X::Syntax::ConditionalOperator::PrecedenceTooLoose	gist	expect	runtime	declared
X::Syntax::ConditionalOperator::PrecedenceTooLoose	gist	sorry	runtime	declared
X::Syntax::ConditionalOperator::SecondPartGobbled	at-line	filename	runtime	declared
X::Syntax::ConditionalOperator::SecondPartGobbled	gist	expect	runtime	declared
X::Syntax::ConditionalOperator::SecondPartGobbled	gist	sorry	runtime	declared
X::Syntax::ConditionalOperator::SecondPartInvalid	at-line	filename	runtime	declared
X::Syntax::ConditionalOperator::SecondPartInvalid	gist	expect	runtime	declared
X::Syntax::ConditionalOperator::SecondPartInvalid	gist	sorry	runtime	declared
X::Syntax::Confused	at-line	filename	runtime	declared
X::Syntax::Confused	gist	expect	runtime	declared
X::Syntax::Confused	gist	sorry	runtime	declared
X::Syntax::Doc::Declarator::MissingDeclarand	at-line	filename	runtime	declared
X::Syntax::Doc::Declarator::MissingDeclarand	gist	expect	runtime	declared
X::Syntax::Doc::Declarator::MissingDeclarand	gist	sorry	runtime	declared
X::Syntax::DuplicatedPrefix	at-line	filename	runtime	declared
X::Syntax::DuplicatedPrefix	gist	expect	runtime	declared
X::Syntax::DuplicatedPrefix	gist	sorry	runtime	declared
X::Syntax::Extension::Category	at-line	filename	runtime	declared
X::Syntax::Extension::Category	gist	expect	runtime	declared
X::Syntax::Extension::Category	gist	sorry	runtime	declared
X::Syntax::Extension::Null	at-line	filename	runtime	declared
X::Syntax::Extension::Null	gist	expect	runtime	declared
X::Syntax::Extension::Null	gist	sorry	runtime	declared
X::Syntax::Extension::SpecialForm	at-line	filename	runtime	declared
X::Syntax::Extension::SpecialForm	gist	expect	runtime	declared
X::Syntax::Extension::SpecialForm	gist	sorry	runtime	declared
X::Syntax::Extension::TooComplex	at-line	filename	runtime	declared
X::Syntax::Extension::TooComplex	gist	expect	runtime	declared
X::Syntax::Extension::TooComplex	gist	sorry	runtime	declared
X::Syntax::InfixInTermPosition	at-line	filename	runtime	declared
X::Syntax::InfixInTermPosition	gist	expect	runtime	declared
X::Syntax::InfixInTermPosition	gist	sorry	runtime	declared
X::Syntax::KeywordAsFunction	at-line	filename	runtime	declared
X::Syntax::KeywordAsFunction	gist	expect	runtime	declared
X::Syntax::KeywordAsFunction	gist	sorry	runtime	declared
X::Syntax::Malformed	at-line	filename	runtime	declared
X::Syntax::Malformed	gist	expect	runtime	declared
X::Syntax::Malformed	gist	sorry	runtime	declared
X::Syntax::Malformed::Elsif	at-line	filename	runtime	declared
X::Syntax::Malformed::Elsif	gist	expect	runtime	declared
X::Syntax::Malformed::Elsif	gist	sorry	runtime	declared
X::Syntax::Missing	at-line	filename	runtime	declared
X::Syntax::Missing	gist	expect	runtime	declared
X::Syntax::Missing	gist	sorry	runtime	declared
X::Syntax::Name::Null	at-line	filename	runtime	declared
X::Syntax::Name::Null	gist	expect	runtime	declared
X::Syntax::Name::Null	gist	sorry	runtime	declared
X::Syntax::NegatedPair	at-line	filename	runtime	declared
X::Syntax::NegatedPair	gist	expect	runtime	declared
X::Syntax::NegatedPair	gist	sorry	runtime	declared
X::Syntax::NoSelf	at-line	filename	runtime	declared
X::Syntax::NoSelf	gist	expect	runtime	declared
X::Syntax::NoSelf	gist	sorry	runtime	declared
X::Syntax::NonAssociative	at-line	filename	runtime	declared
X::Syntax::NonAssociative	gist	expect	runtime	declared
X::Syntax::NonAssociative	gist	sorry	runtime	declared
X::Syntax::Number::IllegalDecimal	at-line	filename	runtime	declared
X::Syntax::Number::IllegalDecimal	gist	expect	runtime	declared
X::Syntax::Number::IllegalDecimal	gist	sorry	runtime	declared
X::Syntax::Number::LiteralType	at-line	filename	runtime	declared
X::Syntax::Number::LiteralType	gist	expect	runtime	declared
X::Syntax::Number::LiteralType	gist	sorry	runtime	declared
X::Syntax::Number::RadixOutOfRange	at-line	filename	runtime	declared
X::Syntax::Number::RadixOutOfRange	gist	expect	runtime	declared
X::Syntax::Number::RadixOutOfRange	gist	sorry	runtime	declared
X::Syntax::P5	at-line	filename	runtime	declared
X::Syntax::P5	gist	expect	runtime	declared
X::Syntax::P5	gist	sorry	runtime	declared
X::Syntax::ParentAsHash	at-line	filename	runtime	declared
X::Syntax::ParentAsHash	gist	expect	runtime	declared
X::Syntax::ParentAsHash	gist	sorry	runtime	declared
X::Syntax::Perl5Var	at-line	filename	runtime	declared
X::Syntax::Perl5Var	gist	expect	runtime	declared
X::Syntax::Perl5Var	gist	sorry	runtime	declared
X::Syntax::Pod::BeginWithDirective	at-line	filename	runtime	declared
X::Syntax::Pod::BeginWithDirective	gist	expect	runtime	declared
X::Syntax::Pod::BeginWithDirective	gist	sorry	runtime	declared
X::Syntax::Pod::BeginWithoutEnd	at-line	filename	runtime	declared
X::Syntax::Pod::BeginWithoutEnd	gist	expect	runtime	declared
X::Syntax::Pod::BeginWithoutEnd	gist	sorry	runtime	declared
X::Syntax::Pod::BeginWithoutIdentifier	at-line	filename	runtime	declared
X::Syntax::Pod::BeginWithoutIdentifier	gist	expect	runtime	declared
X::Syntax::Pod::BeginWithoutIdentifier	gist	sorry	runtime	declared
X::Syntax::Pod::DeclaratorLeading	at-line	filename	runtime	declared
X::Syntax::Pod::DeclaratorLeading	gist	expect	runtime	declared
X::Syntax::Pod::DeclaratorLeading	gist	sorry	runtime	declared
X::Syntax::Pod::DeclaratorTrailing	at-line	filename	runtime	declared
X::Syntax::Pod::DeclaratorTrailing	gist	expect	runtime	declared
X::Syntax::Pod::DeclaratorTrailing	gist	sorry	runtime	declared
X::Syntax::Regex::Adverb	at-line	filename	runtime	declared
X::Syntax::Regex::Adverb	gist	expect	runtime	declared
X::Syntax::Regex::Adverb	gist	sorry	runtime	declared
X::Syntax::Regex::Alias::LongName	at-line	filename	runtime	declared
X::Syntax::Regex::Alias::LongName	gist	expect	runtime	declared
X::Syntax::Regex::Alias::LongName	gist	sorry	runtime	declared
X::Syntax::Regex::InsignificantWhitespace	at-line	filename	runtime	declared
X::Syntax::Regex::InsignificantWhitespace	gist	expect	runtime	declared
X::Syntax::Regex::InsignificantWhitespace	gist	sorry	runtime	declared
X::Syntax::Regex::MalformedRange	at-line	filename	runtime	declared
X::Syntax::Regex::MalformedRange	gist	expect	runtime	declared
X::Syntax::Regex::MalformedRange	gist	sorry	runtime	declared
X::Syntax::Regex::NonQuantifiable	at-line	filename	runtime	declared
X::Syntax::Regex::NonQuantifiable	gist	expect	runtime	declared
X::Syntax::Regex::NonQuantifiable	gist	sorry	runtime	declared
X::Syntax::Regex::NullRegex	at-line	filename	runtime	declared
X::Syntax::Regex::NullRegex	gist	expect	runtime	declared
X::Syntax::Regex::NullRegex	gist	sorry	runtime	declared
X::Syntax::Regex::QuantifierValue	at-line	filename	runtime	declared
X::Syntax::Regex::QuantifierValue	gist	expect	runtime	declared
X::Syntax::Regex::QuantifierValue	gist	sorry	runtime	declared
X::Syntax::Regex::SolitaryBacktrackControl	at-line	filename	runtime	declared
X::Syntax::Regex::SolitaryBacktrackControl	gist	expect	runtime	declared
X::Syntax::Regex::SolitaryBacktrackControl	gist	sorry	runtime	declared
X::Syntax::Regex::SolitaryQuantifier	at-line	filename	runtime	declared
X::Syntax::Regex::SolitaryQuantifier	gist	expect	runtime	declared
X::Syntax::Regex::SolitaryQuantifier	gist	sorry	runtime	declared
X::Syntax::Regex::SpacesInBareRange	at-line	filename	runtime	declared
X::Syntax::Regex::SpacesInBareRange	gist	expect	runtime	declared
X::Syntax::Regex::SpacesInBareRange	gist	sorry	runtime	declared
X::Syntax::Regex::UnrecognizedMetachar	at-line	filename	runtime	declared
X::Syntax::Regex::UnrecognizedMetachar	gist	expect	runtime	declared
X::Syntax::Regex::UnrecognizedMetachar	gist	sorry	runtime	declared
X::Syntax::Regex::UnrecognizedModifier	at-line	filename	runtime	declared
X::Syntax::Regex::UnrecognizedModifier	gist	expect	runtime	declared
X::Syntax::Regex::UnrecognizedModifier	gist	sorry	runtime	declared
X::Syntax::Regex::Unspace	at-line	filename	runtime	declared
X::Syntax::Regex::Unspace	gist	expect	runtime	declared
X::Syntax::Regex::Unspace	gist	sorry	runtime	declared
X::Syntax::Regex::Unterminated	at-line	filename	runtime	declared
X::Syntax::Regex::Unterminated	gist	expect	runtime	declared
X::Syntax::Regex::Unterminated	gist	sorry	runtime	declared
X::Syntax::Reserved	at-line	filename	runtime	declared
X::Syntax::Reserved	gist	expect	runtime	declared
X::Syntax::Reserved	gist	sorry	runtime	declared
X::Syntax::Self::WithoutObject	at-line	filename	runtime	declared
X::Syntax::Self::WithoutObject	gist	expect	runtime	declared
X::Syntax::Self::WithoutObject	gist	sorry	runtime	declared
X::Syntax::Signature::InvocantMarker	at-line	filename	runtime	declared
X::Syntax::Signature::InvocantMarker	gist	expect	runtime	declared
X::Syntax::Signature::InvocantMarker	gist	sorry	runtime	declared
X::Syntax::Signature::InvocantNotAllowed	at-line	filename	runtime	declared
X::Syntax::Signature::InvocantNotAllowed	gist	expect	runtime	declared
X::Syntax::Signature::InvocantNotAllowed	gist	sorry	runtime	declared
X::Syntax::Term::MissingInitializer	at-line	filename	runtime	declared
X::Syntax::Term::MissingInitializer	gist	expect	runtime	declared
X::Syntax::Term::MissingInitializer	gist	sorry	runtime	declared
X::Syntax::Type::Adverb	at-line	filename	runtime	declared
X::Syntax::Type::Adverb	gist	expect	runtime	declared
X::Syntax::Type::Adverb	gist	sorry	runtime	declared
X::Syntax::UnlessElse	at-line	filename	runtime	declared
X::Syntax::UnlessElse	gist	expect	runtime	declared
X::Syntax::UnlessElse	gist	sorry	runtime	declared
X::Syntax::Variable::BadType	at-line	filename	runtime	declared
X::Syntax::Variable::BadType	gist	expect	runtime	declared
X::Syntax::Variable::BadType	gist	sorry	runtime	declared
X::Syntax::Variable::ConflictingTypes	at-line	filename	runtime	declared
X::Syntax::Variable::ConflictingTypes	gist	expect	runtime	declared
X::Syntax::Variable::ConflictingTypes	gist	sorry	runtime	declared
X::Syntax::Variable::IndirectDeclaration	at-line	filename	runtime	declared
X::Syntax::Variable::IndirectDeclaration	gist	expect	runtime	declared
X::Syntax::Variable::IndirectDeclaration	gist	sorry	runtime	declared
X::Syntax::Variable::Initializer	at-line	filename	runtime	declared
X::Syntax::Variable::Initializer	gist	expect	runtime	declared
X::Syntax::Variable::Initializer	gist	sorry	runtime	declared
X::Syntax::Variable::Match	at-line	filename	runtime	declared
X::Syntax::Variable::Match	gist	expect	runtime	declared
X::Syntax::Variable::Match	gist	sorry	runtime	declared
X::Syntax::Variable::MissingInitializer	at-line	filename	runtime	declared
X::Syntax::Variable::MissingInitializer	gist	expect	runtime	declared
X::Syntax::Variable::MissingInitializer	gist	sorry	runtime	declared
X::Syntax::Variable::Numeric	at-line	filename	runtime	declared
X::Syntax::Variable::Numeric	gist	expect	runtime	declared
X::Syntax::Variable::Numeric	gist	sorry	runtime	declared
X::Syntax::Variable::SignatureAssignment	at-line	filename	runtime	declared
X::Syntax::Variable::SignatureAssignment	gist	expect	runtime	declared
X::Syntax::Variable::SignatureAssignment	gist	sorry	runtime	declared
X::Syntax::Variable::SignatureWithoutInitializer	at-line	filename	runtime	declared
X::Syntax::Variable::SignatureWithoutInitializer	gist	expect	runtime	declared
X::Syntax::Variable::SignatureWithoutInitializer	gist	sorry	runtime	declared
X::Syntax::Variable::Twigil	at-line	filename	runtime	declared
X::Syntax::Variable::Twigil	gist	expect	runtime	declared
X::Syntax::Variable::Twigil	gist	sorry	runtime	declared
X::Syntax::VirtualCall	at-line	filename	runtime	declared
X::Syntax::VirtualCall	gist	expect	runtime	declared
X::Syntax::VirtualCall	gist	sorry	runtime	declared
X::Syntax::WithoutElse	at-line	filename	runtime	declared
X::Syntax::WithoutElse	gist	expect	runtime	declared
X::Syntax::WithoutElse	gist	sorry	runtime	declared
X::TypeCheck::Attribute::Default	at-line	filename	runtime	declared
X::TypeCheck::Attribute::Default	gist	expect	runtime	declared
X::TypeCheck::Attribute::Default	gist	sorry	runtime	declared
X::TypeCheck::Splice	at-line	filename	runtime	declared
X::TypeCheck::Splice	gist	expect	runtime	declared
X::TypeCheck::Splice	gist	sorry	runtime	declared
X::Undeclared	at-line	filename	runtime	declared
X::Undeclared	gist	expect	runtime	declared
X::Undeclared	gist	sorry	runtime	declared
X::Undeclared::Symbols	at-line	filename	runtime	declared
X::Undeclared::Symbols	gist	expect	runtime	declared
X::Undeclared::Symbols	gist	sorry	runtime	declared
X::UnitScope::Invalid	at-line	filename	runtime	declared
X::UnitScope::Invalid	gist	expect	runtime	declared
X::UnitScope::Invalid	gist	sorry	runtime	declared
X::UnitScope::TooLate	at-line	filename	runtime	declared
X::UnitScope::TooLate	gist	expect	runtime	declared
X::UnitScope::TooLate	gist	sorry	runtime	declared
X::Useless::Declaration	at-line	filename	runtime	declared
X::Useless::Declaration	gist	expect	runtime	declared
X::Useless::Declaration	gist	sorry	runtime	declared
X::Value::Dynamic	at-line	filename	runtime	declared
X::Value::Dynamic	gist	expect	runtime	declared
X::Value::Dynamic	gist	sorry	runtime	declared
ZipIterables	batch	elems	runtime	declared
ZipIterables	categorize	as	runtime	declared
ZipIterables	categorize	into	runtime	declared
ZipIterables	classify	as	runtime	declared
ZipIterables	classify	into	runtime	declared
ZipIterables	first	end	runtime	declared
ZipIterables	flatmap	label	runtime	declared
ZipIterables	map	deep	runtime	declared
ZipIterables	map	duck	runtime	declared
ZipIterables	map	flat	runtime	declared
ZipIterables	map	item	runtime	declared
ZipIterables	map	label	runtime	declared
ZipIterables	map	node	runtime	declared
ZipIterables	max	by	runtime	declared
ZipIterables	max	k	runtime	declared
ZipIterables	max	kv	runtime	declared
ZipIterables	max	p	runtime	declared
ZipIterables	max	v	runtime	declared
ZipIterables	min	by	runtime	declared
ZipIterables	min	k	runtime	declared
ZipIterables	min	kv	runtime	declared
ZipIterables	min	p	runtime	declared
ZipIterables	min	v	runtime	declared
ZipIterables	minmax	by	runtime	declared
ZipIterables	repeated	as	runtime	declared
ZipIterables	repeated	with	runtime	declared
ZipIterables	rotor	partial	runtime	declared
ZipIterables	squish	as	runtime	declared
ZipIterables	squish	with	runtime	declared
ZipIterables	toggle	off	runtime	declared
ZipIterables	unique	as	runtime	declared
ZipIterables	unique	with	runtime	declared
ZipIterablesMap	batch	elems	runtime	declared
ZipIterablesMap	categorize	as	runtime	declared
ZipIterablesMap	categorize	into	runtime	declared
ZipIterablesMap	classify	as	runtime	declared
ZipIterablesMap	classify	into	runtime	declared
ZipIterablesMap	first	end	runtime	declared
ZipIterablesMap	flatmap	label	runtime	declared
ZipIterablesMap	map	deep	runtime	declared
ZipIterablesMap	map	duck	runtime	declared
ZipIterablesMap	map	flat	runtime	declared
ZipIterablesMap	map	item	runtime	declared
ZipIterablesMap	map	label	runtime	declared
ZipIterablesMap	map	node	runtime	declared
ZipIterablesMap	max	by	runtime	declared
ZipIterablesMap	max	k	runtime	declared
ZipIterablesMap	max	kv	runtime	declared
ZipIterablesMap	max	p	runtime	declared
ZipIterablesMap	max	v	runtime	declared
ZipIterablesMap	min	by	runtime	declared
ZipIterablesMap	min	k	runtime	declared
ZipIterablesMap	min	kv	runtime	declared
ZipIterablesMap	min	p	runtime	declared
ZipIterablesMap	min	v	runtime	declared
ZipIterablesMap	minmax	by	runtime	declared
ZipIterablesMap	repeated	as	runtime	declared
ZipIterablesMap	repeated	with	runtime	declared
ZipIterablesMap	rotor	partial	runtime	declared
ZipIterablesMap	squish	as	runtime	declared
ZipIterablesMap	squish	with	runtime	declared
ZipIterablesMap	toggle	off	runtime	declared
ZipIterablesMap	unique	as	runtime	declared
ZipIterablesMap	unique	with	runtime	declared
array	hyper	batch	runtime	declared
array	hyper	degree	runtime	declared
array	new	shape	runtime	declared
array	race	batch	runtime	declared
array	race	degree	runtime	declared
intarray	batch	elems	runtime	declared
intarray	categorize	as	runtime	declared
intarray	categorize	into	runtime	declared
intarray	classify	as	runtime	declared
intarray	classify	into	runtime	declared
intarray	first	end	runtime	declared
intarray	flatmap	label	runtime	declared
intarray	map	deep	runtime	declared
intarray	map	duck	runtime	declared
intarray	map	flat	runtime	declared
intarray	map	item	runtime	declared
intarray	map	label	runtime	declared
intarray	map	node	runtime	declared
intarray	max	by	runtime	declared
intarray	max	k	runtime	declared
intarray	max	kv	runtime	declared
intarray	max	p	runtime	declared
intarray	max	v	runtime	declared
intarray	min	by	runtime	declared
intarray	min	k	runtime	declared
intarray	min	kv	runtime	declared
intarray	min	p	runtime	declared
intarray	min	v	runtime	declared
intarray	minmax	by	runtime	declared
intarray	repeated	as	runtime	declared
intarray	repeated	with	runtime	declared
intarray	rotor	partial	runtime	declared
intarray	squish	as	runtime	declared
intarray	squish	with	runtime	declared
intarray	toggle	off	runtime	declared
intarray	unique	as	runtime	declared
intarray	unique	with	runtime	declared
is	batch	elems	runtime	declared
is	categorize	as	runtime	declared
is	categorize	into	runtime	declared
is	classify	as	runtime	declared
is	classify	into	runtime	declared
is	first	end	runtime	declared
is	flatmap	label	runtime	declared
is	map	deep	runtime	declared
is	map	duck	runtime	declared
is	map	flat	runtime	declared
is	map	item	runtime	declared
is	map	label	runtime	declared
is	map	node	runtime	declared
is	max	by	runtime	declared
is	max	k	runtime	declared
is	max	kv	runtime	declared
is	max	p	runtime	declared
is	max	v	runtime	declared
is	min	by	runtime	declared
is	min	k	runtime	declared
is	min	kv	runtime	declared
is	min	p	runtime	declared
is	min	v	runtime	declared
is	minmax	by	runtime	declared
is	repeated	as	runtime	declared
is	repeated	with	runtime	declared
is	rotor	partial	runtime	declared
is	squish	as	runtime	declared
is	squish	with	runtime	declared
is	toggle	off	runtime	declared
is	unique	as	runtime	declared
is	unique	with	runtime	declared
native_i	batch	elems	runtime	declared
native_i	categorize	as	runtime	declared
native_i	categorize	into	runtime	declared
native_i	classify	as	runtime	declared
native_i	classify	into	runtime	declared
native_i	first	end	runtime	declared
native_i	flatmap	label	runtime	declared
native_i	map	deep	runtime	declared
native_i	map	duck	runtime	declared
native_i	map	flat	runtime	declared
native_i	map	item	runtime	declared
native_i	map	label	runtime	declared
native_i	map	node	runtime	declared
native_i	max	by	runtime	declared
native_i	max	k	runtime	declared
native_i	max	kv	runtime	declared
native_i	max	p	runtime	declared
native_i	max	v	runtime	declared
native_i	min	by	runtime	declared
native_i	min	k	runtime	declared
native_i	min	kv	runtime	declared
native_i	min	p	runtime	declared
native_i	min	v	runtime	declared
native_i	minmax	by	runtime	declared
native_i	repeated	as	runtime	declared
native_i	repeated	with	runtime	declared
native_i	rotor	partial	runtime	declared
native_i	squish	as	runtime	declared
native_i	squish	with	runtime	declared
native_i	toggle	off	runtime	declared
native_i	unique	as	runtime	declared
native_i	unique	with	runtime	declared
native_n	batch	elems	runtime	declared
native_n	categorize	as	runtime	declared
native_n	categorize	into	runtime	declared
native_n	classify	as	runtime	declared
native_n	classify	into	runtime	declared
native_n	first	end	runtime	declared
native_n	flatmap	label	runtime	declared
native_n	map	deep	runtime	declared
native_n	map	duck	runtime	declared
native_n	map	flat	runtime	declared
native_n	map	item	runtime	declared
native_n	map	label	runtime	declared
native_n	map	node	runtime	declared
native_n	max	by	runtime	declared
native_n	max	k	runtime	declared
native_n	max	kv	runtime	declared
native_n	max	p	runtime	declared
native_n	max	v	runtime	declared
native_n	min	by	runtime	declared
native_n	min	k	runtime	declared
native_n	min	kv	runtime	declared
native_n	min	p	runtime	declared
native_n	min	v	runtime	declared
native_n	minmax	by	runtime	declared
native_n	repeated	as	runtime	declared
native_n	repeated	with	runtime	declared
native_n	rotor	partial	runtime	declared
native_n	squish	as	runtime	declared
native_n	squish	with	runtime	declared
native_n	toggle	off	runtime	declared
native_n	unique	as	runtime	declared
native_n	unique	with	runtime	declared
native_s	batch	elems	runtime	declared
native_s	categorize	as	runtime	declared
native_s	categorize	into	runtime	declared
native_s	classify	as	runtime	declared
native_s	classify	into	runtime	declared
native_s	first	end	runtime	declared
native_s	flatmap	label	runtime	declared
native_s	map	deep	runtime	declared
native_s	map	duck	runtime	declared
native_s	map	flat	runtime	declared
native_s	map	item	runtime	declared
native_s	map	label	runtime	declared
native_s	map	node	runtime	declared
native_s	max	by	runtime	declared
native_s	max	k	runtime	declared
native_s	max	kv	runtime	declared
native_s	max	p	runtime	declared
native_s	max	v	runtime	declared
native_s	min	by	runtime	declared
native_s	min	k	runtime	declared
native_s	min	kv	runtime	declared
native_s	min	p	runtime	declared
native_s	min	v	runtime	declared
native_s	minmax	by	runtime	declared
native_s	repeated	as	runtime	declared
native_s	repeated	with	runtime	declared
native_s	rotor	partial	runtime	declared
native_s	squish	as	runtime	declared
native_s	squish	with	runtime	declared
native_s	toggle	off	runtime	declared
native_s	unique	as	runtime	declared
native_s	unique	with	runtime	declared
native_u	batch	elems	runtime	declared
native_u	categorize	as	runtime	declared
native_u	categorize	into	runtime	declared
native_u	classify	as	runtime	declared
native_u	classify	into	runtime	declared
native_u	first	end	runtime	declared
native_u	flatmap	label	runtime	declared
native_u	map	deep	runtime	declared
native_u	map	duck	runtime	declared
native_u	map	flat	runtime	declared
native_u	map	item	runtime	declared
native_u	map	label	runtime	declared
native_u	map	node	runtime	declared
native_u	max	by	runtime	declared
native_u	max	k	runtime	declared
native_u	max	kv	runtime	declared
native_u	max	p	runtime	declared
native_u	max	v	runtime	declared
native_u	min	by	runtime	declared
native_u	min	k	runtime	declared
native_u	min	kv	runtime	declared
native_u	min	p	runtime	declared
native_u	min	v	runtime	declared
native_u	minmax	by	runtime	declared
native_u	repeated	as	runtime	declared
native_u	repeated	with	runtime	declared
native_u	rotor	partial	runtime	declared
native_u	squish	as	runtime	declared
native_u	squish	with	runtime	declared
native_u	toggle	off	runtime	declared
native_u	unique	as	runtime	declared
native_u	unique	with	runtime	declared
no	batch	elems	runtime	declared
no	categorize	as	runtime	declared
no	categorize	into	runtime	declared
no	classify	as	runtime	declared
no	classify	into	runtime	declared
no	first	end	runtime	declared
no	flatmap	label	runtime	declared
no	map	deep	runtime	declared
no	map	duck	runtime	declared
no	map	flat	runtime	declared
no	map	item	runtime	declared
no	map	label	runtime	declared
no	map	node	runtime	declared
no	max	by	runtime	declared
no	max	k	runtime	declared
no	max	kv	runtime	declared
no	max	p	runtime	declared
no	max	v	runtime	declared
no	min	by	runtime	declared
no	min	k	runtime	declared
no	min	kv	runtime	declared
no	min	p	runtime	declared
no	min	v	runtime	declared
no	minmax	by	runtime	declared
no	repeated	as	runtime	declared
no	repeated	with	runtime	declared
no	rotor	partial	runtime	declared
no	squish	as	runtime	declared
no	squish	with	runtime	declared
no	toggle	off	runtime	declared
no	unique	as	runtime	declared
no	unique	with	runtime	declared
numarray	batch	elems	runtime	declared
numarray	categorize	as	runtime	declared
numarray	categorize	into	runtime	declared
numarray	classify	as	runtime	declared
numarray	classify	into	runtime	declared
numarray	first	end	runtime	declared
numarray	flatmap	label	runtime	declared
numarray	map	deep	runtime	declared
numarray	map	duck	runtime	declared
numarray	map	flat	runtime	declared
numarray	map	item	runtime	declared
numarray	map	label	runtime	declared
numarray	map	node	runtime	declared
numarray	max	by	runtime	declared
numarray	max	k	runtime	declared
numarray	max	kv	runtime	declared
numarray	max	p	runtime	declared
numarray	max	v	runtime	declared
numarray	min	by	runtime	declared
numarray	min	k	runtime	declared
numarray	min	kv	runtime	declared
numarray	min	p	runtime	declared
numarray	min	v	runtime	declared
numarray	minmax	by	runtime	declared
numarray	repeated	as	runtime	declared
numarray	repeated	with	runtime	declared
numarray	rotor	partial	runtime	declared
numarray	squish	as	runtime	declared
numarray	squish	with	runtime	declared
numarray	toggle	off	runtime	declared
numarray	unique	as	runtime	declared
numarray	unique	with	runtime	declared
shaped1intarray	batch	elems	runtime	declared
shaped1intarray	categorize	as	runtime	declared
shaped1intarray	categorize	into	runtime	declared
shaped1intarray	classify	as	runtime	declared
shaped1intarray	classify	into	runtime	declared
shaped1intarray	first	end	runtime	declared
shaped1intarray	flatmap	label	runtime	declared
shaped1intarray	map	deep	runtime	declared
shaped1intarray	map	duck	runtime	declared
shaped1intarray	map	flat	runtime	declared
shaped1intarray	map	item	runtime	declared
shaped1intarray	map	label	runtime	declared
shaped1intarray	map	node	runtime	declared
shaped1intarray	max	by	runtime	declared
shaped1intarray	max	k	runtime	declared
shaped1intarray	max	kv	runtime	declared
shaped1intarray	max	p	runtime	declared
shaped1intarray	max	v	runtime	declared
shaped1intarray	min	by	runtime	declared
shaped1intarray	min	k	runtime	declared
shaped1intarray	min	kv	runtime	declared
shaped1intarray	min	p	runtime	declared
shaped1intarray	min	v	runtime	declared
shaped1intarray	minmax	by	runtime	declared
shaped1intarray	repeated	as	runtime	declared
shaped1intarray	repeated	with	runtime	declared
shaped1intarray	rotor	partial	runtime	declared
shaped1intarray	squish	as	runtime	declared
shaped1intarray	squish	with	runtime	declared
shaped1intarray	toggle	off	runtime	declared
shaped1intarray	unique	as	runtime	declared
shaped1intarray	unique	with	runtime	declared
shaped1numarray	batch	elems	runtime	declared
shaped1numarray	categorize	as	runtime	declared
shaped1numarray	categorize	into	runtime	declared
shaped1numarray	classify	as	runtime	declared
shaped1numarray	classify	into	runtime	declared
shaped1numarray	first	end	runtime	declared
shaped1numarray	flatmap	label	runtime	declared
shaped1numarray	map	deep	runtime	declared
shaped1numarray	map	duck	runtime	declared
shaped1numarray	map	flat	runtime	declared
shaped1numarray	map	item	runtime	declared
shaped1numarray	map	label	runtime	declared
shaped1numarray	map	node	runtime	declared
shaped1numarray	max	by	runtime	declared
shaped1numarray	max	k	runtime	declared
shaped1numarray	max	kv	runtime	declared
shaped1numarray	max	p	runtime	declared
shaped1numarray	max	v	runtime	declared
shaped1numarray	min	by	runtime	declared
shaped1numarray	min	k	runtime	declared
shaped1numarray	min	kv	runtime	declared
shaped1numarray	min	p	runtime	declared
shaped1numarray	min	v	runtime	declared
shaped1numarray	minmax	by	runtime	declared
shaped1numarray	repeated	as	runtime	declared
shaped1numarray	repeated	with	runtime	declared
shaped1numarray	rotor	partial	runtime	declared
shaped1numarray	squish	as	runtime	declared
shaped1numarray	squish	with	runtime	declared
shaped1numarray	toggle	off	runtime	declared
shaped1numarray	unique	as	runtime	declared
shaped1numarray	unique	with	runtime	declared
shaped1strarray	batch	elems	runtime	declared
shaped1strarray	categorize	as	runtime	declared
shaped1strarray	categorize	into	runtime	declared
shaped1strarray	classify	as	runtime	declared
shaped1strarray	classify	into	runtime	declared
shaped1strarray	first	end	runtime	declared
shaped1strarray	flatmap	label	runtime	declared
shaped1strarray	map	deep	runtime	declared
shaped1strarray	map	duck	runtime	declared
shaped1strarray	map	flat	runtime	declared
shaped1strarray	map	item	runtime	declared
shaped1strarray	map	label	runtime	declared
shaped1strarray	map	node	runtime	declared
shaped1strarray	max	by	runtime	declared
shaped1strarray	max	k	runtime	declared
shaped1strarray	max	kv	runtime	declared
shaped1strarray	max	p	runtime	declared
shaped1strarray	max	v	runtime	declared
shaped1strarray	min	by	runtime	declared
shaped1strarray	min	k	runtime	declared
shaped1strarray	min	kv	runtime	declared
shaped1strarray	min	p	runtime	declared
shaped1strarray	min	v	runtime	declared
shaped1strarray	minmax	by	runtime	declared
shaped1strarray	repeated	as	runtime	declared
shaped1strarray	repeated	with	runtime	declared
shaped1strarray	rotor	partial	runtime	declared
shaped1strarray	squish	as	runtime	declared
shaped1strarray	squish	with	runtime	declared
shaped1strarray	toggle	off	runtime	declared
shaped1strarray	unique	as	runtime	declared
shaped1strarray	unique	with	runtime	declared
shaped1uintarray	batch	elems	runtime	declared
shaped1uintarray	categorize	as	runtime	declared
shaped1uintarray	categorize	into	runtime	declared
shaped1uintarray	classify	as	runtime	declared
shaped1uintarray	classify	into	runtime	declared
shaped1uintarray	first	end	runtime	declared
shaped1uintarray	flatmap	label	runtime	declared
shaped1uintarray	map	deep	runtime	declared
shaped1uintarray	map	duck	runtime	declared
shaped1uintarray	map	flat	runtime	declared
shaped1uintarray	map	item	runtime	declared
shaped1uintarray	map	label	runtime	declared
shaped1uintarray	map	node	runtime	declared
shaped1uintarray	max	by	runtime	declared
shaped1uintarray	max	k	runtime	declared
shaped1uintarray	max	kv	runtime	declared
shaped1uintarray	max	p	runtime	declared
shaped1uintarray	max	v	runtime	declared
shaped1uintarray	min	by	runtime	declared
shaped1uintarray	min	k	runtime	declared
shaped1uintarray	min	kv	runtime	declared
shaped1uintarray	min	p	runtime	declared
shaped1uintarray	min	v	runtime	declared
shaped1uintarray	minmax	by	runtime	declared
shaped1uintarray	repeated	as	runtime	declared
shaped1uintarray	repeated	with	runtime	declared
shaped1uintarray	rotor	partial	runtime	declared
shaped1uintarray	squish	as	runtime	declared
shaped1uintarray	squish	with	runtime	declared
shaped1uintarray	toggle	off	runtime	declared
shaped1uintarray	unique	as	runtime	declared
shaped1uintarray	unique	with	runtime	declared
shaped2intarray	batch	elems	runtime	declared
shaped2intarray	categorize	as	runtime	declared
shaped2intarray	categorize	into	runtime	declared
shaped2intarray	classify	as	runtime	declared
shaped2intarray	classify	into	runtime	declared
shaped2intarray	first	end	runtime	declared
shaped2intarray	flatmap	label	runtime	declared
shaped2intarray	map	deep	runtime	declared
shaped2intarray	map	duck	runtime	declared
shaped2intarray	map	flat	runtime	declared
shaped2intarray	map	item	runtime	declared
shaped2intarray	map	label	runtime	declared
shaped2intarray	map	node	runtime	declared
shaped2intarray	max	by	runtime	declared
shaped2intarray	max	k	runtime	declared
shaped2intarray	max	kv	runtime	declared
shaped2intarray	max	p	runtime	declared
shaped2intarray	max	v	runtime	declared
shaped2intarray	min	by	runtime	declared
shaped2intarray	min	k	runtime	declared
shaped2intarray	min	kv	runtime	declared
shaped2intarray	min	p	runtime	declared
shaped2intarray	min	v	runtime	declared
shaped2intarray	minmax	by	runtime	declared
shaped2intarray	repeated	as	runtime	declared
shaped2intarray	repeated	with	runtime	declared
shaped2intarray	rotor	partial	runtime	declared
shaped2intarray	squish	as	runtime	declared
shaped2intarray	squish	with	runtime	declared
shaped2intarray	toggle	off	runtime	declared
shaped2intarray	unique	as	runtime	declared
shaped2intarray	unique	with	runtime	declared
shaped2numarray	batch	elems	runtime	declared
shaped2numarray	categorize	as	runtime	declared
shaped2numarray	categorize	into	runtime	declared
shaped2numarray	classify	as	runtime	declared
shaped2numarray	classify	into	runtime	declared
shaped2numarray	first	end	runtime	declared
shaped2numarray	flatmap	label	runtime	declared
shaped2numarray	map	deep	runtime	declared
shaped2numarray	map	duck	runtime	declared
shaped2numarray	map	flat	runtime	declared
shaped2numarray	map	item	runtime	declared
shaped2numarray	map	label	runtime	declared
shaped2numarray	map	node	runtime	declared
shaped2numarray	max	by	runtime	declared
shaped2numarray	max	k	runtime	declared
shaped2numarray	max	kv	runtime	declared
shaped2numarray	max	p	runtime	declared
shaped2numarray	max	v	runtime	declared
shaped2numarray	min	by	runtime	declared
shaped2numarray	min	k	runtime	declared
shaped2numarray	min	kv	runtime	declared
shaped2numarray	min	p	runtime	declared
shaped2numarray	min	v	runtime	declared
shaped2numarray	minmax	by	runtime	declared
shaped2numarray	repeated	as	runtime	declared
shaped2numarray	repeated	with	runtime	declared
shaped2numarray	rotor	partial	runtime	declared
shaped2numarray	squish	as	runtime	declared
shaped2numarray	squish	with	runtime	declared
shaped2numarray	toggle	off	runtime	declared
shaped2numarray	unique	as	runtime	declared
shaped2numarray	unique	with	runtime	declared
shaped2strarray	batch	elems	runtime	declared
shaped2strarray	categorize	as	runtime	declared
shaped2strarray	categorize	into	runtime	declared
shaped2strarray	classify	as	runtime	declared
shaped2strarray	classify	into	runtime	declared
shaped2strarray	first	end	runtime	declared
shaped2strarray	flatmap	label	runtime	declared
shaped2strarray	map	deep	runtime	declared
shaped2strarray	map	duck	runtime	declared
shaped2strarray	map	flat	runtime	declared
shaped2strarray	map	item	runtime	declared
shaped2strarray	map	label	runtime	declared
shaped2strarray	map	node	runtime	declared
shaped2strarray	max	by	runtime	declared
shaped2strarray	max	k	runtime	declared
shaped2strarray	max	kv	runtime	declared
shaped2strarray	max	p	runtime	declared
shaped2strarray	max	v	runtime	declared
shaped2strarray	min	by	runtime	declared
shaped2strarray	min	k	runtime	declared
shaped2strarray	min	kv	runtime	declared
shaped2strarray	min	p	runtime	declared
shaped2strarray	min	v	runtime	declared
shaped2strarray	minmax	by	runtime	declared
shaped2strarray	repeated	as	runtime	declared
shaped2strarray	repeated	with	runtime	declared
shaped2strarray	rotor	partial	runtime	declared
shaped2strarray	squish	as	runtime	declared
shaped2strarray	squish	with	runtime	declared
shaped2strarray	toggle	off	runtime	declared
shaped2strarray	unique	as	runtime	declared
shaped2strarray	unique	with	runtime	declared
shaped2uintarray	batch	elems	runtime	declared
shaped2uintarray	categorize	as	runtime	declared
shaped2uintarray	categorize	into	runtime	declared
shaped2uintarray	classify	as	runtime	declared
shaped2uintarray	classify	into	runtime	declared
shaped2uintarray	first	end	runtime	declared
shaped2uintarray	flatmap	label	runtime	declared
shaped2uintarray	map	deep	runtime	declared
shaped2uintarray	map	duck	runtime	declared
shaped2uintarray	map	flat	runtime	declared
shaped2uintarray	map	item	runtime	declared
shaped2uintarray	map	label	runtime	declared
shaped2uintarray	map	node	runtime	declared
shaped2uintarray	max	by	runtime	declared
shaped2uintarray	max	k	runtime	declared
shaped2uintarray	max	kv	runtime	declared
shaped2uintarray	max	p	runtime	declared
shaped2uintarray	max	v	runtime	declared
shaped2uintarray	min	by	runtime	declared
shaped2uintarray	min	k	runtime	declared
shaped2uintarray	min	kv	runtime	declared
shaped2uintarray	min	p	runtime	declared
shaped2uintarray	min	v	runtime	declared
shaped2uintarray	minmax	by	runtime	declared
shaped2uintarray	repeated	as	runtime	declared
shaped2uintarray	repeated	with	runtime	declared
shaped2uintarray	rotor	partial	runtime	declared
shaped2uintarray	squish	as	runtime	declared
shaped2uintarray	squish	with	runtime	declared
shaped2uintarray	toggle	off	runtime	declared
shaped2uintarray	unique	as	runtime	declared
shaped2uintarray	unique	with	runtime	declared
shaped3intarray	batch	elems	runtime	declared
shaped3intarray	categorize	as	runtime	declared
shaped3intarray	categorize	into	runtime	declared
shaped3intarray	classify	as	runtime	declared
shaped3intarray	classify	into	runtime	declared
shaped3intarray	first	end	runtime	declared
shaped3intarray	flatmap	label	runtime	declared
shaped3intarray	map	deep	runtime	declared
shaped3intarray	map	duck	runtime	declared
shaped3intarray	map	flat	runtime	declared
shaped3intarray	map	item	runtime	declared
shaped3intarray	map	label	runtime	declared
shaped3intarray	map	node	runtime	declared
shaped3intarray	max	by	runtime	declared
shaped3intarray	max	k	runtime	declared
shaped3intarray	max	kv	runtime	declared
shaped3intarray	max	p	runtime	declared
shaped3intarray	max	v	runtime	declared
shaped3intarray	min	by	runtime	declared
shaped3intarray	min	k	runtime	declared
shaped3intarray	min	kv	runtime	declared
shaped3intarray	min	p	runtime	declared
shaped3intarray	min	v	runtime	declared
shaped3intarray	minmax	by	runtime	declared
shaped3intarray	repeated	as	runtime	declared
shaped3intarray	repeated	with	runtime	declared
shaped3intarray	rotor	partial	runtime	declared
shaped3intarray	squish	as	runtime	declared
shaped3intarray	squish	with	runtime	declared
shaped3intarray	toggle	off	runtime	declared
shaped3intarray	unique	as	runtime	declared
shaped3intarray	unique	with	runtime	declared
shaped3numarray	batch	elems	runtime	declared
shaped3numarray	categorize	as	runtime	declared
shaped3numarray	categorize	into	runtime	declared
shaped3numarray	classify	as	runtime	declared
shaped3numarray	classify	into	runtime	declared
shaped3numarray	first	end	runtime	declared
shaped3numarray	flatmap	label	runtime	declared
shaped3numarray	map	deep	runtime	declared
shaped3numarray	map	duck	runtime	declared
shaped3numarray	map	flat	runtime	declared
shaped3numarray	map	item	runtime	declared
shaped3numarray	map	label	runtime	declared
shaped3numarray	map	node	runtime	declared
shaped3numarray	max	by	runtime	declared
shaped3numarray	max	k	runtime	declared
shaped3numarray	max	kv	runtime	declared
shaped3numarray	max	p	runtime	declared
shaped3numarray	max	v	runtime	declared
shaped3numarray	min	by	runtime	declared
shaped3numarray	min	k	runtime	declared
shaped3numarray	min	kv	runtime	declared
shaped3numarray	min	p	runtime	declared
shaped3numarray	min	v	runtime	declared
shaped3numarray	minmax	by	runtime	declared
shaped3numarray	repeated	as	runtime	declared
shaped3numarray	repeated	with	runtime	declared
shaped3numarray	rotor	partial	runtime	declared
shaped3numarray	squish	as	runtime	declared
shaped3numarray	squish	with	runtime	declared
shaped3numarray	toggle	off	runtime	declared
shaped3numarray	unique	as	runtime	declared
shaped3numarray	unique	with	runtime	declared
shaped3strarray	batch	elems	runtime	declared
shaped3strarray	categorize	as	runtime	declared
shaped3strarray	categorize	into	runtime	declared
shaped3strarray	classify	as	runtime	declared
shaped3strarray	classify	into	runtime	declared
shaped3strarray	first	end	runtime	declared
shaped3strarray	flatmap	label	runtime	declared
shaped3strarray	map	deep	runtime	declared
shaped3strarray	map	duck	runtime	declared
shaped3strarray	map	flat	runtime	declared
shaped3strarray	map	item	runtime	declared
shaped3strarray	map	label	runtime	declared
shaped3strarray	map	node	runtime	declared
shaped3strarray	max	by	runtime	declared
shaped3strarray	max	k	runtime	declared
shaped3strarray	max	kv	runtime	declared
shaped3strarray	max	p	runtime	declared
shaped3strarray	max	v	runtime	declared
shaped3strarray	min	by	runtime	declared
shaped3strarray	min	k	runtime	declared
shaped3strarray	min	kv	runtime	declared
shaped3strarray	min	p	runtime	declared
shaped3strarray	min	v	runtime	declared
shaped3strarray	minmax	by	runtime	declared
shaped3strarray	repeated	as	runtime	declared
shaped3strarray	repeated	with	runtime	declared
shaped3strarray	rotor	partial	runtime	declared
shaped3strarray	squish	as	runtime	declared
shaped3strarray	squish	with	runtime	declared
shaped3strarray	toggle	off	runtime	declared
shaped3strarray	unique	as	runtime	declared
shaped3strarray	unique	with	runtime	declared
shaped3uintarray	batch	elems	runtime	declared
shaped3uintarray	categorize	as	runtime	declared
shaped3uintarray	categorize	into	runtime	declared
shaped3uintarray	classify	as	runtime	declared
shaped3uintarray	classify	into	runtime	declared
shaped3uintarray	first	end	runtime	declared
shaped3uintarray	flatmap	label	runtime	declared
shaped3uintarray	map	deep	runtime	declared
shaped3uintarray	map	duck	runtime	declared
shaped3uintarray	map	flat	runtime	declared
shaped3uintarray	map	item	runtime	declared
shaped3uintarray	map	label	runtime	declared
shaped3uintarray	map	node	runtime	declared
shaped3uintarray	max	by	runtime	declared
shaped3uintarray	max	k	runtime	declared
shaped3uintarray	max	kv	runtime	declared
shaped3uintarray	max	p	runtime	declared
shaped3uintarray	max	v	runtime	declared
shaped3uintarray	min	by	runtime	declared
shaped3uintarray	min	k	runtime	declared
shaped3uintarray	min	kv	runtime	declared
shaped3uintarray	min	p	runtime	declared
shaped3uintarray	min	v	runtime	declared
shaped3uintarray	minmax	by	runtime	declared
shaped3uintarray	repeated	as	runtime	declared
shaped3uintarray	repeated	with	runtime	declared
shaped3uintarray	rotor	partial	runtime	declared
shaped3uintarray	squish	as	runtime	declared
shaped3uintarray	squish	with	runtime	declared
shaped3uintarray	toggle	off	runtime	declared
shaped3uintarray	unique	as	runtime	declared
shaped3uintarray	unique	with	runtime	declared
shapedarray	batch	elems	runtime	declared
shapedarray	categorize	as	runtime	declared
shapedarray	categorize	into	runtime	declared
shapedarray	classify	as	runtime	declared
shapedarray	classify	into	runtime	declared
shapedarray	first	end	runtime	declared
shapedarray	flatmap	label	runtime	declared
shapedarray	map	deep	runtime	declared
shapedarray	map	duck	runtime	declared
shapedarray	map	flat	runtime	declared
shapedarray	map	item	runtime	declared
shapedarray	map	label	runtime	declared
shapedarray	map	node	runtime	declared
shapedarray	max	by	runtime	declared
shapedarray	max	k	runtime	declared
shapedarray	max	kv	runtime	declared
shapedarray	max	p	runtime	declared
shapedarray	max	v	runtime	declared
shapedarray	min	by	runtime	declared
shapedarray	min	k	runtime	declared
shapedarray	min	kv	runtime	declared
shapedarray	min	p	runtime	declared
shapedarray	min	v	runtime	declared
shapedarray	minmax	by	runtime	declared
shapedarray	repeated	as	runtime	declared
shapedarray	repeated	with	runtime	declared
shapedarray	rotor	partial	runtime	declared
shapedarray	squish	as	runtime	declared
shapedarray	squish	with	runtime	declared
shapedarray	toggle	off	runtime	declared
shapedarray	unique	as	runtime	declared
shapedarray	unique	with	runtime	declared
shapedintarray	batch	elems	runtime	declared
shapedintarray	categorize	as	runtime	declared
shapedintarray	categorize	into	runtime	declared
shapedintarray	classify	as	runtime	declared
shapedintarray	classify	into	runtime	declared
shapedintarray	first	end	runtime	declared
shapedintarray	flatmap	label	runtime	declared
shapedintarray	map	deep	runtime	declared
shapedintarray	map	duck	runtime	declared
shapedintarray	map	flat	runtime	declared
shapedintarray	map	item	runtime	declared
shapedintarray	map	label	runtime	declared
shapedintarray	map	node	runtime	declared
shapedintarray	max	by	runtime	declared
shapedintarray	max	k	runtime	declared
shapedintarray	max	kv	runtime	declared
shapedintarray	max	p	runtime	declared
shapedintarray	max	v	runtime	declared
shapedintarray	min	by	runtime	declared
shapedintarray	min	k	runtime	declared
shapedintarray	min	kv	runtime	declared
shapedintarray	min	p	runtime	declared
shapedintarray	min	v	runtime	declared
shapedintarray	minmax	by	runtime	declared
shapedintarray	repeated	as	runtime	declared
shapedintarray	repeated	with	runtime	declared
shapedintarray	rotor	partial	runtime	declared
shapedintarray	squish	as	runtime	declared
shapedintarray	squish	with	runtime	declared
shapedintarray	toggle	off	runtime	declared
shapedintarray	unique	as	runtime	declared
shapedintarray	unique	with	runtime	declared
shapednumarray	batch	elems	runtime	declared
shapednumarray	categorize	as	runtime	declared
shapednumarray	categorize	into	runtime	declared
shapednumarray	classify	as	runtime	declared
shapednumarray	classify	into	runtime	declared
shapednumarray	first	end	runtime	declared
shapednumarray	flatmap	label	runtime	declared
shapednumarray	map	deep	runtime	declared
shapednumarray	map	duck	runtime	declared
shapednumarray	map	flat	runtime	declared
shapednumarray	map	item	runtime	declared
shapednumarray	map	label	runtime	declared
shapednumarray	map	node	runtime	declared
shapednumarray	max	by	runtime	declared
shapednumarray	max	k	runtime	declared
shapednumarray	max	kv	runtime	declared
shapednumarray	max	p	runtime	declared
shapednumarray	max	v	runtime	declared
shapednumarray	min	by	runtime	declared
shapednumarray	min	k	runtime	declared
shapednumarray	min	kv	runtime	declared
shapednumarray	min	p	runtime	declared
shapednumarray	min	v	runtime	declared
shapednumarray	minmax	by	runtime	declared
shapednumarray	repeated	as	runtime	declared
shapednumarray	repeated	with	runtime	declared
shapednumarray	rotor	partial	runtime	declared
shapednumarray	squish	as	runtime	declared
shapednumarray	squish	with	runtime	declared
shapednumarray	toggle	off	runtime	declared
shapednumarray	unique	as	runtime	declared
shapednumarray	unique	with	runtime	declared
shapedstrarray	batch	elems	runtime	declared
shapedstrarray	categorize	as	runtime	declared
shapedstrarray	categorize	into	runtime	declared
shapedstrarray	classify	as	runtime	declared
shapedstrarray	classify	into	runtime	declared
shapedstrarray	first	end	runtime	declared
shapedstrarray	flatmap	label	runtime	declared
shapedstrarray	map	deep	runtime	declared
shapedstrarray	map	duck	runtime	declared
shapedstrarray	map	flat	runtime	declared
shapedstrarray	map	item	runtime	declared
shapedstrarray	map	label	runtime	declared
shapedstrarray	map	node	runtime	declared
shapedstrarray	max	by	runtime	declared
shapedstrarray	max	k	runtime	declared
shapedstrarray	max	kv	runtime	declared
shapedstrarray	max	p	runtime	declared
shapedstrarray	max	v	runtime	declared
shapedstrarray	min	by	runtime	declared
shapedstrarray	min	k	runtime	declared
shapedstrarray	min	kv	runtime	declared
shapedstrarray	min	p	runtime	declared
shapedstrarray	min	v	runtime	declared
shapedstrarray	minmax	by	runtime	declared
shapedstrarray	repeated	as	runtime	declared
shapedstrarray	repeated	with	runtime	declared
shapedstrarray	rotor	partial	runtime	declared
shapedstrarray	squish	as	runtime	declared
shapedstrarray	squish	with	runtime	declared
shapedstrarray	toggle	off	runtime	declared
shapedstrarray	unique	as	runtime	declared
shapedstrarray	unique	with	runtime	declared
shapeduintarray	batch	elems	runtime	declared
shapeduintarray	categorize	as	runtime	declared
shapeduintarray	categorize	into	runtime	declared
shapeduintarray	classify	as	runtime	declared
shapeduintarray	classify	into	runtime	declared
shapeduintarray	first	end	runtime	declared
shapeduintarray	flatmap	label	runtime	declared
shapeduintarray	map	deep	runtime	declared
shapeduintarray	map	duck	runtime	declared
shapeduintarray	map	flat	runtime	declared
shapeduintarray	map	item	runtime	declared
shapeduintarray	map	label	runtime	declared
shapeduintarray	map	node	runtime	declared
shapeduintarray	max	by	runtime	declared
shapeduintarray	max	k	runtime	declared
shapeduintarray	max	kv	runtime	declared
shapeduintarray	max	p	runtime	declared
shapeduintarray	max	v	runtime	declared
shapeduintarray	min	by	runtime	declared
shapeduintarray	min	k	runtime	declared
shapeduintarray	min	kv	runtime	declared
shapeduintarray	min	p	runtime	declared
shapeduintarray	min	v	runtime	declared
shapeduintarray	minmax	by	runtime	declared
shapeduintarray	repeated	as	runtime	declared
shapeduintarray	repeated	with	runtime	declared
shapeduintarray	rotor	partial	runtime	declared
shapeduintarray	squish	as	runtime	declared
shapeduintarray	squish	with	runtime	declared
shapeduintarray	toggle	off	runtime	declared
shapeduintarray	unique	as	runtime	declared
shapeduintarray	unique	with	runtime	declared
strarray	batch	elems	runtime	declared
strarray	categorize	as	runtime	declared
strarray	categorize	into	runtime	declared
strarray	classify	as	runtime	declared
strarray	classify	into	runtime	declared
strarray	first	end	runtime	declared
strarray	flatmap	label	runtime	declared
strarray	map	deep	runtime	declared
strarray	map	duck	runtime	declared
strarray	map	flat	runtime	declared
strarray	map	item	runtime	declared
strarray	map	label	runtime	declared
strarray	map	node	runtime	declared
strarray	max	by	runtime	declared
strarray	max	k	runtime	declared
strarray	max	kv	runtime	declared
strarray	max	p	runtime	declared
strarray	max	v	runtime	declared
strarray	min	by	runtime	declared
strarray	min	k	runtime	declared
strarray	min	kv	runtime	declared
strarray	min	p	runtime	declared
strarray	min	v	runtime	declared
strarray	minmax	by	runtime	declared
strarray	repeated	as	runtime	declared
strarray	repeated	with	runtime	declared
strarray	rotor	partial	runtime	declared
strarray	squish	as	runtime	declared
strarray	squish	with	runtime	declared
strarray	toggle	off	runtime	declared
strarray	unique	as	runtime	declared
strarray	unique	with	runtime	declared
sub	comb	match	runtime	via sub.comb -> Cool.comb
sub	open	a	runtime	via sub.open -> IO::Handle.open
sub	open	append	runtime	via sub.open -> IO::Handle.open
sub	open	bin	runtime	via sub.open -> IO::Handle.open
sub	open	chomp	runtime	via sub.open -> IO::Handle.open
sub	open	create	runtime	via sub.open -> IO::Handle.open
sub	open	enc	runtime	via sub.open -> IO::Handle.open
sub	open	exclusive	runtime	via sub.open -> IO::Handle.open
sub	open	mode	runtime	via sub.open -> IO::Handle.open
sub	open	nl-in	runtime	via sub.open -> IO::Handle.open
sub	open	nl-out	runtime	via sub.open -> IO::Handle.open
sub	open	out-buffer	runtime	via sub.open -> IO::Handle.open
sub	open	r	runtime	via sub.open -> IO::Handle.open
sub	open	ra	runtime	via sub.open -> IO::Handle.open
sub	open	rw	runtime	via sub.open -> IO::Handle.open
sub	open	rx	runtime	via sub.open -> IO::Handle.open
sub	open	truncate	runtime	via sub.open -> IO::Handle.open
sub	open	update	runtime	via sub.open -> IO::Handle.open
sub	open	w	runtime	via sub.open -> IO::Handle.open
sub	open	x	runtime	via sub.open -> IO::Handle.open
sub	slurp	bin	runtime	via sub.slurp -> IO::Handle.slurp
sub	slurp	close	runtime	via sub.slurp -> IO::Handle.slurp
sub	spurt	close	runtime	via sub.spurt -> IO::Handle.spurt
sub	to-json	level	runtime	via sub.to-json -> Rakudo::Internals::JSON.to-json
sub	to-json	pretty	runtime	via sub.to-json -> Rakudo::Internals::JSON.to-json
sub	to-json	sorted-keys	runtime	via sub.to-json -> Rakudo::Internals::JSON.to-json
sub	to-json	spacing	runtime	via sub.to-json -> Rakudo::Internals::JSON.to-json
uintarray	batch	elems	runtime	declared
uintarray	categorize	as	runtime	declared
uintarray	categorize	into	runtime	declared
uintarray	classify	as	runtime	declared
uintarray	classify	into	runtime	declared
uintarray	first	end	runtime	declared
uintarray	flatmap	label	runtime	declared
uintarray	map	deep	runtime	declared
uintarray	map	duck	runtime	declared
uintarray	map	flat	runtime	declared
uintarray	map	item	runtime	declared
uintarray	map	label	runtime	declared
uintarray	map	node	runtime	declared
uintarray	max	by	runtime	declared
uintarray	max	k	runtime	declared
uintarray	max	kv	runtime	declared
uintarray	max	p	runtime	declared
uintarray	max	v	runtime	declared
uintarray	min	by	runtime	declared
uintarray	min	k	runtime	declared
uintarray	min	kv	runtime	declared
uintarray	min	p	runtime	declared
uintarray	min	v	runtime	declared
uintarray	minmax	by	runtime	declared
uintarray	repeated	as	runtime	declared
uintarray	repeated	with	runtime	declared
uintarray	rotor	partial	runtime	declared
uintarray	squish	as	runtime	declared
uintarray	squish	with	runtime	declared
uintarray	toggle	off	runtime	declared
uintarray	unique	as	runtime	declared
uintarray	unique	with	runtime	declared
utf16	STORE	INITIALIZE	runtime	declared
utf16	decode	replacement	runtime	declared
utf16	decode	strict	runtime	declared
utf32	STORE	INITIALIZE	runtime	declared
utf32	decode	replacement	runtime	declared
utf32	decode	strict	runtime	declared
utf8	STORE	INITIALIZE	runtime	declared
utf8	decode	replacement	runtime	declared
utf8	decode	strict	runtime	declared
